{"number_of_lines": 2549, "number_of_things": 329, "number_of_sectors": 323, "number_of_subsectors": 1565, "number_of_vertices": 2506, "x_max": 4992, "y_max": 4416, "x_min": -1984, "y_min": -2656, "height": 7073, "width": 6977, "aspect_ratio": 1.0137594954851656, "floor_height_max": 1000.0, "floor_height_min": -512.0, "floor_height_avg": 66.41176470588235, "ceiling_height_max": 1500.0, "ceiling_height_min": -150.0, "ceiling_height_avg": 290.312693498452, "room_height_max": 1550.0, "room_height_min": 0.0, "room_height_avg": 223.90092879256966, "sector_area_max": 14550784.0, "sector_area_min": 16.0, "sector_area_avg": 93945.75851393188, "lines_per_sector_max": 119.0, "lines_per_sector_min": 3.0, "lines_per_sector_avg": 13.424148606811146, "sector_aspect_ratio_max": 64.5, "sector_aspect_ratio_min": 1.0, "sector_aspect_ratio_avg": 3.6185641232640506, "floors": 6, "level_area": 28534, "floors_area_mean": 4755.666666666667, "floors_area_min": 5, "floors_area_max": 28433, "floors_area_std": 10588.837844111546, "level_bbox_area": 48618, "level_convex_area": 38516, "floors_convex_area_mean": 6436.333333333333, "floors_convex_area_min": 5, "floors_convex_area_max": 38516, "floors_convex_area_std": 14346.472257047104, "level_eccentricity": 0.8483413967979979, "floors_eccentricity_mean": 0.8650886300658169, "floors_eccentricity_min": 0.6854746668810033, "floors_eccentricity_max": 1.0, "floors_eccentricity_std": 0.10912891238119832, "level_equivalent_diameter": 190.60592112910115, "floors_equivalent_diameter_mean": 35.57030737378894, "floors_equivalent_diameter_min": 2.5231325220201604, "floors_equivalent_diameter_max": 190.26828420799637, "floors_equivalent_diameter_std": 69.20878625516438, "level_euler_number": -13, "floors_euler_number_mean": -2.1666666666666665, "floors_euler_number_min": -18, "floors_euler_number_max": 1, "floors_euler_number_std": 7.080881928749334, "level_extent": 0.5869019704636143, "floors_extent_mean": 0.9141374250963293, "floors_extent_min": 0.5848245505779752, "floors_extent_max": 1.0, "floors_extent_std": 0.15173241973303386, "level_filled_area": 29032, "floors_filled_area_mean": 4838.666666666667, "floors_filled_area_min": 5, "floors_filled_area_max": 28931, "floors_filled_area_std": 10774.431271404643, "level_major_axis_length": 306.73034413779817, "floors_major_axis_length_mean": 58.23176697012685, "floors_major_axis_length_min": 3.265986323710904, "floors_major_axis_length_max": 307.19160916468195, "floors_major_axis_length_std": 111.48501796822575, "level_minor_axis_length": 162.39825671930788, "floors_minor_axis_length_mean": 29.1953925115657, "floors_minor_axis_length_min": 0.0, "floors_minor_axis_length_max": 162.4958084912001, "floors_minor_axis_length_std": 59.62825524333162, "level_orientation": 0.9262517668746815, "floors_orientation_mean": 0.4495854399562627, "floors_orientation_min": -1.3709057776734983, "floors_orientation_max": 1.5707963267948966, "floors_orientation_std": 1.037659902646508, "level_perimeter": 2023.2508293825822, "floors_perimeter_mean": 337.20847156376374, "floors_perimeter_min": 3.0, "floors_perimeter_max": 1948.008188695463, "floors_perimeter_std": 720.4589320093249, "level_solidity": 0.740834977671617, "floors_solidity_mean": 0.9475968519804029, "floors_solidity_min": 0.738212690829785, "floors_solidity_max": 1.0, "floors_solidity_std": 0.09559126425471794, "level_hu_moment_0": 0.2638446629467528, "level_hu_moment_1": 0.021996031254582035, "level_hu_moment_2": 0.004522948108349231, "level_hu_moment_3": 0.0003229109035611397, "level_hu_moment_4": -1.3167608296527756e-07, "level_hu_moment_5": -2.021925649870184e-05, "level_hu_moment_6": -3.6735654328103106e-07, "level_centroid_x": 93.82456017382772, "level_centroid_y": 127.65090768907268, "number_of_artifacts": 21, "number_of_powerups": 25, "number_of_weapons": 6, "number_of_ammunitions": 39, "number_of_keys": 2, "number_of_monsters": 171, "number_of_obstacles": 13, "number_of_decorations": 4, "walkable_area": 26847, "walkable_percentage": 0.9408775495899628, "start_location_x_px": 62, "start_location_y_px": 69, "artifacts_per_walkable_area": 0.0007822103028271315, "powerups_per_walkable_area": 0.0009312027414608709, "weapons_per_walkable_area": 0.00022348865795060902, "ammunitions_per_walkable_area": 0.0014526762766789586, "keys_per_walkable_area": 7.449621931686966e-05, "monsters_per_walkable_area": 0.006369426751592357, "obstacles_per_walkable_area": 0.00048422542555965286, "decorations_per_walkable_area": 0.00014899243863373933, "nodes": 72, "avg-path-length": 3.155601092896175, "diameter-mean": 6.5, "art-points": 24, "assortativity-mean": -0.2528546933712743, "betw-cen": NaN, "closn-cen": NaN, "distmap-max": 94.0, "distmap-mean": -Infinity, "distmap-var": 0.0, "distmap-skew": 0, "distmap-kurt": 0.0, "distmap-Q1": 0.0, "distmap-Q2": 0.02404426559356137, "distmap-Q3": 0.11445338698859824, "path_wallmap": "AV_MAP03_wallmap.png", "path_heightmap": "AV_MAP03_heightmap.png", "path_triggermap": "AV_MAP03_triggermap.png", "path_thingsmap": "AV_MAP03_thingsmap.png", "path_floormap": "AV_MAP03_floormap.png", "path_roommap": "AV_MAP03_roommap.png", "slot": "MAP03", "path_json": "AV_MAP03.json"}