{"number_of_lines": 4816, "number_of_things": 540, "number_of_sectors": 752, "number_of_subsectors": 2535, "number_of_vertices": 4585, "x_max": 5576, "y_max": 4192, "x_min": -1616, "y_min": -2528, "height": 6721, "width": 7193, "aspect_ratio": 1.0702276446957297, "floor_height_max": 1076.0, "floor_height_min": -1000.0, "floor_height_avg": 4.1662234042553195, "ceiling_height_max": 1076.0, "ceiling_height_min": -128.0, "ceiling_height_avg": 139.36968085106383, "room_height_max": 1128.0, "room_height_min": -8.0, "room_height_avg": 135.2034574468085, "sector_area_max": 1141568.0, "sector_area_min": 64.0, "sector_area_avg": 16391.474734042553, "lines_per_sector_max": 100.0, "lines_per_sector_min": 3.0, "lines_per_sector_avg": 9.674202127659575, "sector_aspect_ratio_max": 84.33333333333333, "sector_aspect_ratio_min": 1.0, "sector_aspect_ratio_avg": 3.3528233323797436, "floors": 20, "level_area": 13070, "floors_area_mean": 653.5, "floors_area_min": 4, "floors_area_max": 3314, "floors_area_std": 1008.6428257812574, "level_bbox_area": 47053, "level_convex_area": 35681, "floors_convex_area_mean": 934.25, "floors_convex_area_min": 4, "floors_convex_area_max": 4297, "floors_convex_area_std": 1367.8592718185596, "level_eccentricity": 0.762606651665421, "floors_eccentricity_mean": 0.7019662676960587, "floors_eccentricity_min": 0.0, "floors_eccentricity_max": 1.0, "floors_eccentricity_std": 0.30971700381953354, "level_equivalent_diameter": 129.00093352254694, "floors_equivalent_diameter_mean": 19.94760974961604, "floors_equivalent_diameter_min": 2.256758334191025, "floors_equivalent_diameter_max": 64.95780054198518, "floors_equivalent_diameter_std": 20.83638422955029, "level_euler_number": -16, "floors_euler_number_mean": -0.8, "floors_euler_number_min": -14, "floors_euler_number_max": 1, "floors_euler_number_std": 3.854867053479277, "level_extent": 0.27777187426944083, "floors_extent_mean": 0.7313272825618814, "floors_extent_min": 0.33064516129032256, "floors_extent_max": 1.0, "floors_extent_std": 0.25804887254634723, "level_filled_area": 13318, "floors_filled_area_mean": 665.9, "floors_filled_area_min": 4, "floors_filled_area_max": 3377, "floors_filled_area_std": 1032.0377851609892, "level_major_axis_length": 272.07319688421376, "floors_major_axis_length_mean": 31.869134091606174, "floors_major_axis_length_min": 2.0, "floors_major_axis_length_max": 104.05444789111748, "floors_major_axis_length_std": 33.884455876938965, "level_minor_axis_length": 175.9939485149707, "floors_minor_axis_length_mean": 16.65227691143337, "floors_minor_axis_length_min": 0.0, "floors_minor_axis_length_max": 55.071053771839495, "floors_minor_axis_length_std": 17.787511106076593, "level_orientation": -0.844112393466012, "floors_orientation_mean": 0.0018582069858353923, "floors_orientation_min": -1.5615660458966822, "floors_orientation_max": 1.5707963267948966, "floors_orientation_std": 1.098745256991023, "level_perimeter": 2975.201189595526, "floors_perimeter_mean": 148.7600594797763, "floors_perimeter_min": 3.0, "floors_perimeter_max": 697.1076477383247, "floors_perimeter_std": 200.479270539216, "level_solidity": 0.3663013928981811, "floors_solidity_mean": 0.8354307447485955, "floors_solidity_min": 0.507057546145494, "floors_solidity_max": 1.0, "floors_solidity_std": 0.18118217878148118, "level_hu_moment_0": 0.5020930297278419, "level_hu_moment_1": 0.04237934636081651, "level_hu_moment_2": 0.02084378250135623, "level_hu_moment_3": 0.001477732008694792, "level_hu_moment_4": -7.807735704341774e-06, "level_hu_moment_5": 3.849108703530786e-05, "level_hu_moment_6": -2.510040356500923e-06, "level_centroid_x": 100.83940321346596, "level_centroid_y": 107.39510328997704, "number_of_artifacts": 10, "number_of_powerups": 12, "number_of_weapons": 8, "number_of_ammunitions": 41, "number_of_keys": 1, "number_of_monsters": 266, "number_of_obstacles": 102, "number_of_decorations": 0, "walkable_area": 10167, "walkable_percentage": 0.7778882938026014, "start_location_x_px": 10, "start_location_y_px": 6, "artifacts_per_walkable_area": 0.000983574309039048, "powerups_per_walkable_area": 0.0011802891708468574, "weapons_per_walkable_area": 0.0007868594472312384, "ammunitions_per_walkable_area": 0.0040326546670600965, "keys_per_walkable_area": 9.83574309039048e-05, "monsters_per_walkable_area": 0.026163076620438673, "obstacles_per_walkable_area": 0.010032457952198289, "decorations_per_walkable_area": 0.0, "nodes": 139, "avg-path-length": 2.563212393543276, "diameter-mean": 5.583333333333333, "art-points": 56, "assortativity-mean": 0, "betw-cen": NaN, "closn-cen": NaN, "distmap-max": 17.11724276862369, "distmap-mean": -Infinity, "distmap-var": 0.0, "distmap-skew": 0, "distmap-kurt": 0.0, "distmap-Q1": 0.0, "distmap-Q2": 0.0006347191367819739, "distmap-Q3": 0.0032264889453083676, "path_wallmap": "AV_MAP31_wallmap.png", "path_heightmap": "AV_MAP31_heightmap.png", "path_triggermap": "AV_MAP31_triggermap.png", "path_thingsmap": "AV_MAP31_thingsmap.png", "path_floormap": "AV_MAP31_floormap.png", "path_roommap": "AV_MAP31_roommap.png", "slot": "MAP31", "path_json": "AV_MAP31.json"}