{"number_of_lines": 914, "number_of_things": 608, "number_of_sectors": 107, "number_of_subsectors": 543, "number_of_vertices": 901, "x_max": 896, "y_max": 976, "x_min": -2432, "y_min": -3904, "height": 4881, "width": 3329, "aspect_ratio": 1.4662060678882547, "floor_height_max": 240.0, "floor_height_min": -230.0, "floor_height_avg": -19.64485981308411, "ceiling_height_max": 300.0, "ceiling_height_min": -130.0, "ceiling_height_avg": 143.86915887850466, "room_height_max": 350.0, "room_height_min": 0.0, "room_height_avg": 163.51401869158877, "sector_area_max": 956928.0, "sector_area_min": 256.0, "sector_area_avg": 49958.280373831774, "lines_per_sector_max": 136.0, "lines_per_sector_min": 4.0, "lines_per_sector_avg": 14.14018691588785, "sector_aspect_ratio_max": 17.0, "sector_aspect_ratio_min": 1.0, "sector_aspect_ratio_avg": 3.4630906781382422, "floors": 9, "level_area": 5532, "floors_area_mean": 614.6666666666666, "floors_area_min": 5, "floors_area_max": 5078, "floors_area_std": 1580.397769901967, "level_bbox_area": 16065, "level_convex_area": 11411, "floors_convex_area_mean": 989.4444444444445, "floors_convex_area_min": 5, "floors_convex_area_max": 8449, "floors_convex_area_std": 2638.769330624963, "level_eccentricity": 0.7811500200932383, "floors_eccentricity_mean": 0.5466376303271905, "floors_eccentricity_min": 0.0, "floors_eccentricity_max": 1.0, "floors_eccentricity_std": 0.4142979139953448, "level_equivalent_diameter": 83.925926634592, "floors_equivalent_diameter_mean": 15.007628524626849, "floors_equivalent_diameter_min": 2.5231325220201604, "floors_equivalent_diameter_max": 80.40839762217101, "floors_equivalent_diameter_std": 23.609087083099023, "level_euler_number": -1, "floors_euler_number_mean": -0.1111111111111111, "floors_euler_number_min": -9, "floors_euler_number_max": 1, "floors_euler_number_std": 3.1426968052735447, "level_extent": 0.34435107376283847, "floors_extent_mean": 0.916443931432457, "floors_extent_min": 0.4248661311914324, "floors_extent_max": 1.0, "floors_extent_std": 0.17753829087174083, "level_filled_area": 5710, "floors_filled_area_mean": 634.4444444444445, "floors_filled_area_min": 5, "floors_filled_area_max": 5256, "floors_filled_area_std": 1636.2567111218698, "level_major_axis_length": 141.4364958361246, "floors_major_axis_length_mean": 24.61244448512301, "floors_major_axis_length_min": 3.265986323710904, "floors_major_axis_length_max": 141.2714128540216, "floors_major_axis_length_std": 42.055695797570074, "level_minor_axis_length": 88.30493872830037, "floors_minor_axis_length_mean": 12.165164962967776, "floors_minor_axis_length_min": 0.0, "floors_minor_axis_length_max": 69.31400225953874, "floors_minor_axis_length_std": 20.49138416769039, "level_orientation": -1.5175428182263384, "floors_orientation_mean": 0.23898908616840955, "floors_orientation_min": -1.4374508245977444, "floors_orientation_max": 1.5707963267948966, "floors_orientation_std": 0.9279896316522213, "level_perimeter": 1022.2853172679884, "floors_perimeter_mean": 113.58725747422093, "floors_perimeter_min": 3.0, "floors_perimeter_max": 844.4568901432422, "floors_perimeter_std": 259.11144056928276, "level_solidity": 0.4847953728858119, "floors_solidity_mean": 0.9504041906512999, "floors_solidity_min": 0.6010178719375074, "floors_solidity_max": 1.0, "floors_solidity_std": 0.12390816122196936, "level_hu_moment_0": 0.3141048056558543, "level_hu_moment_1": 0.019018639070352526, "level_hu_moment_2": 0.017638932302961395, "level_hu_moment_3": 0.0022567960741270887, "level_hu_moment_4": 5.681337219922205e-06, "level_hu_moment_5": 0.00022889992603714363, "level_hu_moment_6": -1.3056300560589228e-05, "level_centroid_x": 45.13051337671728, "level_centroid_y": 87.31670281995662, "number_of_artifacts": 13, "number_of_powerups": 22, "number_of_weapons": 6, "number_of_ammunitions": 113, "number_of_keys": 3, "number_of_monsters": 397, "number_of_obstacles": 8, "number_of_decorations": 4, "walkable_area": 4927, "walkable_percentage": 0.8906362979031092, "start_location_x_px": 8, "start_location_y_px": 146, "artifacts_per_walkable_area": 0.002638522427440633, "powerups_per_walkable_area": 0.004465191800284148, "weapons_per_walkable_area": 0.0012177795818956768, "ammunitions_per_walkable_area": 0.02293484879236858, "keys_per_walkable_area": 0.0006088897909478384, "monsters_per_walkable_area": 0.08057641566876396, "obstacles_per_walkable_area": 0.0016237061091942358, "decorations_per_walkable_area": 0.0008118530545971179, "nodes": 56, "avg-path-length": 3.1960898180410378, "diameter-mean": 7.333333333333333, "art-points": 22, "assortativity-mean": 0.07025586353944573, "betw-cen": NaN, "closn-cen": NaN, "distmap-max": 15.0, "distmap-mean": -Infinity, "distmap-var": 0.0, "distmap-skew": 0, "distmap-kurt": 0.0, "distmap-Q1": 0.0, "distmap-Q2": 0.02020843354176687, "distmap-Q3": 0.053143338143338124, "path_wallmap": "AV_MAP32_wallmap.png", "path_heightmap": "AV_MAP32_heightmap.png", "path_triggermap": "AV_MAP32_triggermap.png", "path_thingsmap": "AV_MAP32_thingsmap.png", "path_floormap": "AV_MAP32_floormap.png", "path_roommap": "AV_MAP32_roommap.png", "slot": "MAP32", "path_json": "AV_MAP32.json"}