{"number_of_lines": 5295, "number_of_things": 387, "number_of_sectors": 664, "number_of_subsectors": 3642, "number_of_vertices": 5179, "x_max": 2153, "y_max": 5850, "x_min": -3840, "y_min": -1920, "height": 7771, "width": 5994, "aspect_ratio": 1.296463129796463, "floor_height_max": 265.0, "floor_height_min": -200.0, "floor_height_avg": 48.536144578313255, "ceiling_height_max": 500.0, "ceiling_height_min": -150.0, "ceiling_height_avg": 241.07680722891567, "room_height_max": 550.0, "room_height_min": 0.0, "room_height_avg": 192.5406626506024, "sector_area_max": 6553600.0, "sector_area_min": 0.0, "sector_area_avg": 49775.12575301205, "lines_per_sector_max": 104.0, "lines_per_sector_min": 3.0, "lines_per_sector_avg": 12.90512048192771, "sector_aspect_ratio_max": 51.4, "sector_aspect_ratio_min": 1.0, "sector_aspect_ratio_avg": 2.730297367240104, "floors": 18, "level_area": 26041, "floors_area_mean": 1446.7222222222222, "floors_area_min": 1, "floors_area_max": 15434, "floors_area_std": 3779.2216395201385, "level_bbox_area": 45684, "level_convex_area": 37951, "floors_convex_area_mean": 1957.611111111111, "floors_convex_area_min": 1, "floors_convex_area_max": 20432, "floors_convex_area_std": 5010.713734244176, "level_eccentricity": 0.7914164749381294, "floors_eccentricity_mean": 0.5879829172406148, "floors_eccentricity_min": 0.0, "floors_eccentricity_max": 0.9892536992067079, "floors_eccentricity_std": 0.37929434048660665, "level_equivalent_diameter": 182.08907431377747, "floors_equivalent_diameter_mean": 20.74544427319546, "floors_equivalent_diameter_min": 1.1283791670955126, "floors_equivalent_diameter_max": 140.18266345537347, "floors_equivalent_diameter_std": 37.57193747317547, "level_euler_number": -72, "floors_euler_number_mean": -4.0, "floors_euler_number_min": -72, "floors_euler_number_max": 1, "floors_euler_number_std": 16.944353369518446, "level_extent": 0.5700245162420103, "floors_extent_mean": 0.7342902372599514, "floors_extent_min": 0.20833333333333334, "floors_extent_max": 1.0, "floors_extent_std": 0.24412962675691535, "level_filled_area": 27535, "floors_filled_area_mean": 1529.9444444444443, "floors_filled_area_min": 1, "floors_filled_area_max": 16874, "floors_filled_area_std": 4079.6179079285544, "level_major_axis_length": 281.4244412001569, "floors_major_axis_length_mean": 28.205470803452002, "floors_major_axis_length_min": 0.0, "floors_major_axis_length_max": 195.23904985004256, "floors_major_axis_length_std": 50.76430060495047, "level_minor_axis_length": 172.02837848709993, "floors_minor_axis_length_mean": 20.464423865228447, "floors_minor_axis_length_min": 0.0, "floors_minor_axis_length_max": 135.6167970053908, "floors_minor_axis_length_std": 38.405018534568, "level_orientation": 1.198769455895289, "floors_orientation_mean": 0.34572251608152604, "floors_orientation_min": -1.1383934685526413, "floors_orientation_max": 1.5707963267948966, "floors_orientation_std": 0.9258045344255379, "level_perimeter": 3771.0186489007283, "floors_perimeter_mean": 209.50103605004045, "floors_perimeter_min": 0.0, "floors_perimeter_max": 2047.122112556947, "floors_perimeter_std": 519.4715300947596, "level_solidity": 0.6861742773576454, "floors_solidity_mean": 0.8738562232161413, "floors_solidity_min": 0.4726477024070022, "floors_solidity_max": 1.0, "floors_solidity_std": 0.15474908340557816, "level_hu_moment_0": 0.26111103430580973, "level_hu_moment_1": 0.014174649090544165, "level_hu_moment_2": 0.0003038909316866027, "level_hu_moment_3": 6.526137890397533e-05, "level_hu_moment_4": -7.576481794115418e-09, "level_hu_moment_5": 8.719825382184666e-07, "level_hu_moment_6": -5.202288776071043e-09, "level_centroid_x": 83.93974885757075, "level_centroid_y": 119.56003993702238, "number_of_artifacts": 5, "number_of_powerups": 42, "number_of_weapons": 17, "number_of_ammunitions": 63, "number_of_keys": 1, "number_of_monsters": 177, "number_of_obstacles": 52, "number_of_decorations": 0, "walkable_area": 23068, "walkable_percentage": 0.88583387734726, "start_location_x_px": 17, "start_location_y_px": 17, "artifacts_per_walkable_area": 0.00021675047685104908, "powerups_per_walkable_area": 0.0018207040055488123, "weapons_per_walkable_area": 0.0007369516212935668, "ammunitions_per_walkable_area": 0.0027310560083232184, "keys_per_walkable_area": 4.3350095370209814e-05, "monsters_per_walkable_area": 0.007672966880527137, "obstacles_per_walkable_area": 0.00225420495925091, "decorations_per_walkable_area": 0.0, "nodes": 159, "avg-path-length": 3.1899713266186036, "diameter-mean": 7.571428571428571, "art-points": 62, "assortativity-mean": 0, "betw-cen": NaN, "closn-cen": NaN, "distmap-max": 81.0, "distmap-mean": -Infinity, "distmap-var": 0.0, "distmap-skew": 0, "distmap-kurt": 0.0, "distmap-Q1": 0.0, "distmap-Q2": 0.006046924131258566, "distmap-Q3": 0.024494233985889236, "path_wallmap": "AV_MAP23_wallmap.png", "path_heightmap": "AV_MAP23_heightmap.png", "path_triggermap": "AV_MAP23_triggermap.png", "path_thingsmap": "AV_MAP23_thingsmap.png", "path_floormap": "AV_MAP23_floormap.png", "path_roommap": "AV_MAP23_roommap.png", "slot": "MAP23", "path_json": "AV_MAP23.json"}