{"number_of_lines": 7555, "number_of_things": 576, "number_of_sectors": 784, "number_of_subsectors": 4209, "number_of_vertices": 7021, "x_max": 1768, "y_max": 5120, "x_min": -3336, "y_min": -88, "height": 5209, "width": 5105, "aspect_ratio": 1.0203721841332027, "floor_height_max": 390.0, "floor_height_min": -240.0, "floor_height_avg": 10.110969387755102, "ceiling_height_max": 400.0, "ceiling_height_min": -120.0, "ceiling_height_avg": 125.42474489795919, "room_height_max": 400.0, "room_height_min": 0.0, "room_height_avg": 115.31377551020408, "sector_area_max": 331776.0, "sector_area_min": 22.0, "sector_area_avg": 10703.228316326531, "lines_per_sector_max": 153.0, "lines_per_sector_min": 3.0, "lines_per_sector_avg": 14.76530612244898, "sector_aspect_ratio_max": 73.47058823529412, "sector_aspect_ratio_min": 1.0, "sector_aspect_ratio_avg": 3.0868835974283395, "floors": 19, "level_area": 8946, "floors_area_mean": 470.8421052631579, "floors_area_min": 1, "floors_area_max": 7116, "floors_area_std": 1580.7645473050757, "level_bbox_area": 26080, "level_convex_area": 20943, "floors_convex_area_mean": 1070.578947368421, "floors_convex_area_min": 1, "floors_convex_area_max": 17830, "floors_convex_area_std": 3961.560555291437, "level_eccentricity": 0.3461407978478814, "floors_eccentricity_mean": 0.5424140269280923, "floors_eccentricity_min": 0.0, "floors_eccentricity_max": 1.0, "floors_eccentricity_std": 0.3568427496852082, "level_equivalent_diameter": 106.72582146416472, "floors_equivalent_diameter_mean": 12.220643496510473, "floors_equivalent_diameter_min": 1.1283791670955126, "floors_equivalent_diameter_max": 95.18598951702619, "floors_equivalent_diameter_std": 21.21675423524072, "level_euler_number": -28, "floors_euler_number_mean": -1.4736842105263157, "floors_euler_number_min": -40, "floors_euler_number_max": 1, "floors_euler_number_std": 9.098110972542491, "level_extent": 0.343021472392638, "floors_extent_mean": 0.7238759195577271, "floors_extent_min": 0.2728527607361963, "floors_extent_max": 1.0, "floors_extent_std": 0.23636440571643635, "level_filled_area": 9259, "floors_filled_area_mean": 487.3157894736842, "floors_filled_area_min": 1, "floors_filled_area_max": 7421, "floors_filled_area_std": 1648.300625768427, "level_major_axis_length": 160.9638797654966, "floors_major_axis_length_mean": 19.29822405957413, "floors_major_axis_length_min": 0.0, "floors_major_axis_length_max": 175.92791130489948, "floors_major_axis_length_std": 39.36585088854418, "level_minor_axis_length": 151.01350754623473, "floors_minor_axis_length_mean": 12.534920431354061, "floors_minor_axis_length_min": 0.0, "floors_minor_axis_length_max": 117.39912041890923, "floors_minor_axis_length_std": 25.82412358331777, "level_orientation": -1.2302362146051136, "floors_orientation_mean": 0.40225346901697334, "floors_orientation_min": -1.292148559236144, "floors_orientation_max": 1.5707963267948966, "floors_orientation_std": 0.9408558817160124, "level_perimeter": 3139.7667734976194, "floors_perimeter_mean": 165.25088281566417, "floors_perimeter_min": 0.0, "floors_perimeter_max": 2526.0134187980957, "floors_perimeter_std": 558.8770672268502, "level_solidity": 0.4271594327460249, "floors_solidity_mean": 0.8515705682089194, "floors_solidity_min": 0.39910263600673024, "floors_solidity_max": 1.0, "floors_solidity_std": 0.1678984927460683, "level_hu_moment_0": 0.34033681289527407, "level_hu_moment_1": 0.0004703564829731709, "level_hu_moment_2": 0.0031972514836517926, "level_hu_moment_3": 0.00017571289591961287, "level_hu_moment_4": 6.864739279112436e-08, "level_hu_moment_5": -2.626385407522459e-06, "level_hu_moment_6": 1.1239693389388972e-07, "level_centroid_x": 80.61222892913034, "level_centroid_y": 80.87994634473507, "number_of_artifacts": 32, "number_of_powerups": 53, "number_of_weapons": 15, "number_of_ammunitions": 33, "number_of_keys": 3, "number_of_monsters": 354, "number_of_obstacles": 40, "number_of_decorations": 0, "walkable_area": 6295, "walkable_percentage": 0.7036664431030628, "start_location_x_px": 46, "start_location_y_px": 67, "artifacts_per_walkable_area": 0.0050833995234312946, "powerups_per_walkable_area": 0.008419380460683083, "weapons_per_walkable_area": 0.0023828435266084196, "ammunitions_per_walkable_area": 0.005242255758538522, "keys_per_walkable_area": 0.0004765687053216839, "monsters_per_walkable_area": 0.0562351072279587, "obstacles_per_walkable_area": 0.006354249404289118, "decorations_per_walkable_area": 0.0, "nodes": 171, "avg-path-length": 4.093331049446157, "diameter-mean": 10.333333333333334, "art-points": 79, "assortativity-mean": -0.06071076011846062, "betw-cen": NaN, "closn-cen": NaN, "distmap-max": 10.0, "distmap-mean": -Infinity, "distmap-var": 0.0, "distmap-skew": 0, "distmap-kurt": 0.0, "distmap-Q1": 0.0, "distmap-Q2": 0.009537069265576053, "distmap-Q3": 0.07530455969369995, "path_wallmap": "AV_MAP10_wallmap.png", "path_heightmap": "AV_MAP10_heightmap.png", "path_triggermap": "AV_MAP10_triggermap.png", "path_thingsmap": "AV_MAP10_thingsmap.png", "path_floormap": "AV_MAP10_floormap.png", "path_roommap": "AV_MAP10_roommap.png", "slot": "MAP10", "path_json": "AV_MAP10.json"}