{"number_of_lines": 7095, "number_of_things": 3232, "number_of_sectors": 901, "number_of_subsectors": 4317, "number_of_vertices": 7429, "x_max": 19520, "y_max": 6534, "x_min": 8656, "y_min": -3456, "height": 9991, "width": 10865, "aspect_ratio": 1.087478730857772, "floor_height_max": 320.0, "floor_height_min": -512.0, "floor_height_avg": 42.4284128745838, "ceiling_height_max": 2560.0, "ceiling_height_min": -64.0, "ceiling_height_avg": 197.6237513873474, "room_height_max": 2544.0, "room_height_min": 0.0, "room_height_avg": 155.19533851276358, "sector_area_max": 2819264.0, "sector_area_min": 0.0, "sector_area_avg": 38872.9550499445, "lines_per_sector_max": 200.0, "lines_per_sector_min": 3.0, "lines_per_sector_avg": 12.243063263041066, "sector_aspect_ratio_max": 145.0, "sector_aspect_ratio_min": 1.0, "sector_aspect_ratio_avg": 4.221895774728083, "floors": 63, "level_area": 29998, "floors_area_mean": 476.1587301587302, "floors_area_min": 2, "floors_area_max": 14328, "floors_area_std": 1978.7592329004717, "level_bbox_area": 105481, "level_convex_area": 76228, "floors_convex_area_mean": 849.3809523809524, "floors_convex_area_min": 2, "floors_convex_area_max": 22637, "floors_convex_area_std": 3578.174414500999, "level_eccentricity": 0.5928239858044502, "floors_eccentricity_mean": 0.6384967450673842, "floors_eccentricity_min": 0.0, "floors_eccentricity_max": 1.0, "floors_eccentricity_std": 0.3691260827426689, "level_equivalent_diameter": 195.43448995242733, "floors_equivalent_diameter_mean": 11.815308231977765, "floors_equivalent_diameter_min": 1.5957691216057308, "floors_equivalent_diameter_max": 135.0665620979723, "floors_equivalent_diameter_std": 21.602375244225648, "level_euler_number": 27, "floors_euler_number_mean": 0.42857142857142855, "floors_euler_number_min": -19, "floors_euler_number_max": 1, "floors_euler_number_std": 2.843618786063545, "level_extent": 0.284392449825087, "floors_extent_mean": 0.8245409176287771, "floors_extent_min": 0.22640387055837563, "floors_extent_max": 1.0, "floors_extent_std": 0.2177487966142858, "level_filled_area": 30344, "floors_filled_area_mean": 481.6507936507937, "floors_filled_area_min": 2, "floors_filled_area_max": 14493, "floors_filled_area_std": 2003.641139167107, "level_major_axis_length": 331.1817129329433, "floors_major_axis_length_mean": 20.759304254887585, "floors_major_axis_length_min": 2.0, "floors_major_axis_length_max": 237.30796507835984, "floors_major_axis_length_std": 39.798622608228094, "level_minor_axis_length": 266.71125008069146, "floors_minor_axis_length_mean": 9.995295971698019, "floors_minor_axis_length_min": 0.0, "floors_minor_axis_length_max": 113.36733188132258, "floors_minor_axis_length_std": 20.814618471691787, "level_orientation": -0.9133182026187826, "floors_orientation_mean": 0.14253572205973417, "floors_orientation_min": -1.4849311735182436, "floors_orientation_max": 1.5707963267948966, "floors_orientation_std": 0.7718750493512759, "level_perimeter": 5840.367891305645, "floors_perimeter_mean": 92.70425224294677, "floors_perimeter_min": 0.0, "floors_perimeter_max": 1813.1524163602471, "floors_perimeter_std": 293.1388274226428, "level_solidity": 0.39352993650627066, "floors_solidity_mean": 0.9014422739687357, "floors_solidity_min": 0.3292577426610531, "floors_solidity_max": 1.0, "floors_solidity_std": 0.1575970522428661, "level_hu_moment_0": 0.37672556899794074, "level_hu_moment_1": 0.006449765031370245, "level_hu_moment_2": 0.012269135443254284, "level_hu_moment_3": 0.0024277105721197244, "level_hu_moment_4": 1.0632206291906886e-05, "level_hu_moment_5": 0.00019472290722169047, "level_hu_moment_6": 7.906184157809636e-06, "level_centroid_x": 175.5979398626575, "level_centroid_y": 180.91316087739182, "number_of_artifacts": 46, "number_of_powerups": 132, "number_of_weapons": 20, "number_of_ammunitions": 476, "number_of_keys": 5, "number_of_monsters": 1510, "number_of_obstacles": 373, "number_of_decorations": 162, "walkable_area": 25025, "walkable_percentage": 0.8342222814854323, "start_location_x_px": 14, "start_location_y_px": 96, "artifacts_per_walkable_area": 0.0018381618381618382, "powerups_per_walkable_area": 0.005274725274725275, "weapons_per_walkable_area": 0.0007992007992007992, "ammunitions_per_walkable_area": 0.01902097902097902, "keys_per_walkable_area": 0.0001998001998001998, "monsters_per_walkable_area": 0.06033966033966034, "obstacles_per_walkable_area": 0.014905094905094906, "decorations_per_walkable_area": 0.0064735264735264735, "nodes": 364, "avg-path-length": 3.812664598972023, "diameter-mean": 9.347826086956522, "art-points": 219, "assortativity-mean": 0.3325034396907562, "betw-cen": NaN, "closn-cen": NaN, "distmap-max": 29.0, "distmap-mean": -Infinity, "distmap-var": 0.0, "distmap-skew": 0, "distmap-kurt": 0.0, "distmap-Q1": 0.0, "distmap-Q2": 0.00036528012419524225, "distmap-Q3": 0.010766251160525394, "path_wallmap": "AV_MAP25_wallmap.png", "path_heightmap": "AV_MAP25_heightmap.png", "path_triggermap": "AV_MAP25_triggermap.png", "path_thingsmap": "AV_MAP25_thingsmap.png", "path_floormap": "AV_MAP25_floormap.png", "path_roommap": "AV_MAP25_roommap.png", "slot": "MAP25", "path_json": "AV_MAP25.json"}