{"number_of_lines": 4366, "number_of_things": 407, "number_of_sectors": 621, "number_of_subsectors": 2689, "number_of_vertices": 4525, "x_max": 696, "y_max": 416, "x_min": -2584, "y_min": -2408, "height": 2825, "width": 3281, "aspect_ratio": 1.1614159292035398, "floor_height_max": 128.0, "floor_height_min": -80.0, "floor_height_avg": 16.924315619967793, "ceiling_height_max": 256.0, "ceiling_height_min": -64.0, "ceiling_height_avg": 98.61674718196457, "room_height_max": 320.0, "room_height_min": 0.0, "room_height_avg": 81.69243156199678, "sector_area_max": 114840.0, "sector_area_min": 32.0, "sector_area_avg": 5514.135265700483, "lines_per_sector_max": 101.0, "lines_per_sector_min": 3.0, "lines_per_sector_avg": 10.592592592592593, "sector_aspect_ratio_max": 37.44444444444444, "sector_aspect_ratio_min": 1.0, "sector_aspect_ratio_avg": 2.843989435601866, "floors": 1, "level_area": 3431, "floors_area_mean": 3431.0, "floors_area_min": 3431, "floors_area_max": 3431, "floors_area_std": 0.0, "level_bbox_area": 9167, "level_convex_area": 6746, "floors_convex_area_mean": 6746.0, "floors_convex_area_min": 6746, "floors_convex_area_max": 6746, "floors_convex_area_std": 0.0, "level_eccentricity": 0.5110024767833057, "floors_eccentricity_mean": 0.5110024767833057, "floors_eccentricity_min": 0.5110024767833057, "floors_eccentricity_max": 0.5110024767833057, "floors_eccentricity_std": 0.0, "level_equivalent_diameter": 66.09451473447962, "floors_equivalent_diameter_mean": 66.09451473447962, "floors_equivalent_diameter_min": 66.09451473447962, "floors_equivalent_diameter_max": 66.09451473447962, "floors_equivalent_diameter_std": 0.0, "level_euler_number": -6, "floors_euler_number_mean": -6.0, "floors_euler_number_min": -6, "floors_euler_number_max": -6, "floors_euler_number_std": 0.0, "level_extent": 0.37427729900730883, "floors_extent_mean": 0.37427729900730883, "floors_extent_min": 0.37427729900730883, "floors_extent_max": 0.37427729900730883, "floors_extent_std": 0.0, "level_filled_area": 3640, "floors_filled_area_mean": 3640.0, "floors_filled_area_min": 3640, "floors_filled_area_max": 3640, "floors_filled_area_std": 0.0, "level_major_axis_length": 104.63135654963943, "floors_major_axis_length_mean": 104.63135654963943, "floors_major_axis_length_min": 104.63135654963943, "floors_major_axis_length_max": 104.63135654963943, "floors_major_axis_length_std": 0.0, "level_minor_axis_length": 89.93894187508569, "floors_minor_axis_length_mean": 89.93894187508569, "floors_minor_axis_length_min": 89.93894187508569, "floors_minor_axis_length_max": 89.93894187508569, "floors_minor_axis_length_std": 0.0, "level_orientation": 0.28674145165009973, "floors_orientation_mean": 0.28674145165009973, "floors_orientation_min": 0.28674145165009973, "floors_orientation_max": 0.28674145165009973, "floors_orientation_std": 0.0, "level_perimeter": 1055.5889244992065, "floors_perimeter_mean": 1055.5889244992065, "floors_perimeter_min": 1055.5889244992065, "floors_perimeter_max": 1055.5889244992065, "floors_perimeter_std": 0.0, "level_solidity": 0.5085976875185295, "floors_solidity_mean": 0.5085976875185295, "floors_solidity_min": 0.5085976875185295, "floors_solidity_max": 0.5085976875185295, "floors_solidity_std": 0.0, "level_hu_moment_0": 0.3467781630542811, "level_hu_moment_1": 0.0027118024145334372, "level_hu_moment_2": 0.011962146185764253, "level_hu_moment_3": 0.0002113950645562773, "level_hu_moment_4": -3.5428884003527107e-08, "level_hu_moment_5": 8.086375941124185e-06, "level_hu_moment_6": 3.342884193382559e-07, "level_centroid_x": 53.912561935295834, "level_centroid_y": 40.102593995919555, "number_of_artifacts": 75, "number_of_powerups": 8, "number_of_weapons": 7, "number_of_ammunitions": 45, "number_of_keys": 1, "number_of_monsters": 79, "number_of_obstacles": 6, "number_of_decorations": 143, "walkable_area": 2093, "walkable_percentage": 0.6100262314194113, "start_location_x_px": 1, "start_location_y_px": 28, "artifacts_per_walkable_area": 0.0358337314859054, "powerups_per_walkable_area": 0.003822264691829909, "weapons_per_walkable_area": 0.0033444816053511705, "ammunitions_per_walkable_area": 0.02150023889154324, "keys_per_walkable_area": 0.00047778308647873863, "monsters_per_walkable_area": 0.03774486383182035, "obstacles_per_walkable_area": 0.002866698518872432, "decorations_per_walkable_area": 0.06832298136645963, "nodes": 49, "avg-path-length": 9.904761904761905, "diameter-mean": 26.0, "art-points": 23, "assortativity-mean": 0.06902086677367521, "betw-cen": NaN, "closn-cen": NaN, "distmap-max": 7.615773105863909, "distmap-mean": -Infinity, "distmap-var": 0.0, "distmap-skew": 0, "distmap-kurt": 0.0, "distmap-Q1": 0.024822695035460994, "distmap-Q2": 0.11391843971631205, "distmap-Q3": 0.3457446808510638, "path_wallmap": "AV_MAP21_wallmap.png", "path_heightmap": "AV_MAP21_heightmap.png", "path_triggermap": "AV_MAP21_triggermap.png", "path_thingsmap": "AV_MAP21_thingsmap.png", "path_floormap": "AV_MAP21_floormap.png", "path_roommap": "AV_MAP21_roommap.png", "slot": "MAP21", "path_json": "AV_MAP21.json"}