{"number_of_lines": 3005, "number_of_things": 916, "number_of_sectors": 469, "number_of_subsectors": 1748, "number_of_vertices": 3267, "x_max": 3264, "y_max": 2240, "x_min": -5056, "y_min": -5976, "height": 8217, "width": 8321, "aspect_ratio": 1.0126566873554825, "floor_height_max": 348.0, "floor_height_min": -256.0, "floor_height_avg": 44.23880597014925, "ceiling_height_max": 500.0, "ceiling_height_min": -200.0, "ceiling_height_avg": 159.18550106609808, "room_height_max": 700.0, "room_height_min": 0.0, "room_height_avg": 114.94669509594883, "sector_area_max": 1427840.0, "sector_area_min": 256.0, "sector_area_avg": 29171.599147121535, "lines_per_sector_max": 154.0, "lines_per_sector_min": 3.0, "lines_per_sector_avg": 10.081023454157782, "sector_aspect_ratio_max": 43.0, "sector_aspect_ratio_min": 1.0, "sector_aspect_ratio_avg": 3.601386491620774, "floors": 21, "level_area": 13179, "floors_area_mean": 627.5714285714286, "floors_area_min": 5, "floors_area_max": 12019, "floors_area_std": 2548.656407402378, "level_bbox_area": 62997, "level_convex_area": 31169, "floors_convex_area_mean": 1322.952380952381, "floors_convex_area_min": 5, "floors_convex_area_max": 26445, "floors_convex_area_std": 5618.430500010364, "level_eccentricity": 0.9381859459338366, "floors_eccentricity_mean": 0.7201137624426847, "floors_eccentricity_min": 0.0, "floors_eccentricity_max": 1.0, "floors_eccentricity_std": 0.35452292612861735, "level_equivalent_diameter": 129.53773180067927, "floors_equivalent_diameter_mean": 12.547347978093953, "floors_equivalent_diameter_min": 2.5231325220201604, "floors_equivalent_diameter_max": 123.70556207451595, "floors_equivalent_diameter_std": 25.33007735321199, "level_euler_number": 2, "floors_euler_number_mean": 0.09523809523809523, "floors_euler_number_min": -16, "floors_euler_number_max": 1, "floors_euler_number_std": 3.6240566838934183, "level_extent": 0.20920043811610076, "floors_extent_mean": 0.8238984193966187, "floors_extent_min": 0.2307795698924731, "floors_extent_max": 1.0, "floors_extent_std": 0.2283684512638207, "level_filled_area": 13671, "floors_filled_area_mean": 651.0, "floors_filled_area_min": 5, "floors_filled_area_max": 12507, "floors_filled_area_std": 2652.501909698159, "level_major_axis_length": 302.3740861945617, "floors_major_axis_length_mean": 23.917163714206893, "floors_major_axis_length_min": 3.265986323710904, "floors_major_axis_length_max": 287.41465456717833, "floors_major_axis_length_std": 59.55110420377267, "level_minor_axis_length": 104.6612464911739, "floors_minor_axis_length_mean": 9.340434524835153, "floors_minor_axis_length_min": 0.0, "floors_minor_axis_length_max": 96.26178515684954, "floors_minor_axis_length_std": 19.731622370452982, "level_orientation": 0.8687583944461214, "floors_orientation_mean": 0.32616376414310394, "floors_orientation_min": -1.403784819711188, "floors_orientation_max": 1.5707963267948966, "floors_orientation_std": 0.7866502131294294, "level_perimeter": 2481.56053326821, "floors_perimeter_mean": 118.16954920324811, "floors_perimeter_min": 3.0, "floors_perimeter_max": 1980.4945160902282, "floors_perimeter_std": 417.1133547653127, "level_solidity": 0.42282395970355163, "floors_solidity_mean": 0.9166140191717685, "floors_solidity_min": 0.454490451881263, "floors_solidity_max": 1.0, "floors_solidity_std": 0.13178022140368328, "level_hu_moment_0": 0.4855454914972801, "level_hu_moment_1": 0.14565623702138378, "level_hu_moment_2": 0.022368045979928097, "level_hu_moment_3": 0.0029635967536569088, "level_hu_moment_4": -3.4372051618525966e-06, "level_hu_moment_5": -0.00041735748470920255, "level_hu_moment_6": 2.388311716180988e-05, "level_centroid_x": 147.89710903710449, "level_centroid_y": 110.03520752712649, "number_of_artifacts": 30, "number_of_powerups": 34, "number_of_weapons": 13, "number_of_ammunitions": 121, "number_of_keys": 3, "number_of_monsters": 583, "number_of_obstacles": 49, "number_of_decorations": 14, "walkable_area": 10706, "walkable_percentage": 0.8123529858107595, "start_location_x_px": 39, "start_location_y_px": 58, "artifacts_per_walkable_area": 0.0028021670091537454, "powerups_per_walkable_area": 0.0031757892770409115, "weapons_per_walkable_area": 0.0012142723706332896, "ammunitions_per_walkable_area": 0.011302073603586774, "keys_per_walkable_area": 0.00028021670091537453, "monsters_per_walkable_area": 0.054455445544554455, "obstacles_per_walkable_area": 0.0045768727816177844, "decorations_per_walkable_area": 0.0013076779376050812, "nodes": 128, "avg-path-length": 2.169310688067687, "diameter-mean": 4.666666666666667, "art-points": 57, "assortativity-mean": 0.37530428943171285, "betw-cen": NaN, "closn-cen": NaN, "distmap-max": 21.095023109728988, "distmap-mean": -Infinity, "distmap-var": 0.0, "distmap-skew": 0, "distmap-kurt": 0.0, "distmap-Q1": 0.0, "distmap-Q2": 0.011623547056617922, "distmap-Q3": 0.09570678665166853, "path_wallmap": "AV_MAP13_wallmap.png", "path_heightmap": "AV_MAP13_heightmap.png", "path_triggermap": "AV_MAP13_triggermap.png", "path_thingsmap": "AV_MAP13_thingsmap.png", "path_floormap": "AV_MAP13_floormap.png", "path_roommap": "AV_MAP13_roommap.png", "slot": "MAP13", "path_json": "AV_MAP13.json"}