{"number_of_lines": 3193, "number_of_things": 610, "number_of_sectors": 596, "number_of_subsectors": 1525, "number_of_vertices": 3108, "x_max": 2672, "y_max": 2680, "x_min": -2808, "y_min": -2576, "height": 5257, "width": 5481, "aspect_ratio": 1.0426098535286286, "floor_height_max": 384.0, "floor_height_min": -328.0, "floor_height_avg": -27.434563758389263, "ceiling_height_max": 600.0, "ceiling_height_min": -272.0, "ceiling_height_avg": 61.241610738255034, "room_height_max": 500.0, "room_height_min": 0.0, "room_height_avg": 88.6761744966443, "sector_area_max": 1312896.0, "sector_area_min": 128.0, "sector_area_avg": 16678.362416107382, "lines_per_sector_max": 104.0, "lines_per_sector_min": 3.0, "lines_per_sector_avg": 7.6879194630872485, "sector_aspect_ratio_max": 43.0, "sector_aspect_ratio_min": 1.0, "sector_aspect_ratio_avg": 3.265451918001692, "floors": 30, "level_area": 10204, "floors_area_mean": 340.1333333333333, "floors_area_min": 4, "floors_area_max": 4160, "floors_area_std": 883.4002389756427, "level_bbox_area": 27384, "level_convex_area": 20509, "floors_convex_area_mean": 545.2, "floors_convex_area_min": 4, "floors_convex_area_max": 6509, "floors_convex_area_std": 1453.093078000626, "level_eccentricity": 0.5599575439319395, "floors_eccentricity_mean": 0.7536523307522762, "floors_eccentricity_min": 0.0, "floors_eccentricity_max": 1.0, "floors_eccentricity_std": 0.2550511420337967, "level_equivalent_diameter": 113.98305275117701, "floors_equivalent_diameter_mean": 12.277118213239481, "floors_equivalent_diameter_min": 2.256758334191025, "floors_equivalent_diameter_max": 72.77826946347568, "floors_equivalent_diameter_std": 16.803082421410963, "level_euler_number": 4, "floors_euler_number_mean": 0.13333333333333333, "floors_euler_number_min": -16, "floors_euler_number_max": 1, "floors_euler_number_std": 3.159465496286077, "level_extent": 0.37262635115395853, "floors_extent_mean": 0.8638582501840022, "floors_extent_min": 0.28673094582185493, "floors_extent_max": 1.0, "floors_extent_std": 0.2407410420313147, "level_filled_area": 10452, "floors_filled_area_mean": 348.4, "floors_filled_area_min": 4, "floors_filled_area_max": 4285, "floors_filled_area_std": 907.1154869511745, "level_major_axis_length": 185.03580124287126, "floors_major_axis_length_mean": 20.339576979404264, "floors_major_axis_length_min": 2.0, "floors_major_axis_length_max": 128.71060927006872, "floors_major_axis_length_std": 31.38313009655201, "level_minor_axis_length": 153.30610308808588, "floors_minor_axis_length_mean": 10.516285857384823, "floors_minor_axis_length_min": 0.0, "floors_minor_axis_length_max": 77.07005350043421, "floors_minor_axis_length_std": 16.305586408177195, "level_orientation": 0.152613791839587, "floors_orientation_mean": 0.5261834463049977, "floors_orientation_min": -1.562748732052036, "floors_orientation_max": 1.5707963267948966, "floors_orientation_std": 0.857920980961694, "level_perimeter": 2501.436687607709, "floors_perimeter_mean": 83.38122292025697, "floors_perimeter_min": 3.0, "floors_perimeter_max": 711.3147545195113, "floors_perimeter_std": 172.3410104488884, "level_solidity": 0.49753766639036523, "floors_solidity_mean": 0.9129328562763915, "floors_solidity_min": 0.4533575317604356, "floors_solidity_max": 1.0, "floors_solidity_std": 0.16012716373850366, "level_hu_moment_0": 0.3536665093691578, "level_hu_moment_1": 0.004323770109473682, "level_hu_moment_2": 0.009033425888808394, "level_hu_moment_3": 0.0002686418794236881, "level_hu_moment_4": -4.1749063316420076e-07, "level_hu_moment_5": 6.278890001726325e-06, "level_hu_moment_6": 2.892835499596824e-08, "level_centroid_x": 86.98510388083105, "level_centroid_y": 65.34339474715797, "number_of_artifacts": 62, "number_of_powerups": 26, "number_of_weapons": 9, "number_of_ammunitions": 60, "number_of_keys": 1, "number_of_monsters": 264, "number_of_obstacles": 56, "number_of_decorations": 25, "walkable_area": 7676, "walkable_percentage": 0.7522540180321443, "start_location_x_px": 11, "start_location_y_px": 30, "artifacts_per_walkable_area": 0.008077123501823866, "powerups_per_walkable_area": 0.0033871808233454925, "weapons_per_walkable_area": 0.0011724856696195935, "ammunitions_per_walkable_area": 0.007816571130797291, "keys_per_walkable_area": 0.00013027618551328816, "monsters_per_walkable_area": 0.034392912975508075, "obstacles_per_walkable_area": 0.007295466388744137, "decorations_per_walkable_area": 0.0032569046378322043, "nodes": 132, "avg-path-length": 2.0508459411432556, "diameter-mean": 3.875, "art-points": 50, "assortativity-mean": 0.318565860507904, "betw-cen": NaN, "closn-cen": NaN, "distmap-max": 16.0, "distmap-mean": -Infinity, "distmap-var": 0.0, "distmap-skew": 0, "distmap-kurt": 0.0, "distmap-Q1": 0.0, "distmap-Q2": 0.0005284791544333529, "distmap-Q3": 0.0057398708162066945, "path_wallmap": "AV_MAP12_wallmap.png", "path_heightmap": "AV_MAP12_heightmap.png", "path_triggermap": "AV_MAP12_triggermap.png", "path_thingsmap": "AV_MAP12_thingsmap.png", "path_floormap": "AV_MAP12_floormap.png", "path_roommap": "AV_MAP12_roommap.png", "slot": "MAP12", "path_json": "AV_MAP12.json"}