{"number_of_lines": 5353, "number_of_things": 641, "number_of_sectors": 506, "number_of_subsectors": 2808, "number_of_vertices": 5173, "x_max": 3908, "y_max": 5768, "x_min": -4720, "y_min": -2432, "height": 8201, "width": 8629, "aspect_ratio": 1.0521887574686013, "floor_height_max": 256.0, "floor_height_min": -512.0, "floor_height_avg": -34.784584980237156, "ceiling_height_max": 256.0, "ceiling_height_min": -512.0, "ceiling_height_avg": 87.80237154150197, "room_height_max": 768.0, "room_height_min": 0.0, "room_height_avg": 122.58695652173913, "sector_area_max": 1387712.0, "sector_area_min": 16.0, "sector_area_avg": 24362.680830039524, "lines_per_sector_max": 340.0, "lines_per_sector_min": 3.0, "lines_per_sector_avg": 15.679841897233201, "sector_aspect_ratio_max": 40.03030303030303, "sector_aspect_ratio_min": 1.0, "sector_aspect_ratio_avg": 3.4491748661193724, "floors": 65, "level_area": 13493, "floors_area_mean": 207.58461538461538, "floors_area_min": 1, "floors_area_max": 10540, "floors_area_std": 1297.2866345071955, "level_bbox_area": 69390, "level_convex_area": 39551, "floors_convex_area_mean": 462.6923076923077, "floors_convex_area_min": 1, "floors_convex_area_max": 26506, "floors_convex_area_std": 3259.077674732658, "level_eccentricity": 0.8752479037827458, "floors_eccentricity_mean": 0.4762463377166027, "floors_eccentricity_min": 0.0, "floors_eccentricity_max": 1.0, "floors_eccentricity_std": 0.39809365907014277, "level_equivalent_diameter": 131.07181686812595, "floors_equivalent_diameter_mean": 7.235663656125769, "floors_equivalent_diameter_min": 1.1283791670955126, "floors_equivalent_diameter_max": 115.84448541690975, "floors_equivalent_diameter_std": 14.55850653885048, "level_euler_number": 47, "floors_euler_number_mean": 0.7230769230769231, "floors_euler_number_min": -15, "floors_euler_number_max": 1, "floors_euler_number_std": 1.9807356233145947, "level_extent": 0.19445165009367343, "floors_extent_mean": 0.9024402765067006, "floors_extent_min": 0.2586185744080481, "floors_extent_max": 1.0, "floors_extent_std": 0.18702638757509202, "level_filled_area": 13972, "floors_filled_area_mean": 215.63076923076923, "floors_filled_area_min": 1, "floors_filled_area_max": 11050, "floors_filled_area_std": 1359.851910141245, "level_major_axis_length": 302.0021290367297, "floors_major_axis_length_mean": 10.657279564321023, "floors_major_axis_length_min": 0.0, "floors_major_axis_length_max": 239.39749242675362, "floors_major_axis_length_std": 29.715395346035685, "level_minor_axis_length": 146.0707552891783, "floors_minor_axis_length_mean": 6.511583449648799, "floors_minor_axis_length_min": 0.0, "floors_minor_axis_length_max": 125.11811474737306, "floors_minor_axis_length_std": 15.532702422299595, "level_orientation": 0.8674713222358531, "floors_orientation_mean": 0.5964909726330684, "floors_orientation_min": -1.437670302219434, "floors_orientation_max": 1.5707963267948966, "floors_orientation_std": 0.7876652267265316, "level_perimeter": 3282.657033718242, "floors_perimeter_mean": 50.50241590335756, "floors_perimeter_min": 0.0, "floors_perimeter_max": 2102.436687607709, "floors_perimeter_std": 257.9620348226997, "level_solidity": 0.3411544588000303, "floors_solidity_mean": 0.9535665157122689, "floors_solidity_min": 0.39764581604165095, "floors_solidity_max": 1.0, "floors_solidity_std": 0.1150239556790549, "level_hu_moment_0": 0.5212978558024001, "level_hu_moment_1": 0.10473873629653171, "level_hu_moment_2": 0.0381079930107674, "level_hu_moment_3": 0.01916313700117152, "level_hu_moment_4": 0.0005029561653320258, "level_hu_moment_5": 0.005331576961354297, "level_hu_moment_6": 0.00012332321108409454, "level_centroid_x": 139.98488104943303, "level_centroid_y": 142.87363818276143, "number_of_artifacts": 29, "number_of_powerups": 42, "number_of_weapons": 7, "number_of_ammunitions": 121, "number_of_keys": 3, "number_of_monsters": 250, "number_of_obstacles": 84, "number_of_decorations": 33, "walkable_area": 10784, "walkable_percentage": 0.7992292299710961, "start_location_x_px": 102, "start_location_y_px": 44, "artifacts_per_walkable_area": 0.0026891691394658754, "powerups_per_walkable_area": 0.003894658753709199, "weapons_per_walkable_area": 0.0006491097922848664, "ammunitions_per_walkable_area": 0.01122032640949555, "keys_per_walkable_area": 0.0002781899109792285, "monsters_per_walkable_area": 0.023182492581602373, "obstacles_per_walkable_area": 0.007789317507418398, "decorations_per_walkable_area": 0.003060089020771513, "nodes": 197, "avg-path-length": 2.677054953201742, "diameter-mean": 6.166666666666667, "art-points": 72, "assortativity-mean": 0, "betw-cen": NaN, "closn-cen": NaN, "distmap-max": 22.20360331117452, "distmap-mean": -Infinity, "distmap-var": 0.0, "distmap-skew": 0, "distmap-kurt": 0.0, "distmap-Q1": 0.0, "distmap-Q2": 0.0, "distmap-Q3": 0.03506017791732077, "path_wallmap": "AV_MAP19_wallmap.png", "path_heightmap": "AV_MAP19_heightmap.png", "path_triggermap": "AV_MAP19_triggermap.png", "path_thingsmap": "AV_MAP19_thingsmap.png", "path_floormap": "AV_MAP19_floormap.png", "path_roommap": "AV_MAP19_roommap.png", "slot": "MAP19", "path_json": "AV_MAP19.json"}