{"number_of_lines": 4817, "number_of_things": 1113, "number_of_sectors": 428, "number_of_subsectors": 2808, "number_of_vertices": 5002, "x_max": 1440, "y_max": 6208, "x_min": -8952, "y_min": -992, "height": 7201, "width": 10393, "aspect_ratio": 1.4432717678100264, "floor_height_max": 500.0, "floor_height_min": -480.0, "floor_height_avg": 93.42316784869976, "ceiling_height_max": 560.0, "ceiling_height_min": -400.0, "ceiling_height_avg": 263.06382978723406, "room_height_max": 736.0, "room_height_min": 0.0, "room_height_avg": 169.64066193853427, "sector_area_max": 14414848.0, "sector_area_min": 0.0, "sector_area_avg": 84526.82742316785, "lines_per_sector_max": 204.0, "lines_per_sector_min": 4.0, "lines_per_sector_avg": 17.534278959810873, "sector_aspect_ratio_max": 46.1764705882353, "sector_aspect_ratio_min": 1.0, "sector_aspect_ratio_avg": 4.899827293663706, "floors": 24, "level_area": 34303, "floors_area_mean": 1429.2916666666667, "floors_area_min": 5, "floors_area_max": 25197, "floors_area_std": 5030.048289025717, "level_bbox_area": 70525, "level_convex_area": 61396, "floors_convex_area_mean": 1980.0, "floors_convex_area_min": 5, "floors_convex_area_max": 32261, "floors_convex_area_std": 6518.615477998376, "level_eccentricity": 0.8744783112974088, "floors_eccentricity_mean": 0.6464767923656689, "floors_eccentricity_min": 0.0, "floors_eccentricity_max": 1.0, "floors_eccentricity_std": 0.35696323201442226, "level_equivalent_diameter": 208.98788506286743, "floors_equivalent_diameter_mean": 20.95865291075349, "floors_equivalent_diameter_min": 2.5231325220201604, "floors_equivalent_diameter_max": 179.11397714497855, "floors_equivalent_diameter_std": 37.15596236308505, "level_euler_number": 8, "floors_euler_number_mean": 0.3333333333333333, "floors_euler_number_min": -8, "floors_euler_number_max": 1, "floors_euler_number_std": 2.1147629234082532, "level_extent": 0.4863948954271535, "floors_extent_mean": 0.7693512738594727, "floors_extent_min": 0.3432017543859649, "floors_extent_max": 1.0, "floors_extent_std": 0.2326322753034339, "level_filled_area": 35928, "floors_filled_area_mean": 1497.0, "floors_filled_area_min": 5, "floors_filled_area_max": 26452, "floors_filled_area_std": 5282.7256932382925, "level_major_axis_length": 393.5296548266097, "floors_major_axis_length_mean": 30.848226827381705, "floors_major_axis_length_min": 3.265986323710904, "floors_major_axis_length_max": 241.67276424205053, "floors_major_axis_length_std": 52.930238922009025, "level_minor_axis_length": 190.88731146092914, "floors_minor_axis_length_mean": 18.785422925157114, "floors_minor_axis_length_min": 0.0, "floors_minor_axis_length_max": 176.11547359914036, "floors_minor_axis_length_std": 36.107772312493395, "level_orientation": 0.16031198823480344, "floors_orientation_mean": 0.1823488269290913, "floors_orientation_min": -1.5120447441848144, "floors_orientation_max": 1.5707963267948966, "floors_orientation_std": 0.8048012981705849, "level_perimeter": 3607.7037149124676, "floors_perimeter_mean": 150.32098812135283, "floors_perimeter_min": 3.0, "floors_perimeter_max": 1591.3807716974934, "floors_perimeter_std": 344.6243372394254, "level_solidity": 0.5587171802723304, "floors_solidity_mean": 0.8613810039280265, "floors_solidity_min": 0.48967459324155194, "floors_solidity_max": 1.0, "floors_solidity_std": 0.1537390685477042, "level_hu_moment_0": 0.34855470896264973, "level_hu_moment_1": 0.04655880844183117, "level_hu_moment_2": 0.0035550307520387644, "level_hu_moment_3": 0.00446731102201842, "level_hu_moment_4": 1.7778440661396148e-05, "level_hu_moment_5": 0.000957667693235248, "level_hu_moment_6": 9.330634730348482e-07, "level_centroid_x": 135.2293385418185, "level_centroid_y": 110.26618663090692, "number_of_artifacts": 14, "number_of_powerups": 95, "number_of_weapons": 7, "number_of_ammunitions": 123, "number_of_keys": 3, "number_of_monsters": 703, "number_of_obstacles": 41, "number_of_decorations": 0, "walkable_area": 31227, "walkable_percentage": 0.910328542693059, "start_location_x_px": 214, "start_location_y_px": 91, "artifacts_per_walkable_area": 0.0004483299708585519, "powerups_per_walkable_area": 0.003042239087968745, "weapons_per_walkable_area": 0.00022416498542927594, "ammunitions_per_walkable_area": 0.0039388990296858484, "keys_per_walkable_area": 9.607070804111827e-05, "monsters_per_walkable_area": 0.022512569250968714, "obstacles_per_walkable_area": 0.0013129663432286164, "decorations_per_walkable_area": 0.0, "nodes": 170, "avg-path-length": 2.682954123962049, "diameter-mean": 5.714285714285714, "art-points": 82, "assortativity-mean": 0.04719544422525815, "betw-cen": NaN, "closn-cen": NaN, "distmap-max": 62.26556030423239, "distmap-mean": -Infinity, "distmap-var": 0.0, "distmap-skew": 0, "distmap-kurt": 0.0, "distmap-Q1": 0.0, "distmap-Q2": 0.0032403493941955477, "distmap-Q3": 0.009320407156945624, "path_wallmap": "AV_MAP18_wallmap.png", "path_heightmap": "AV_MAP18_heightmap.png", "path_triggermap": "AV_MAP18_triggermap.png", "path_thingsmap": "AV_MAP18_thingsmap.png", "path_floormap": "AV_MAP18_floormap.png", "path_roommap": "AV_MAP18_roommap.png", "slot": "MAP18", "path_json": "AV_MAP18.json"}