{"number_of_lines": 4710, "number_of_things": 1646, "number_of_sectors": 512, "number_of_subsectors": 2428, "number_of_vertices": 4420, "x_max": 2784, "y_max": 4036, "x_min": -3501, "y_min": -3008, "height": 7045, "width": 6286, "aspect_ratio": 1.1207445116131085, "floor_height_max": 829.0, "floor_height_min": -85.0, "floor_height_avg": 229.70703125, "ceiling_height_max": 1000.0, "ceiling_height_min": -10.0, "ceiling_height_avg": 438.37109375, "room_height_max": 900.0, "room_height_min": 0.0, "room_height_avg": 208.6640625, "sector_area_max": 2236416.0, "sector_area_min": 64.0, "sector_area_avg": 29752.119140625, "lines_per_sector_max": 601.0, "lines_per_sector_min": 4.0, "lines_per_sector_avg": 14.0234375, "sector_aspect_ratio_max": 32.5, "sector_aspect_ratio_min": 1.0, "sector_aspect_ratio_avg": 5.028818984578208, "floors": 21, "level_area": 16061, "floors_area_mean": 764.8095238095239, "floors_area_min": 6, "floors_area_max": 6353, "floors_area_std": 1427.688495404126, "level_bbox_area": 43340, "level_convex_area": 33189, "floors_convex_area_mean": 1420.5714285714287, "floors_convex_area_min": 6, "floors_convex_area_max": 14892, "floors_convex_area_std": 3210.0307901123606, "level_eccentricity": 0.5795348580037101, "floors_eccentricity_mean": 0.7249997138796014, "floors_eccentricity_min": 0.0, "floors_eccentricity_max": 0.9805220611466602, "floors_eccentricity_std": 0.2646770075496023, "level_equivalent_diameter": 143.00174938787094, "floors_equivalent_diameter_mean": 22.156903127975063, "floors_equivalent_diameter_min": 2.763953195770684, "floors_equivalent_diameter_max": 89.93826120012821, "floors_equivalent_diameter_std": 21.974015875162262, "level_euler_number": 7, "floors_euler_number_mean": 0.3333333333333333, "floors_euler_number_min": -6, "floors_euler_number_max": 1, "floors_euler_number_std": 1.6714217880746898, "level_extent": 0.37058144900784495, "floors_extent_mean": 0.7175715875217168, "floors_extent_min": 0.3076364340709893, "floors_extent_max": 1.0, "floors_extent_std": 0.25572406866718994, "level_filled_area": 16249, "floors_filled_area_mean": 773.7619047619048, "floors_filled_area_min": 6, "floors_filled_area_max": 6374, "floors_filled_area_std": 1436.0261273907074, "level_major_axis_length": 228.0949894201384, "floors_major_axis_length_mean": 40.6742360247311, "floors_major_axis_length_min": 3.265986323710904, "floors_major_axis_length_max": 246.28068435890134, "floors_major_axis_length_std": 52.423695434411435, "level_minor_axis_length": 185.885430279199, "floors_minor_axis_length_mean": 20.929130950172315, "floors_minor_axis_length_min": 2.0, "floors_minor_axis_length_max": 86.9600483247432, "floors_minor_axis_length_std": 23.0801117753101, "level_orientation": -0.6783173855923723, "floors_orientation_mean": 0.6532437444584707, "floors_orientation_min": -1.515859686692782, "floors_orientation_max": 1.5707963267948966, "floors_orientation_std": 0.8453802867601006, "level_perimeter": 3657.673231640418, "floors_perimeter_mean": 174.17491579240087, "floors_perimeter_min": 6.0, "floors_perimeter_max": 1017.0010460205265, "floors_perimeter_std": 247.54107637219107, "level_solidity": 0.4839253969688752, "floors_solidity_mean": 0.7977194280767433, "floors_solidity_min": 0.39058171745152354, "floors_solidity_max": 1.0, "floors_solidity_std": 0.20808605720770795, "level_hu_moment_0": 0.3369214144070108, "level_hu_moment_1": 0.004623768732869078, "level_hu_moment_2": 0.0022616653053962703, "level_hu_moment_3": 0.00012225569883331618, "level_hu_moment_4": 3.268098839957209e-08, "level_hu_moment_5": -4.075733196005095e-06, "level_hu_moment_6": 5.535946224940203e-08, "level_centroid_x": 101.08853745096819, "level_centroid_y": 95.45333416350165, "number_of_artifacts": 29, "number_of_powerups": 63, "number_of_weapons": 6, "number_of_ammunitions": 228, "number_of_keys": 3, "number_of_monsters": 1001, "number_of_obstacles": 103, "number_of_decorations": 0, "walkable_area": 13606, "walkable_percentage": 0.8471452587012017, "start_location_x_px": 51, "start_location_y_px": 136, "artifacts_per_walkable_area": 0.0021314126120829044, "powerups_per_walkable_area": 0.004630310157283551, "weapons_per_walkable_area": 0.0004409819197412906, "ammunitions_per_walkable_area": 0.016757312950169044, "keys_per_walkable_area": 0.0002204909598706453, "monsters_per_walkable_area": 0.07357048361017199, "obstacles_per_walkable_area": 0.007570189622225489, "decorations_per_walkable_area": 0.0, "nodes": 186, "avg-path-length": 3.31655675986503, "diameter-mean": 7.642857142857143, "art-points": 117, "assortativity-mean": 0.03643080420574101, "betw-cen": NaN, "closn-cen": NaN, "distmap-max": 29.0, "distmap-mean": -Infinity, "distmap-var": 0.0, "distmap-skew": 0, "distmap-kurt": 0.0, "distmap-Q1": 0.0, "distmap-Q2": 0.0011750881316098707, "distmap-Q3": 0.004230317273795535, "path_wallmap": "AV_MAP26_wallmap.png", "path_heightmap": "AV_MAP26_heightmap.png", "path_triggermap": "AV_MAP26_triggermap.png", "path_thingsmap": "AV_MAP26_thingsmap.png", "path_floormap": "AV_MAP26_floormap.png", "path_roommap": "AV_MAP26_roommap.png", "slot": "MAP26", "path_json": "AV_MAP26.json"}