{"number_of_lines": 3110, "number_of_things": 665, "number_of_sectors": 482, "number_of_subsectors": 1762, "number_of_vertices": 3163, "x_max": 1072, "y_max": 2480, "x_min": -4800, "y_min": -2112, "height": 4593, "width": 5873, "aspect_ratio": 1.2786849553668627, "floor_height_max": 280.0, "floor_height_min": -408.0, "floor_height_avg": -95.26970954356847, "ceiling_height_max": 352.0, "ceiling_height_min": -328.0, "ceiling_height_avg": 8.560165975103734, "room_height_max": 704.0, "room_height_min": 0.0, "room_height_avg": 103.8298755186722, "sector_area_max": 1529088.0, "sector_area_min": 64.0, "sector_area_avg": 19925.66078838174, "lines_per_sector_max": 210.0, "lines_per_sector_min": 3.0, "lines_per_sector_avg": 9.894190871369295, "sector_aspect_ratio_max": 85.66666666666667, "sector_aspect_ratio_min": 1.0, "sector_aspect_ratio_avg": 3.599235522010333, "floors": 23, "level_area": 9773, "floors_area_mean": 424.9130434782609, "floors_area_min": 5, "floors_area_max": 2891, "floors_area_std": 897.1221579871979, "level_bbox_area": 26208, "level_convex_area": 18512, "floors_convex_area_mean": 647.0869565217391, "floors_convex_area_min": 5, "floors_convex_area_max": 4468, "floors_convex_area_std": 1357.0307712714898, "level_eccentricity": 0.7362476385782984, "floors_eccentricity_mean": 0.7121431489110555, "floors_eccentricity_min": 0.0, "floors_eccentricity_max": 1.0, "floors_eccentricity_std": 0.3171651435156281, "level_equivalent_diameter": 111.54985464220357, "floors_equivalent_diameter_mean": 14.284264536968337, "floors_equivalent_diameter_min": 2.5231325220201604, "floors_equivalent_diameter_max": 60.67071388923453, "floors_equivalent_diameter_std": 18.35690269811882, "level_euler_number": 2, "floors_euler_number_mean": 0.08695652173913043, "floors_euler_number_min": -9, "floors_euler_number_max": 1, "floors_euler_number_std": 2.2825051736359456, "level_extent": 0.37290140415140416, "floors_extent_mean": 0.6937418340936088, "floors_extent_min": 0.14285714285714285, "floors_extent_max": 1.0, "floors_extent_std": 0.3265613161009499, "level_filled_area": 9822, "floors_filled_area_mean": 427.04347826086956, "floors_filled_area_min": 5, "floors_filled_area_max": 2913, "floors_filled_area_std": 902.0033971911765, "level_major_axis_length": 189.68139462516285, "floors_major_axis_length_mean": 23.49445095366852, "floors_major_axis_length_min": 3.265986323710904, "floors_major_axis_length_max": 100.09255081527101, "floors_major_axis_length_std": 28.56164319747567, "level_minor_axis_length": 128.3597156860765, "floors_minor_axis_length_mean": 13.327465859490928, "floors_minor_axis_length_min": 0.0, "floors_minor_axis_length_max": 59.84193003003602, "floors_minor_axis_length_std": 17.374182227544857, "level_orientation": -0.32107764665480376, "floors_orientation_mean": 0.3344166112891821, "floors_orientation_min": -0.8621700546672264, "floors_orientation_max": 1.5707963267948966, "floors_orientation_std": 0.8064161247310863, "level_perimeter": 2267.6976182580574, "floors_perimeter_mean": 98.59554861991555, "floors_perimeter_min": 3.0, "floors_perimeter_max": 640.9482681718907, "floors_perimeter_std": 169.15720294471313, "level_solidity": 0.5279278305963699, "floors_solidity_mean": 0.7852131470112262, "floors_solidity_min": 0.2653061224489796, "floors_solidity_max": 1.0, "floors_solidity_std": 0.24337579568862314, "level_hu_moment_0": 0.3354602481195459, "level_hu_moment_1": 0.015556032184972066, "level_hu_moment_2": 0.003432348353407607, "level_hu_moment_3": 0.0009533872601199398, "level_hu_moment_4": 1.6915824328275595e-06, "level_hu_moment_5": 0.00011644191511244427, "level_hu_moment_6": -3.3607886298042563e-07, "level_centroid_x": 98.18203212933592, "level_centroid_y": 73.0589378901054, "number_of_artifacts": 50, "number_of_powerups": 21, "number_of_weapons": 10, "number_of_ammunitions": 63, "number_of_keys": 2, "number_of_monsters": 268, "number_of_obstacles": 51, "number_of_decorations": 62, "walkable_area": 7599, "walkable_percentage": 0.7775503939424946, "start_location_x_px": 27, "start_location_y_px": 49, "artifacts_per_walkable_area": 0.006579813133307014, "powerups_per_walkable_area": 0.0027635215159889457, "weapons_per_walkable_area": 0.0013159626266614028, "ammunitions_per_walkable_area": 0.008290564547966837, "keys_per_walkable_area": 0.0002631925253322806, "monsters_per_walkable_area": 0.035267798394525596, "obstacles_per_walkable_area": 0.006711409395973154, "decorations_per_walkable_area": 0.008158968285300697, "nodes": 117, "avg-path-length": 2.562944582299421, "diameter-mean": 5.615384615384615, "art-points": 60, "assortativity-mean": -0.09153713298791051, "betw-cen": NaN, "closn-cen": NaN, "distmap-max": 18.788294228055936, "distmap-mean": -Infinity, "distmap-var": 0.0, "distmap-skew": 0, "distmap-kurt": 0.0, "distmap-Q1": 0.0, "distmap-Q2": 0.0005997001499250374, "distmap-Q3": 0.0029985007496251873, "path_wallmap": "AV_MAP16_wallmap.png", "path_heightmap": "AV_MAP16_heightmap.png", "path_triggermap": "AV_MAP16_triggermap.png", "path_thingsmap": "AV_MAP16_thingsmap.png", "path_floormap": "AV_MAP16_floormap.png", "path_roommap": "AV_MAP16_roommap.png", "slot": "MAP16", "path_json": "AV_MAP16.json"}