{"number_of_lines": 2099, "number_of_things": 307, "number_of_sectors": 230, "number_of_subsectors": 1008, "number_of_vertices": 1911, "x_max": 1376, "y_max": 3600, "x_min": -4048, "y_min": -352, "height": 3953, "width": 5425, "aspect_ratio": 1.3723754110801922, "floor_height_max": 540.0, "floor_height_min": -150.0, "floor_height_avg": 214.7173913043478, "ceiling_height_max": 600.0, "ceiling_height_min": 0.0, "ceiling_height_avg": 335.19565217391306, "room_height_max": 330.0, "room_height_min": 0.0, "room_height_avg": 120.47826086956522, "sector_area_max": 359424.0, "sector_area_min": 56.0, "sector_area_avg": 13902.01304347826, "lines_per_sector_max": 256.0, "lines_per_sector_min": 3.0, "lines_per_sector_avg": 13.308695652173913, "sector_aspect_ratio_max": 44.294117647058826, "sector_aspect_ratio_min": 1.0, "sector_aspect_ratio_avg": 3.5949825281354677, "floors": 12, "level_area": 3724, "floors_area_mean": 310.3333333333333, "floors_area_min": 4, "floors_area_max": 2323, "floors_area_std": 652.4932098412127, "level_bbox_area": 21080, "level_convex_area": 12158, "floors_convex_area_mean": 668.9166666666666, "floors_convex_area_min": 4, "floors_convex_area_max": 6038, "floors_convex_area_std": 1655.1876257357922, "level_eccentricity": 0.8189822615844606, "floors_eccentricity_mean": 0.8653926267212094, "floors_eccentricity_min": 0.46389356104066215, "floors_eccentricity_max": 1.0, "floors_eccentricity_std": 0.13775068532830648, "level_equivalent_diameter": 68.8588706311231, "floors_equivalent_diameter_mean": 12.534836039824532, "floors_equivalent_diameter_min": 2.256758334191025, "floors_equivalent_diameter_max": 54.38506653870879, "floors_equivalent_diameter_std": 15.427461149009412, "level_euler_number": 8, "floors_euler_number_mean": 0.6666666666666666, "floors_euler_number_min": -2, "floors_euler_number_max": 1, "floors_euler_number_std": 0.8498365855987974, "level_extent": 0.17666034155597723, "floors_extent_mean": 0.705544729425585, "floors_extent_min": 0.2615990990990991, "floors_extent_max": 1.0, "floors_extent_std": 0.2698026897299409, "level_filled_area": 3906, "floors_filled_area_mean": 325.5, "floors_filled_area_min": 4, "floors_filled_area_max": 2483, "floors_filled_area_std": 693.9972982656344, "level_major_axis_length": 165.56839887990697, "floors_major_axis_length_mean": 24.653351312251058, "floors_major_axis_length_min": 3.265986323710904, "floors_major_axis_length_max": 128.25913638682303, "floors_major_axis_length_std": 36.182601920340396, "level_minor_axis_length": 95.0062657305635, "floors_minor_axis_length_mean": 10.077197583768355, "floors_minor_axis_length_min": 0.0, "floors_minor_axis_length_max": 53.045201696255745, "floors_minor_axis_length_std": 14.542506719903797, "level_orientation": -0.38592078125742807, "floors_orientation_mean": 0.19678404551947545, "floors_orientation_min": -1.5007680364939024, "floors_orientation_max": 1.5707963267948966, "floors_orientation_std": 0.8498928199636354, "level_perimeter": 1185.5767311903867, "floors_perimeter_mean": 98.79806093253222, "floors_perimeter_min": 2.0, "floors_perimeter_max": 699.3391411371508, "floors_perimeter_std": 191.7998416654758, "level_solidity": 0.3063003783517026, "floors_solidity_mean": 0.8345758190889123, "floors_solidity_min": 0.3847300430606161, "floors_solidity_max": 1.0, "floors_solidity_std": 0.18544219044496352, "level_hu_moment_0": 0.611558224283741, "level_hu_moment_1": 0.09522444886467699, "level_hu_moment_2": 0.06103782062462917, "level_hu_moment_3": 0.007583525277722419, "level_hu_moment_4": -0.00015837126021214413, "level_hu_moment_5": -0.0019414589906358152, "level_hu_moment_6": -3.922770235412195e-05, "level_centroid_x": 80.78329752953813, "level_centroid_y": 56.52336197636949, "number_of_artifacts": 2, "number_of_powerups": 13, "number_of_weapons": 5, "number_of_ammunitions": 36, "number_of_keys": 1, "number_of_monsters": 142, "number_of_obstacles": 74, "number_of_decorations": 0, "walkable_area": 2753, "walkable_percentage": 0.7392588614393125, "start_location_x_px": 29, "start_location_y_px": 34, "artifacts_per_walkable_area": 0.000726480203414457, "powerups_per_walkable_area": 0.00472212132219397, "weapons_per_walkable_area": 0.0018162005085361425, "ammunitions_per_walkable_area": 0.013076643661460226, "keys_per_walkable_area": 0.0003632401017072285, "monsters_per_walkable_area": 0.05158009444242644, "obstacles_per_walkable_area": 0.02687976752633491, "decorations_per_walkable_area": 0.0, "nodes": 67, "avg-path-length": 2.2263868523949166, "diameter-mean": 4.5, "art-points": 29, "assortativity-mean": 0.1576354679802959, "betw-cen": NaN, "closn-cen": NaN, "distmap-max": 11.0, "distmap-mean": -Infinity, "distmap-var": 0.0, "distmap-skew": 0, "distmap-kurt": 0.0, "distmap-Q1": 0.0, "distmap-Q2": 0.005128205128205128, "distmap-Q3": 0.03741258741258741, "path_wallmap": "AV_MAP17_wallmap.png", "path_heightmap": "AV_MAP17_heightmap.png", "path_triggermap": "AV_MAP17_triggermap.png", "path_thingsmap": "AV_MAP17_thingsmap.png", "path_floormap": "AV_MAP17_floormap.png", "path_roommap": "AV_MAP17_roommap.png", "slot": "MAP17", "path_json": "AV_MAP17.json"}