{"number_of_lines": 2328, "number_of_things": 232, "number_of_sectors": 243, "number_of_subsectors": 976, "number_of_vertices": 2078, "x_max": 3616, "y_max": 416, "x_min": -32, "y_min": -3280, "height": 3697, "width": 3649, "aspect_ratio": 1.0131542888462592, "floor_height_max": 148.0, "floor_height_min": -60.0, "floor_height_avg": 22.28395061728395, "ceiling_height_max": 270.0, "ceiling_height_min": -49.0, "ceiling_height_avg": 148.63374485596708, "room_height_max": 280.0, "room_height_min": 0.0, "room_height_avg": 126.34979423868313, "sector_area_max": 10301568.0, "sector_area_min": 32.0, "sector_area_avg": 95880.92181069958, "lines_per_sector_max": 120.0, "lines_per_sector_min": 4.0, "lines_per_sector_avg": 14.160493827160494, "sector_aspect_ratio_max": 49.0, "sector_aspect_ratio_min": 1.0, "sector_aspect_ratio_avg": 5.713908782180564, "floors": 1, "level_area": 10140, "floors_area_mean": 10140.0, "floors_area_min": 10140, "floors_area_max": 10140, "floors_area_std": 0.0, "level_bbox_area": 12432, "level_convex_area": 10291, "floors_convex_area_mean": 10291.0, "floors_convex_area_min": 10291, "floors_convex_area_max": 10291, "floors_convex_area_std": 0.0, "level_eccentricity": 0.4785615789608256, "floors_eccentricity_mean": 0.4785615789608256, "floors_eccentricity_min": 0.4785615789608256, "floors_eccentricity_max": 0.4785615789608256, "floors_eccentricity_std": 0.0, "level_equivalent_diameter": 113.62503678157623, "floors_equivalent_diameter_mean": 113.62503678157623, "floors_equivalent_diameter_min": 113.62503678157623, "floors_equivalent_diameter_max": 113.62503678157623, "floors_equivalent_diameter_std": 0.0, "level_euler_number": 1, "floors_euler_number_mean": 1.0, "floors_euler_number_min": 1, "floors_euler_number_max": 1, "floors_euler_number_std": 0.0, "level_extent": 0.8156370656370656, "floors_extent_mean": 0.8156370656370656, "floors_extent_min": 0.8156370656370656, "floors_extent_max": 0.8156370656370656, "floors_extent_std": 0.0, "level_filled_area": 10140, "floors_filled_area_mean": 10140.0, "floors_filled_area_min": 10140, "floors_filled_area_max": 10140, "floors_filled_area_std": 0.0, "level_major_axis_length": 122.21635404476267, "floors_major_axis_length_mean": 122.21635404476267, "floors_major_axis_length_min": 122.21635404476267, "floors_major_axis_length_max": 122.21635404476267, "floors_major_axis_length_std": 0.0, "level_minor_axis_length": 107.31255771504468, "floors_minor_axis_length_mean": 107.31255771504468, "floors_minor_axis_length_min": 107.31255771504468, "floors_minor_axis_length_max": 107.31255771504468, "floors_minor_axis_length_std": 0.0, "level_orientation": 0.6731408631735277, "floors_orientation_mean": 0.6731408631735277, "floors_orientation_min": 0.6731408631735277, "floors_orientation_max": 0.6731408631735277, "floors_orientation_std": 0.0, "level_perimeter": 381.66399692442883, "floors_perimeter_mean": 381.66399692442883, "floors_perimeter_min": 381.66399692442883, "floors_perimeter_max": 381.66399692442883, "floors_perimeter_std": 0.0, "level_solidity": 0.985326984743951, "floors_solidity_mean": 0.985326984743951, "floors_solidity_min": 0.985326984743951, "floors_solidity_max": 0.985326984743951, "floors_solidity_std": 0.0, "level_hu_moment_0": 0.1630474743549037, "level_hu_moment_1": 0.00044458287904441734, "level_hu_moment_2": 0.00017631556286906784, "level_hu_moment_3": 6.520261031891549e-07, "level_hu_moment_4": 4.5637106511411834e-12, "level_hu_moment_5": 5.263925710563756e-09, "level_hu_moment_6": 5.295980824963313e-12, "level_centroid_x": 59.38145956607495, "level_centroid_y": 51.917258382643, "number_of_artifacts": 20, "number_of_powerups": 24, "number_of_weapons": 6, "number_of_ammunitions": 28, "number_of_keys": 3, "number_of_monsters": 96, "number_of_obstacles": 24, "number_of_decorations": 0, "walkable_area": 9111, "walkable_percentage": 0.8985207100591716, "start_location_x_px": 16, "start_location_y_px": 54, "artifacts_per_walkable_area": 0.0021951487213258698, "powerups_per_walkable_area": 0.0026341784655910436, "weapons_per_walkable_area": 0.0006585446163977609, "ammunitions_per_walkable_area": 0.003073208209856218, "keys_per_walkable_area": 0.00032927230819888045, "monsters_per_walkable_area": 0.010536713862364174, "obstacles_per_walkable_area": 0.0026341784655910436, "decorations_per_walkable_area": 0.0, "nodes": 1, "avg-path-length": 0, "diameter-mean": 0, "art-points": 0, "assortativity-mean": 0, "betw-cen": NaN, "closn-cen": NaN, "distmap-max": 50.0, "distmap-mean": -Infinity, "distmap-var": 0.0, "distmap-skew": 0, "distmap-kurt": 0.0, "distmap-Q1": 0.0, "distmap-Q2": 0.0, "distmap-Q3": 0.0, "path_wallmap": "AV_MAP05_wallmap.png", "path_heightmap": "AV_MAP05_heightmap.png", "path_triggermap": "AV_MAP05_triggermap.png", "path_thingsmap": "AV_MAP05_thingsmap.png", "path_floormap": "AV_MAP05_floormap.png", "path_roommap": "AV_MAP05_roommap.png", "slot": "MAP05", "path_json": "AV_MAP05.json"}