{"number_of_lines": 2223, "number_of_things": 498, "number_of_sectors": 344, "number_of_subsectors": 1192, "number_of_vertices": 2296, "x_max": 1232, "y_max": 3440, "x_min": -2208, "y_min": -2392, "height": 5833, "width": 3441, "aspect_ratio": 1.6951467596628886, "floor_height_max": 168.0, "floor_height_min": -256.0, "floor_height_avg": 21.069767441860463, "ceiling_height_max": 256.0, "ceiling_height_min": -88.0, "ceiling_height_avg": 113.95930232558139, "room_height_max": 384.0, "room_height_min": 0.0, "room_height_avg": 92.88953488372093, "sector_area_max": 612992.0, "sector_area_min": 128.0, "sector_area_avg": 16313.21511627907, "lines_per_sector_max": 109.0, "lines_per_sector_min": 4.0, "lines_per_sector_avg": 9.723837209302326, "sector_aspect_ratio_max": 14.333333333333334, "sector_aspect_ratio_min": 1.0, "sector_aspect_ratio_avg": 2.6191350074946875, "floors": 7, "level_area": 5341, "floors_area_mean": 763.0, "floors_area_min": 9, "floors_area_max": 5113, "floors_area_std": 1776.547534646102, "level_bbox_area": 18666, "level_convex_area": 11706, "floors_convex_area_mean": 1606.4285714285713, "floors_convex_area_min": 9, "floors_convex_area_max": 11015, "floors_convex_area_std": 3841.350612819955, "level_eccentricity": 0.9244536558428977, "floors_eccentricity_mean": 0.5043495321753165, "floors_eccentricity_min": 0.0, "floors_eccentricity_max": 0.9740578999745649, "floors_eccentricity_std": 0.4398380420724235, "level_equivalent_diameter": 82.46437053922442, "floors_equivalent_diameter_mean": 16.55511341777621, "floors_equivalent_diameter_min": 3.385137501286538, "floors_equivalent_diameter_max": 80.68502830284493, "floors_equivalent_diameter_std": 26.408521207320472, "level_euler_number": 0, "floors_euler_number_mean": 0.0, "floors_euler_number_min": -6, "floors_euler_number_max": 1, "floors_euler_number_std": 2.449489742783178, "level_extent": 0.28613521911496836, "floors_extent_mean": 0.891698721296134, "floors_extent_min": 0.2851009256161481, "floors_extent_max": 1.0, "floors_extent_std": 0.24809088519086842, "level_filled_area": 5451, "floors_filled_area_mean": 778.7142857142857, "floors_filled_area_min": 9, "floors_filled_area_max": 5223, "floors_filled_area_std": 1815.0253610416826, "level_major_axis_length": 188.82839161111718, "floors_major_axis_length_mean": 34.21250156962282, "floors_major_axis_length_min": 3.265986323710904, "floors_major_axis_length_max": 186.1140009129006, "floors_major_axis_length_std": 62.62651532449856, "level_minor_axis_length": 71.99921291949558, "floors_minor_axis_length_mean": 13.84576256117048, "floors_minor_axis_length_min": 3.265986323710904, "floors_minor_axis_length_max": 71.43976865869628, "floors_minor_axis_length_std": 23.549539616700255, "level_orientation": 1.0449432478265448, "floors_orientation_mean": 0.7120650940588904, "floors_orientation_min": 0.0, "floors_orientation_max": 1.5699679711754364, "floors_orientation_std": 0.519075807757246, "level_perimeter": 1247.9564568673536, "floors_perimeter_mean": 178.27949383819336, "floors_perimeter_min": 8.0, "floors_perimeter_max": 1132.2996026178612, "floors_perimeter_std": 389.8439770115172, "level_solidity": 0.4562617461131044, "floors_solidity_mean": 0.921635192642013, "floors_solidity_min": 0.4641852019972764, "floors_solidity_max": 1.0, "floors_solidity_std": 0.186804892457151, "level_hu_moment_0": 0.4779073223585037, "level_hu_moment_1": 0.12715242039492544, "level_hu_moment_2": 0.0008249368468035474, "level_hu_moment_3": 9.610136222215356e-05, "level_hu_moment_4": -2.0827539995672434e-08, "level_hu_moment_5": -3.283431230307878e-05, "level_hu_moment_6": -1.727365625529648e-08, "level_centroid_x": 56.53885040254634, "level_centroid_y": 92.87867440554203, "number_of_artifacts": 50, "number_of_powerups": 16, "number_of_weapons": 5, "number_of_ammunitions": 84, "number_of_keys": 3, "number_of_monsters": 164, "number_of_obstacles": 61, "number_of_decorations": 47, "walkable_area": 4006, "walkable_percentage": 0.7500468077139113, "start_location_x_px": 13, "start_location_y_px": 96, "artifacts_per_walkable_area": 0.012481278082875686, "powerups_per_walkable_area": 0.00399400898652022, "weapons_per_walkable_area": 0.0012481278082875687, "ammunitions_per_walkable_area": 0.020968547179231155, "keys_per_walkable_area": 0.0007488766849725411, "monsters_per_walkable_area": 0.040938592111832255, "obstacles_per_walkable_area": 0.015227159261108337, "decorations_per_walkable_area": 0.011732401397903146, "nodes": 55, "avg-path-length": 4.64673311184939, "diameter-mean": 13.0, "art-points": 31, "assortativity-mean": 0, "betw-cen": NaN, "closn-cen": NaN, "distmap-max": 12.0, "distmap-mean": -Infinity, "distmap-var": 0.0, "distmap-skew": 0, "distmap-kurt": 0.0, "distmap-Q1": 0.0, "distmap-Q2": 0.028651292802236196, "distmap-Q3": 0.09399021663172606, "path_wallmap": "AV_MAP22_wallmap.png", "path_heightmap": "AV_MAP22_heightmap.png", "path_triggermap": "AV_MAP22_triggermap.png", "path_thingsmap": "AV_MAP22_thingsmap.png", "path_floormap": "AV_MAP22_floormap.png", "path_roommap": "AV_MAP22_roommap.png", "slot": "MAP22", "path_json": "AV_MAP22.json"}