{"number_of_lines": 3991, "number_of_things": 1015, "number_of_sectors": 602, "number_of_subsectors": 1974, "number_of_vertices": 3867, "x_max": 1744, "y_max": 5208, "x_min": -3312, "y_min": -4016, "height": 9225, "width": 5057, "aspect_ratio": 1.8242040735614, "floor_height_max": 152.0, "floor_height_min": -664.0, "floor_height_avg": -40.64119601328904, "ceiling_height_max": 400.0, "ceiling_height_min": -256.0, "ceiling_height_avg": 67.78405315614619, "room_height_max": 700.0, "room_height_min": 0.0, "room_height_avg": 108.42524916943522, "sector_area_max": 780288.0, "sector_area_min": 128.0, "sector_area_avg": 16430.619601328905, "lines_per_sector_max": 153.0, "lines_per_sector_min": 3.0, "lines_per_sector_avg": 9.593023255813954, "sector_aspect_ratio_max": 42.77777777777778, "sector_aspect_ratio_min": 1.0, "sector_aspect_ratio_avg": 3.191579736195778, "floors": 75, "level_area": 10567, "floors_area_mean": 140.89333333333335, "floors_area_min": 3, "floors_area_max": 3522, "floors_area_std": 454.5008565692943, "level_bbox_area": 45951, "level_convex_area": 32799, "floors_convex_area_mean": 248.14666666666668, "floors_convex_area_min": 3, "floors_convex_area_max": 8105, "floors_convex_area_std": 1012.6550540479659, "level_eccentricity": 0.9325354619321524, "floors_eccentricity_mean": 0.7008333097000538, "floors_eccentricity_min": 0.0, "floors_eccentricity_max": 1.0, "floors_eccentricity_std": 0.30964420549150723, "level_equivalent_diameter": 115.9927681763672, "floors_equivalent_diameter_mean": 8.665690022261655, "floors_equivalent_diameter_min": 1.9544100476116797, "floors_equivalent_diameter_max": 66.96528710128288, "floors_equivalent_diameter_std": 10.212579499207221, "level_euler_number": 59, "floors_euler_number_mean": 0.7866666666666666, "floors_euler_number_min": -2, "floors_euler_number_max": 1, "floors_euler_number_std": 0.617377968148812, "level_extent": 0.2299623512001915, "floors_extent_mean": 0.7665800166798754, "floors_extent_min": 0.2707746478873239, "floors_extent_max": 1.0, "floors_extent_std": 0.23451689020345812, "level_filled_area": 10594, "floors_filled_area_mean": 141.25333333333333, "floors_filled_area_min": 3, "floors_filled_area_max": 3522, "floors_filled_area_std": 455.2135936263572, "level_major_axis_length": 330.9858169695791, "floors_major_axis_length_mean": 13.413451119142104, "floors_major_axis_length_min": 2.0, "floors_major_axis_length_max": 122.35751489087637, "floors_major_axis_length_std": 19.36768412087782, "level_minor_axis_length": 119.51182980642601, "floors_minor_axis_length_mean": 7.730397145028354, "floors_minor_axis_length_min": 0.0, "floors_minor_axis_length_max": 100.21555677969147, "floors_minor_axis_length_std": 12.953539189401013, "level_orientation": 1.3899572764570474, "floors_orientation_mean": 0.34157820867144256, "floors_orientation_min": -1.5707963267948966, "floors_orientation_max": 1.5707963267948966, "floors_orientation_std": 0.8724530606918279, "level_perimeter": 3359.9352083112935, "floors_perimeter_mean": 44.799136110817244, "floors_perimeter_min": 1.0, "floors_perimeter_max": 767.2792206135786, "floors_perimeter_std": 103.94915724404873, "level_solidity": 0.3221744565383091, "floors_solidity_mean": 0.8882495508708482, "floors_solidity_min": 0.43454657618753856, "floors_solidity_max": 1.0, "floors_solidity_std": 0.1389344123980654, "level_hu_moment_0": 0.7324375916692287, "level_hu_moment_1": 0.3175086639831185, "level_hu_moment_2": 0.014607567335969473, "level_hu_moment_3": 0.00552274485268426, "level_hu_moment_4": 4.6368631327379305e-05, "level_hu_moment_5": 0.002778493731713217, "level_hu_moment_6": 1.762272162529994e-05, "level_centroid_x": 78.71751679757736, "level_centroid_y": 131.393678432857, "number_of_artifacts": 38, "number_of_powerups": 44, "number_of_weapons": 13, "number_of_ammunitions": 160, "number_of_keys": 3, "number_of_monsters": 651, "number_of_obstacles": 34, "number_of_decorations": 5, "walkable_area": 7955, "walkable_percentage": 0.7528153686003596, "start_location_x_px": 48, "start_location_y_px": 226, "artifacts_per_walkable_area": 0.004776869893148963, "powerups_per_walkable_area": 0.005531112507856694, "weapons_per_walkable_area": 0.0016341923318667505, "ammunitions_per_walkable_area": 0.02011313639220616, "keys_per_walkable_area": 0.0003771213073538655, "monsters_per_walkable_area": 0.08183532369578882, "obstacles_per_walkable_area": 0.004274041483343809, "decorations_per_walkable_area": 0.0006285355122564425, "nodes": 213, "avg-path-length": 1.784222514443551, "diameter-mean": 3.3125, "art-points": 85, "assortativity-mean": 0.18577559779276442, "betw-cen": NaN, "closn-cen": NaN, "distmap-max": 14.0, "distmap-mean": -Infinity, "distmap-var": 0.0, "distmap-skew": 0, "distmap-kurt": 0.0, "distmap-Q1": 0.0, "distmap-Q2": 0.0, "distmap-Q3": 0.0006706608244657069, "path_wallmap": "AV_MAP14_wallmap.png", "path_heightmap": "AV_MAP14_heightmap.png", "path_triggermap": "AV_MAP14_triggermap.png", "path_thingsmap": "AV_MAP14_thingsmap.png", "path_floormap": "AV_MAP14_floormap.png", "path_roommap": "AV_MAP14_roommap.png", "slot": "MAP14", "path_json": "AV_MAP14.json"}