{"number_of_lines": 7328, "number_of_things": 1523, "number_of_sectors": 708, "number_of_subsectors": 4118, "number_of_vertices": 7174, "x_max": 4384, "y_max": 5984, "x_min": -3128, "y_min": -9376, "height": 15361, "width": 7513, "aspect_ratio": 2.0445893784107545, "floor_height_max": 1050.0, "floor_height_min": -500.0, "floor_height_avg": 162.05649717514123, "ceiling_height_max": 2000.0, "ceiling_height_min": -380.0, "ceiling_height_avg": 352.81073446327684, "room_height_max": 1508.0, "room_height_min": 0.0, "room_height_avg": 190.75423728813558, "sector_area_max": 1094336.0, "sector_area_min": 0.0, "sector_area_avg": 34112.40324858757, "lines_per_sector_max": 289.0, "lines_per_sector_min": 3.0, "lines_per_sector_avg": 15.594632768361581, "sector_aspect_ratio_max": 169.8, "sector_aspect_ratio_min": 1.0, "sector_aspect_ratio_avg": 4.187311897660029, "floors": 38, "level_area": 26860, "floors_area_mean": 706.8421052631579, "floors_area_min": 3, "floors_area_max": 16123, "floors_area_std": 2666.491382108468, "level_bbox_area": 112554, "level_convex_area": 81645, "floors_convex_area_mean": 1242.7894736842106, "floors_convex_area_min": 3, "floors_convex_area_max": 27544, "floors_convex_area_std": 4617.469329439043, "level_eccentricity": 0.9302562010715633, "floors_eccentricity_mean": 0.5769688070255465, "floors_eccentricity_min": 0.0, "floors_eccentricity_max": 1.0, "floors_eccentricity_std": 0.38363673657835456, "level_equivalent_diameter": 184.93029544016434, "floors_equivalent_diameter_mean": 14.255275165607259, "floors_equivalent_diameter_min": 1.9544100476116797, "floors_equivalent_diameter_max": 143.27749711578937, "floors_equivalent_diameter_std": 26.396334030651456, "level_euler_number": -21, "floors_euler_number_mean": -0.5526315789473685, "floors_euler_number_min": -45, "floors_euler_number_max": 1, "floors_euler_number_std": 7.3866785086791005, "level_extent": 0.2386410078717771, "floors_extent_mean": 0.8006522618371553, "floors_extent_min": 0.29037800687285226, "floors_extent_max": 1.0, "floors_extent_std": 0.25663957332889875, "level_filled_area": 29772, "floors_filled_area_mean": 785.1578947368421, "floors_filled_area_min": 3, "floors_filled_area_max": 18935, "floors_filled_area_std": 3102.4258973831206, "level_major_axis_length": 526.8038257777306, "floors_major_axis_length_mean": 23.432025871658304, "floors_major_axis_length_min": 2.0, "floors_major_axis_length_max": 210.41542535985204, "floors_major_axis_length_std": 45.36113737052584, "level_minor_axis_length": 193.28991639554025, "floors_minor_axis_length_mean": 13.395518033938966, "floors_minor_axis_length_min": 0.0, "floors_minor_axis_length_max": 158.7979616569085, "floors_minor_axis_length_std": 28.172044871167166, "level_orientation": 1.3709000249420693, "floors_orientation_mean": 0.5021888665360388, "floors_orientation_min": -1.4895459019805894, "floors_orientation_max": 1.5707963267948966, "floors_orientation_std": 0.812930791998648, "level_perimeter": 5768.593288050062, "floors_perimeter_mean": 151.8050865276332, "floors_perimeter_min": 1.0, "floors_perimeter_max": 3021.296644025031, "floors_perimeter_std": 501.91764233693607, "level_solidity": 0.3289852409823014, "floors_solidity_mean": 0.900194424959925, "floors_solidity_min": 0.42924528301886794, "floors_solidity_max": 1.0, "floors_solidity_std": 0.16159125711437775, "level_hu_moment_0": 0.732695603672395, "level_hu_moment_1": 0.31228706343185114, "level_hu_moment_2": 0.32621536022107167, "level_hu_moment_3": 0.2158024160833977, "level_hu_moment_4": 0.05723182058376638, "level_hu_moment_5": 0.12054884298052274, "level_hu_moment_6": -0.0017333692038848728, "level_centroid_x": 107.35614296351451, "level_centroid_y": 313.417460908414, "number_of_artifacts": 17, "number_of_powerups": 102, "number_of_weapons": 16, "number_of_ammunitions": 179, "number_of_keys": 3, "number_of_monsters": 858, "number_of_obstacles": 213, "number_of_decorations": 0, "walkable_area": 22043, "walkable_percentage": 0.82066269545793, "start_location_x_px": 6, "start_location_y_px": 83, "artifacts_per_walkable_area": 0.0007712198883999456, "powerups_per_walkable_area": 0.004627319330399673, "weapons_per_walkable_area": 0.0007258540126117135, "ammunitions_per_walkable_area": 0.008120491766093545, "keys_per_walkable_area": 0.00013609762736469628, "monsters_per_walkable_area": 0.03892392142630313, "obstacles_per_walkable_area": 0.009662931542893436, "decorations_per_walkable_area": 0.0, "nodes": 329, "avg-path-length": 3.7974005876513965, "diameter-mean": 9.133333333333333, "art-points": 132, "assortativity-mean": 0.12899516514465342, "betw-cen": NaN, "closn-cen": NaN, "distmap-max": 22.561028345356956, "distmap-mean": -Infinity, "distmap-var": 0.0, "distmap-skew": 0, "distmap-kurt": 0.0, "distmap-Q1": 0.0, "distmap-Q2": 0.0020511673006638324, "distmap-Q3": 0.009015812635190575, "path_wallmap": "AV_MAP27_wallmap.png", "path_heightmap": "AV_MAP27_heightmap.png", "path_triggermap": "AV_MAP27_triggermap.png", "path_thingsmap": "AV_MAP27_thingsmap.png", "path_floormap": "AV_MAP27_floormap.png", "path_roommap": "AV_MAP27_roommap.png", "slot": "MAP27", "path_json": "AV_MAP27.json"}