{"number_of_lines": 6700, "number_of_things": 774, "number_of_sectors": 789, "number_of_subsectors": 3753, "number_of_vertices": 6638, "x_max": 4464, "y_max": 4096, "x_min": -4780, "y_min": -1040, "height": 5137, "width": 9245, "aspect_ratio": 1.7996885341639088, "floor_height_max": 710.0, "floor_height_min": -200.0, "floor_height_avg": 227.87198986058303, "ceiling_height_max": 1000.0, "ceiling_height_min": -135.0, "ceiling_height_avg": 368.0088719898606, "room_height_max": 1000.0, "room_height_min": 0.0, "room_height_avg": 140.13688212927758, "sector_area_max": 921032.0, "sector_area_min": 0.0, "sector_area_avg": 20193.416349809886, "lines_per_sector_max": 169.0, "lines_per_sector_min": 3.0, "lines_per_sector_avg": 13.247148288973383, "sector_aspect_ratio_max": 64.05882352941177, "sector_aspect_ratio_min": 1.0, "sector_aspect_ratio_avg": 3.7940357880738085, "floors": 13, "level_area": 17129, "floors_area_mean": 1317.6153846153845, "floors_area_min": 6, "floors_area_max": 14952, "floors_area_std": 3961.252434782591, "level_bbox_area": 46529, "level_convex_area": 33182, "floors_convex_area_mean": 2388.6923076923076, "floors_convex_area_min": 6, "floors_convex_area_max": 27271, "floors_convex_area_std": 7234.307902515787, "level_eccentricity": 0.8831760801343401, "floors_eccentricity_mean": 0.6638182630725805, "floors_eccentricity_min": 0.10873279018544241, "floors_eccentricity_max": 0.9410233688821219, "floors_eccentricity_std": 0.2696170444712213, "level_equivalent_diameter": 147.6797892799438, "floors_equivalent_diameter_mean": 19.651522624584363, "floors_equivalent_diameter_min": 2.763953195770684, "floors_equivalent_diameter_max": 137.97636635627188, "floors_equivalent_diameter_std": 35.936856720909624, "level_euler_number": -30, "floors_euler_number_mean": -2.3076923076923075, "floors_euler_number_min": -38, "floors_euler_number_max": 1, "floors_euler_number_std": 10.358085770469481, "level_extent": 0.3681360012035505, "floors_extent_mean": 0.7357155395953707, "floors_extent_min": 0.361797372177995, "floors_extent_max": 1.0, "floors_extent_std": 0.2340173081281684, "level_filled_area": 18076, "floors_filled_area_mean": 1390.4615384615386, "floors_filled_area_min": 6, "floors_filled_area_max": 15881, "floors_filled_area_std": 4207.422810944862, "level_major_axis_length": 278.9318890230469, "floors_major_axis_length_mean": 36.00462597016381, "floors_major_axis_length_min": 3.265986323710904, "floors_major_axis_length_max": 287.6818621164865, "floors_major_axis_length_std": 76.17010049619724, "level_minor_axis_length": 130.83065623215887, "floors_minor_axis_length_mean": 17.05546541223689, "floors_minor_axis_length_min": 2.0, "floors_minor_axis_length_max": 109.14249607940448, "floors_minor_axis_length_std": 29.377377607057923, "level_orientation": -0.14743863063448912, "floors_orientation_mean": 0.21805716687055302, "floors_orientation_min": -1.2490457723982544, "floors_orientation_max": 1.5707963267948966, "floors_orientation_std": 0.8651541365001734, "level_perimeter": 3416.4987001723343, "floors_perimeter_mean": 262.8075923209488, "floors_perimeter_min": 6.0, "floors_perimeter_max": 2740.5565286548535, "floors_perimeter_std": 724.5134774309525, "level_solidity": 0.5162136097884396, "floors_solidity_mean": 0.874373575149862, "floors_solidity_min": 0.5236064575083765, "floors_solidity_max": 1.0, "floors_solidity_std": 0.16491382632886165, "level_hu_moment_0": 0.3463412171029493, "level_hu_moment_1": 0.049031804946384705, "level_hu_moment_2": 0.004465493142787587, "level_hu_moment_3": 0.0001556588638038847, "level_hu_moment_4": -8.737563232615561e-09, "level_hu_moment_5": -1.6954841993826984e-05, "level_hu_moment_6": 1.294818579024256e-07, "level_centroid_x": 144.21361433825675, "level_centroid_y": 60.831280284896955, "number_of_artifacts": 39, "number_of_powerups": 43, "number_of_weapons": 15, "number_of_ammunitions": 107, "number_of_keys": 5, "number_of_monsters": 295, "number_of_obstacles": 191, "number_of_decorations": 2, "walkable_area": 13045, "walkable_percentage": 0.7615739389339716, "start_location_x_px": 64, "start_location_y_px": 131, "artifacts_per_walkable_area": 0.0029896512073591414, "powerups_per_walkable_area": 0.0032962821004216174, "weapons_per_walkable_area": 0.0011498658489842851, "ammunitions_per_walkable_area": 0.008202376389421234, "keys_per_walkable_area": 0.0003832886163280951, "monsters_per_walkable_area": 0.02261402836335761, "obstacles_per_walkable_area": 0.01464162514373323, "decorations_per_walkable_area": 0.00015331544653123802, "nodes": 140, "avg-path-length": 4.548607695250587, "diameter-mean": 11.0, "art-points": 57, "assortativity-mean": 0, "betw-cen": NaN, "closn-cen": NaN, "distmap-max": 22.0, "distmap-mean": -Infinity, "distmap-var": 0.0, "distmap-skew": 0, "distmap-kurt": 0.0, "distmap-Q1": 0.0003432036979112362, "distmap-Q2": 0.0110520279428631, "distmap-Q3": 0.05188457929308729, "path_wallmap": "AV_MAP28_wallmap.png", "path_heightmap": "AV_MAP28_heightmap.png", "path_triggermap": "AV_MAP28_triggermap.png", "path_thingsmap": "AV_MAP28_thingsmap.png", "path_floormap": "AV_MAP28_floormap.png", "path_roommap": "AV_MAP28_roommap.png", "slot": "MAP28", "path_json": "AV_MAP28.json"}