{"number_of_lines": 2418, "number_of_things": 594, "number_of_sectors": 297, "number_of_subsectors": 1267, "number_of_vertices": 2327, "x_max": 4736, "y_max": 4992, "x_min": -1984, "y_min": -1344, "height": 6337, "width": 6721, "aspect_ratio": 1.0605964967650308, "floor_height_max": 192.0, "floor_height_min": -512.0, "floor_height_avg": 14.141414141414142, "ceiling_height_max": 260.0, "ceiling_height_min": -500.0, "ceiling_height_avg": 133.0909090909091, "room_height_max": 768.0, "room_height_min": 0.0, "room_height_avg": 118.94949494949495, "sector_area_max": 8428800.0, "sector_area_min": 256.0, "sector_area_avg": 81599.15319865319, "lines_per_sector_max": 119.0, "lines_per_sector_min": 4.0, "lines_per_sector_avg": 12.686868686868687, "sector_aspect_ratio_max": 58.88235294117647, "sector_aspect_ratio_min": 1.0, "sector_aspect_ratio_avg": 3.0001013313150895, "floors": 7, "level_area": 21832, "floors_area_mean": 3118.8571428571427, "floors_area_min": 5, "floors_area_max": 18468, "floors_area_std": 6364.814135510309, "level_bbox_area": 41989, "level_convex_area": 30936, "floors_convex_area_mean": 4144.714285714285, "floors_convex_area_min": 5, "floors_convex_area_max": 25592, "floors_convex_area_std": 8828.91452176614, "level_eccentricity": 0.7802485442132867, "floors_eccentricity_mean": 0.4038511701923743, "floors_eccentricity_min": 0.0, "floors_eccentricity_max": 1.0, "floors_eccentricity_std": 0.44529785142394, "level_equivalent_diameter": 166.72542019937472, "floors_equivalent_diameter_mean": 34.46884481626886, "floors_equivalent_diameter_min": 2.5231325220201604, "floors_equivalent_diameter_max": 153.3433660520369, "floors_equivalent_diameter_std": 52.75368220036791, "level_euler_number": -22, "floors_euler_number_mean": -3.142857142857143, "floors_euler_number_min": -28, "floors_euler_number_max": 1, "floors_euler_number_std": 10.147886077244594, "level_extent": 0.5199457000643025, "floors_extent_mean": 0.9071425393646593, "floors_extent_min": 0.5796428235146417, "floors_extent_max": 1.0, "floors_extent_std": 0.14947162318490848, "level_filled_area": 22090, "floors_filled_area_mean": 3155.714285714286, "floors_filled_area_min": 5, "floors_filled_area_max": 18726, "floors_filled_area_std": 6453.71681866428, "level_major_axis_length": 256.081595664098, "floors_major_axis_length_mean": 48.8939240958199, "floors_major_axis_length_min": 3.265986323710904, "floors_major_axis_length_max": 246.99481774370133, "floors_major_axis_length_std": 83.51685694604738, "level_minor_axis_length": 160.17125090005902, "floors_minor_axis_length_mean": 31.758040195201897, "floors_minor_axis_length_min": 0.0, "floors_minor_axis_length_max": 137.66669048035058, "floors_minor_axis_length_std": 48.2989427196094, "level_orientation": 0.5794094151106299, "floors_orientation_mean": 0.2139953693666177, "floors_orientation_min": -1.1555733300080793, "floors_orientation_max": 0.7853981633974483, "floors_orientation_std": 0.6495885858586866, "level_perimeter": 2168.685424949238, "floors_perimeter_mean": 309.81220356417685, "floors_perimeter_min": 3.0, "floors_perimeter_max": 1879.543289325507, "floors_perimeter_std": 645.1343093973713, "level_solidity": 0.7057150245668476, "floors_solidity_mean": 0.9496627114307217, "floors_solidity_min": 0.7216317599249765, "floors_solidity_max": 1.0, "floors_solidity_std": 0.09514598875061138, "level_hu_moment_0": 0.2611780106402307, "level_hu_moment_1": 0.013062260076993445, "level_hu_moment_2": 0.0011107139438140297, "level_hu_moment_3": 0.00013742279806450958, "level_hu_moment_4": -3.9264712442890124e-08, "level_hu_moment_5": 1.2227950735090618e-05, "level_hu_moment_6": -3.661753510420409e-08, "level_centroid_x": 100.63521436423598, "level_centroid_y": 90.13755038475632, "number_of_artifacts": 11, "number_of_powerups": 44, "number_of_weapons": 17, "number_of_ammunitions": 68, "number_of_keys": 2, "number_of_monsters": 319, "number_of_obstacles": 32, "number_of_decorations": 10, "walkable_area": 19303, "walkable_percentage": 0.8841608647856357, "start_location_x_px": 62, "start_location_y_px": 28, "artifacts_per_walkable_area": 0.0005698596073149252, "powerups_per_walkable_area": 0.0022794384292597007, "weapons_per_walkable_area": 0.0008806921203957934, "ammunitions_per_walkable_area": 0.0035227684815831734, "keys_per_walkable_area": 0.00010361083769362275, "monsters_per_walkable_area": 0.01652592861213283, "obstacles_per_walkable_area": 0.001657773403097964, "decorations_per_walkable_area": 0.0005180541884681137, "nodes": 73, "avg-path-length": 2.841635338345865, "diameter-mean": 7.25, "art-points": 29, "assortativity-mean": 0, "betw-cen": NaN, "closn-cen": NaN, "distmap-max": 36.76955262170047, "distmap-mean": -Infinity, "distmap-var": 0.0, "distmap-skew": 0, "distmap-kurt": 0.0, "distmap-Q1": 0.0, "distmap-Q2": 0.005868544600938967, "distmap-Q3": 0.062206572769953054, "path_wallmap": "AV_MAP04_wallmap.png", "path_heightmap": "AV_MAP04_heightmap.png", "path_triggermap": "AV_MAP04_triggermap.png", "path_thingsmap": "AV_MAP04_thingsmap.png", "path_floormap": "AV_MAP04_floormap.png", "path_roommap": "AV_MAP04_roommap.png", "slot": "MAP04", "path_json": "AV_MAP04.json"}