{"number_of_lines": 1952, "number_of_things": 269, "number_of_sectors": 197, "number_of_subsectors": 1126, "number_of_vertices": 1811, "x_max": 2880, "y_max": 10752, "x_min": -3136, "y_min": -196, "height": 10949, "width": 6017, "aspect_ratio": 1.8196775801894631, "floor_height_max": 450.0, "floor_height_min": -5000.0, "floor_height_avg": -70.5989847715736, "ceiling_height_max": 1000.0, "ceiling_height_min": 0.0, "ceiling_height_avg": 265.1725888324873, "room_height_max": 5500.0, "room_height_min": 0.0, "room_height_avg": 335.7715736040609, "sector_area_max": 8953856.0, "sector_area_min": 58.0, "sector_area_avg": 101079.6269035533, "lines_per_sector_max": 108.0, "lines_per_sector_min": 3.0, "lines_per_sector_avg": 15.588832487309645, "sector_aspect_ratio_max": 85.66666666666667, "sector_aspect_ratio_min": 1.0, "sector_aspect_ratio_avg": 6.760686461318454, "floors": 14, "level_area": 20440, "floors_area_mean": 1460.0, "floors_area_min": 2, "floors_area_max": 15947, "floors_area_std": 4077.8575782598673, "level_bbox_area": 64827, "level_convex_area": 42378, "floors_convex_area_mean": 1877.4285714285713, "floors_convex_area_min": 2, "floors_convex_area_max": 18777, "floors_convex_area_std": 4856.007321044813, "level_eccentricity": 0.722898637050296, "floors_eccentricity_mean": 0.81172934121006, "floors_eccentricity_min": 0.0, "floors_eccentricity_max": 1.0, "floors_eccentricity_std": 0.2424211709288191, "level_equivalent_diameter": 161.322708551483, "floors_equivalent_diameter_mean": 22.399628076616303, "floors_equivalent_diameter_min": 1.5957691216057308, "floors_equivalent_diameter_max": 142.49333675611516, "floors_equivalent_diameter_std": 36.84001082169494, "level_euler_number": 1, "floors_euler_number_mean": 0.07142857142857142, "floors_euler_number_min": -7, "floors_euler_number_max": 1, "floors_euler_number_std": 2.120117439950833, "level_extent": 0.3153007234639888, "floors_extent_mean": 0.6997760819054631, "floors_extent_min": 0.3333333333333333, "floors_extent_max": 1.0, "floors_extent_std": 0.25372395711428897, "level_filled_area": 21113, "floors_filled_area_mean": 1508.5, "floors_filled_area_min": 2, "floors_filled_area_max": 16486, "floors_filled_area_std": 4217.193714003255, "level_major_axis_length": 265.470148408022, "floors_major_axis_length_mean": 36.909781649234276, "floors_major_axis_length_min": 2.0, "floors_major_axis_length_max": 205.4177167694278, "floors_major_axis_length_std": 58.561997624009855, "level_minor_axis_length": 183.42768598017508, "floors_minor_axis_length_mean": 17.362333386004625, "floors_minor_axis_length_min": 0.0, "floors_minor_axis_length_max": 113.3346546834808, "floors_minor_axis_length_std": 29.311092707021068, "level_orientation": 1.5532256176554606, "floors_orientation_mean": -0.0627651059685163, "floors_orientation_min": -1.4236870963669277, "floors_orientation_max": 1.5707963267948966, "floors_orientation_std": 0.7364868970824939, "level_perimeter": 2005.526045382804, "floors_perimeter_mean": 143.25186038448604, "floors_perimeter_min": 0.0, "floors_perimeter_max": 788.7056274847714, "floors_perimeter_std": 255.69226166975645, "level_solidity": 0.4823257350512058, "floors_solidity_mean": 0.8370385846294528, "floors_solidity_min": 0.5319327731092437, "floors_solidity_max": 1.0, "floors_solidity_std": 0.16376629145187924, "level_hu_moment_0": 0.3183711952049258, "level_hu_moment_1": 0.012681500580698035, "level_hu_moment_2": 0.01607883789225739, "level_hu_moment_3": 0.0058785877645164825, "level_hu_moment_4": 5.692167932112588e-05, "level_hu_moment_5": 0.0006612672008932677, "level_hu_moment_6": -5.133695691374356e-06, "level_centroid_x": 95.35768101761252, "level_centroid_y": 142.503228962818, "number_of_artifacts": 95, "number_of_powerups": 0, "number_of_weapons": 14, "number_of_ammunitions": 39, "number_of_keys": 0, "number_of_monsters": 6, "number_of_obstacles": 58, "number_of_decorations": 0, "walkable_area": 18969, "walkable_percentage": 0.9280332681017612, "start_location_x_px": 57, "start_location_y_px": 261, "artifacts_per_walkable_area": 0.005008171226738363, "powerups_per_walkable_area": 0.0, "weapons_per_walkable_area": 0.0007380462860456534, "ammunitions_per_walkable_area": 0.002055986082555749, "keys_per_walkable_area": 0.0, "monsters_per_walkable_area": 0.0003163055511624229, "obstacles_per_walkable_area": 0.0030576203279034215, "decorations_per_walkable_area": 0.0, "nodes": 90, "avg-path-length": 2.82703018229334, "diameter-mean": 5.833333333333333, "art-points": 33, "assortativity-mean": 0, "betw-cen": NaN, "closn-cen": NaN, "distmap-max": 35.0, "distmap-mean": -Infinity, "distmap-var": 0.0, "distmap-skew": 0, "distmap-kurt": 0.0, "distmap-Q1": 0.0, "distmap-Q2": 0.0022982635342185904, "distmap-Q3": 0.01634320735444331, "path_wallmap": "AV_MAP30_wallmap.png", "path_heightmap": "AV_MAP30_heightmap.png", "path_triggermap": "AV_MAP30_triggermap.png", "path_thingsmap": "AV_MAP30_thingsmap.png", "path_floormap": "AV_MAP30_floormap.png", "path_roommap": "AV_MAP30_roommap.png", "slot": "MAP30", "path_json": "AV_MAP30.json"}