{"number_of_lines": 1203, "number_of_things": 228, "number_of_sectors": 160, "number_of_subsectors": 617, "number_of_vertices": 1088, "x_max": 1192, "y_max": 1464, "x_min": -1396, "y_min": -698, "height": 2163, "width": 2589, "aspect_ratio": 1.1969486823855755, "floor_height_max": 234.0, "floor_height_min": -70.0, "floor_height_avg": 23.425, "ceiling_height_max": 298.0, "ceiling_height_min": -69.0, "ceiling_height_avg": 156.81875, "room_height_max": 276.0, "room_height_min": 0.0, "room_height_avg": 133.39375, "sector_area_max": 416512.0, "sector_area_min": 32.0, "sector_area_avg": 15117.603125, "lines_per_sector_max": 83.0, "lines_per_sector_min": 4.0, "lines_per_sector_avg": 11.21875, "sector_aspect_ratio_max": 19.24, "sector_aspect_ratio_min": 1.0, "sector_aspect_ratio_avg": 3.63566426579832, "floors": 4, "level_area": 2742, "floors_area_mean": 685.5, "floors_area_min": 6, "floors_area_max": 2715, "floors_area_std": 1171.7342915524832, "level_bbox_area": 5184, "level_convex_area": 3836, "floors_convex_area_mean": 930.0, "floors_convex_area_min": 6, "floors_convex_area_max": 3693, "floors_convex_area_std": 1595.2202042351394, "level_eccentricity": 0.7446576404139815, "floors_eccentricity_mean": 0.5537545807602517, "floors_eccentricity_min": 0.0, "floors_eccentricity_max": 0.7905694150420949, "floors_eccentricity_std": 0.3219641950054937, "level_equivalent_diameter": 59.08657065411578, "floors_equivalent_diameter_mean": 17.21321353647638, "floors_equivalent_diameter_min": 2.763953195770684, "floors_equivalent_diameter_max": 58.79494335362495, "floors_equivalent_diameter_std": 24.010643216365953, "level_euler_number": -8, "floors_euler_number_mean": -2.0, "floors_euler_number_min": -11, "floors_euler_number_max": 1, "floors_euler_number_std": 5.196152422706632, "level_extent": 0.5289351851851852, "floors_extent_mean": 0.880931712962963, "floors_extent_min": 0.5237268518518519, "floors_extent_max": 1.0, "floors_extent_std": 0.20623232271834288, "level_filled_area": 2888, "floors_filled_area_mean": 722.0, "floors_filled_area_min": 6, "floors_filled_area_max": 2861, "floors_filled_area_std": 1234.9540477280925, "level_major_axis_length": 79.86571566223296, "floors_major_axis_length_mean": 22.511037677404367, "floors_major_axis_length_min": 3.265986323710904, "floors_major_axis_length_max": 79.04004210719609, "floors_major_axis_length_std": 32.64075029922944, "level_minor_axis_length": 53.306102452688144, "floors_minor_axis_length_mean": 15.394983550281882, "floors_minor_axis_length_min": 2.0, "floors_minor_axis_length_max": 53.04796155370572, "floors_minor_axis_length_std": 21.745099932415663, "level_orientation": 0.27935239682531265, "floors_orientation_mean": 1.0572113566722998, "floors_orientation_min": 0.3018546097019578, "floors_orientation_max": 1.5707963267948966, "floors_orientation_std": 0.54129134260201, "level_perimeter": 588.9188309203678, "floors_perimeter_mean": 147.22970773009195, "floors_perimeter_min": 6.0, "floors_perimeter_max": 564.9188309203678, "floors_perimeter_std": 241.15707442208796, "level_solidity": 0.7148070907194994, "floors_solidity_mean": 0.9337936636880585, "floors_solidity_min": 0.735174654752234, "floors_solidity_max": 1.0, "floors_solidity_std": 0.11467273827527497, "level_hu_moment_0": 0.2101584859805144, "level_hu_moment_1": 0.006499699580764193, "level_hu_moment_2": 0.00037242991298786876, "level_hu_moment_3": 9.406525398852357e-06, "level_hu_moment_4": 4.059609070394002e-10, "level_hu_moment_5": 5.804768260898178e-08, "level_hu_moment_6": 3.8101801502345785e-10, "level_centroid_x": 42.11925601750547, "level_centroid_y": 34.424872355944565, "number_of_artifacts": 9, "number_of_powerups": 13, "number_of_weapons": 6, "number_of_ammunitions": 19, "number_of_keys": 2, "number_of_monsters": 108, "number_of_obstacles": 33, "number_of_decorations": 4, "walkable_area": 2191, "walkable_percentage": 0.799051787016776, "start_location_x_px": 20, "start_location_y_px": 35, "artifacts_per_walkable_area": 0.004107713372889092, "powerups_per_walkable_area": 0.005933363760839799, "weapons_per_walkable_area": 0.0027384755819260614, "ammunitions_per_walkable_area": 0.00867183934276586, "keys_per_walkable_area": 0.0009128251939753537, "monsters_per_walkable_area": 0.0492925604746691, "obstacles_per_walkable_area": 0.015061615700593337, "decorations_per_walkable_area": 0.0018256503879507074, "nodes": 20, "avg-path-length": 2.871345029239766, "diameter-mean": 6.0, "art-points": 1, "assortativity-mean": 0, "betw-cen": NaN, "closn-cen": NaN, "distmap-max": 10.04987562112089, "distmap-mean": -Infinity, "distmap-var": 0.0, "distmap-skew": 0, "distmap-kurt": 0.0, "distmap-Q1": 0.03301656920077972, "distmap-Q2": 0.06798245614035088, "distmap-Q3": 0.15960038986354774, "path_wallmap": "AV_MAP02_wallmap.png", "path_heightmap": "AV_MAP02_heightmap.png", "path_triggermap": "AV_MAP02_triggermap.png", "path_thingsmap": "AV_MAP02_thingsmap.png", "path_floormap": "AV_MAP02_floormap.png", "path_roommap": "AV_MAP02_roommap.png", "slot": "MAP02", "path_json": "AV_MAP02.json"}