{"number_of_lines": 3729, "number_of_things": 304, "number_of_sectors": 384, "number_of_subsectors": 2247, "number_of_vertices": 3484, "x_max": 1059, "y_max": 3984, "x_min": -4816, "y_min": -1600, "height": 5585, "width": 5876, "aspect_ratio": 1.052103849597135, "floor_height_max": 210.0, "floor_height_min": -400.0, "floor_height_avg": -46.815104166666664, "ceiling_height_max": 256.0, "ceiling_height_min": -235.0, "ceiling_height_avg": 67.28125, "room_height_max": 420.0, "room_height_min": 0.0, "room_height_avg": 114.09635416666667, "sector_area_max": 2045728.0, "sector_area_min": 0.0, "sector_area_avg": 20866.01953125, "lines_per_sector_max": 299.0, "lines_per_sector_min": 1.0, "lines_per_sector_avg": 15.057291666666666, "sector_aspect_ratio_max": 51.4, "sector_aspect_ratio_min": 1.0, "sector_aspect_ratio_avg": 2.9225820098398034, "floors": 19, "level_area": 8513, "floors_area_mean": 448.05263157894734, "floors_area_min": 4, "floors_area_max": 6212, "floors_area_std": 1384.0134420431882, "level_bbox_area": 31304, "level_convex_area": 20774, "floors_convex_area_mean": 733.7894736842105, "floors_convex_area_min": 5, "floors_convex_area_max": 9976, "floors_convex_area_std": 2246.511156600675, "level_eccentricity": 0.8618568458341086, "floors_eccentricity_mean": 0.5449513181214144, "floors_eccentricity_min": 0.0, "floors_eccentricity_max": 0.9128709291752769, "floors_eccentricity_std": 0.33515047613333343, "level_equivalent_diameter": 104.11094200097529, "floors_equivalent_diameter_mean": 13.079579173354695, "floors_equivalent_diameter_min": 2.256758334191025, "floors_equivalent_diameter_max": 88.93460548006513, "floors_equivalent_diameter_std": 19.98506785820145, "level_euler_number": -5, "floors_euler_number_mean": -0.2631578947368421, "floors_euler_number_min": -13, "floors_euler_number_max": 1, "floors_euler_number_std": 3.739435719648761, "level_extent": 0.27194607717863534, "floors_extent_mean": 0.7743926757079705, "floors_extent_min": 0.2860526315789474, "floors_extent_max": 1.0, "floors_extent_std": 0.21412585658336616, "level_filled_area": 8562, "floors_filled_area_mean": 450.63157894736844, "floors_filled_area_min": 4, "floors_filled_area_max": 6251, "floors_filled_area_std": 1392.8054313252392, "level_major_axis_length": 216.1784040659316, "floors_major_axis_length_mean": 20.54985493944743, "floors_major_axis_length_min": 3.265986323710904, "floors_major_axis_length_max": 159.31544460202906, "floors_major_axis_length_std": 37.149910839972364, "level_minor_axis_length": 109.63523030767668, "floors_minor_axis_length_mean": 12.077686004055044, "floors_minor_axis_length_min": 1.4142135623730951, "floors_minor_axis_length_max": 77.27996820264526, "floors_minor_axis_length_std": 18.06229783094839, "level_orientation": 0.30042992234727817, "floors_orientation_mean": 0.5209566249439288, "floors_orientation_min": -1.3418691342545632, "floors_orientation_max": 1.5707963267948966, "floors_orientation_std": 0.7975963793943288, "level_perimeter": 1875.2773080412749, "floors_perimeter_mean": 98.69880568638287, "floors_perimeter_min": 3.2071067811865475, "floors_perimeter_max": 914.0498192558055, "floors_perimeter_std": 218.71615306972663, "level_solidity": 0.4097910850101088, "floors_solidity_mean": 0.864023461582604, "floors_solidity_min": 0.4540517961570593, "floors_solidity_max": 1.0, "floors_solidity_std": 0.14893145585744144, "level_hu_moment_0": 0.4313475427956545, "level_hu_moment_1": 0.06495080465897256, "level_hu_moment_2": 0.019785618137632636, "level_hu_moment_3": 0.002064830757807271, "level_hu_moment_4": 1.3040734416526082e-05, "level_hu_moment_5": 5.258390791161631e-05, "level_hu_moment_6": 2.030058773596085e-06, "level_centroid_x": 88.14777399271702, "level_centroid_y": 65.78339010924468, "number_of_artifacts": 15, "number_of_powerups": 24, "number_of_weapons": 9, "number_of_ammunitions": 20, "number_of_keys": 1, "number_of_monsters": 146, "number_of_obstacles": 42, "number_of_decorations": 0, "walkable_area": 7157, "walkable_percentage": 0.840714201808998, "start_location_x_px": 42, "start_location_y_px": 51, "artifacts_per_walkable_area": 0.002095850216571189, "powerups_per_walkable_area": 0.0033533603465139023, "weapons_per_walkable_area": 0.0012575101299427134, "ammunitions_per_walkable_area": 0.002794466955428252, "keys_per_walkable_area": 0.0001397233477714126, "monsters_per_walkable_area": 0.02039960877462624, "obstacles_per_walkable_area": 0.0058683806063993295, "decorations_per_walkable_area": 0.0, "nodes": 94, "avg-path-length": 2.553688066319645, "diameter-mean": 5.428571428571429, "art-points": 37, "assortativity-mean": 0, "betw-cen": NaN, "closn-cen": NaN, "distmap-max": 27.65863337187866, "distmap-mean": -Infinity, "distmap-var": 0.0, "distmap-skew": 0, "distmap-kurt": 0.0, "distmap-Q1": 0.0, "distmap-Q2": 0.003681626928471248, "distmap-Q3": 0.016830294530154277, "path_wallmap": "AV_MAP09_wallmap.png", "path_heightmap": "AV_MAP09_heightmap.png", "path_triggermap": "AV_MAP09_triggermap.png", "path_thingsmap": "AV_MAP09_thingsmap.png", "path_floormap": "AV_MAP09_floormap.png", "path_roommap": "AV_MAP09_roommap.png", "slot": "MAP09", "path_json": "AV_MAP09.json"}