{"number_of_lines": 3982, "number_of_things": 457, "number_of_sectors": 579, "number_of_subsectors": 2825, "number_of_vertices": 4337, "x_max": 5055, "y_max": 8927, "x_min": -3376, "y_min": -2624, "height": 11552, "width": 8432, "aspect_ratio": 1.3700189753320684, "floor_height_max": 704.0, "floor_height_min": -800.0, "floor_height_avg": 297.4628670120898, "ceiling_height_max": 896.0, "ceiling_height_min": 0.0, "ceiling_height_avg": 511.27806563039724, "room_height_max": 1190.0, "room_height_min": 0.0, "room_height_avg": 213.81519861830742, "sector_area_max": 21037952.0, "sector_area_min": 0.0, "sector_area_avg": 69563.08117443869, "lines_per_sector_max": 174.0, "lines_per_sector_min": 3.0, "lines_per_sector_avg": 11.24525043177893, "sector_aspect_ratio_max": 44.8, "sector_aspect_ratio_min": 1.0, "sector_aspect_ratio_avg": 2.9277070978741677, "floors": 15, "level_area": 40104, "floors_area_mean": 2673.6, "floors_area_min": 6, "floors_area_max": 36609, "floors_area_std": 9091.275435273095, "level_bbox_area": 93080, "level_convex_area": 60683, "floors_convex_area_mean": 3526.733333333333, "floors_convex_area_min": 6, "floors_convex_area_max": 47594, "floors_convex_area_std": 11825.271776815769, "level_eccentricity": 0.8704667332602389, "floors_eccentricity_mean": 0.6540441053174824, "floors_eccentricity_min": 0.0, "floors_eccentricity_max": 0.9682458365518543, "floors_eccentricity_std": 0.30933834859534104, "level_equivalent_diameter": 225.96902155397092, "floors_equivalent_diameter_mean": 24.630706597054864, "floors_equivalent_diameter_min": 2.763953195770684, "floors_equivalent_diameter_max": 215.8981854791966, "floors_equivalent_diameter_std": 52.891034583696026, "level_euler_number": -58, "floors_euler_number_mean": -3.8666666666666667, "floors_euler_number_min": -70, "floors_euler_number_max": 1, "floors_euler_number_std": 17.681880241899865, "level_extent": 0.43085517834121184, "floors_extent_mean": 0.8777726827048533, "floors_extent_min": 0.4168320105820106, "floors_extent_max": 1.0, "floors_extent_std": 0.18587973411179784, "level_filled_area": 42301, "floors_filled_area_mean": 2820.0666666666666, "floors_filled_area_min": 6, "floors_filled_area_max": 38804, "floors_filled_area_std": 9637.570139592011, "level_major_axis_length": 374.2955925779433, "floors_major_axis_length_mean": 35.91572107632972, "floors_major_axis_length_min": 3.265986323710904, "floors_major_axis_length_max": 331.39771945240443, "floors_major_axis_length_std": 81.67614453769573, "level_minor_axis_length": 184.2384904668748, "floors_minor_axis_length_mean": 20.64956910920913, "floors_minor_axis_length_min": 2.0, "floors_minor_axis_length_max": 176.02708437051248, "floors_minor_axis_length_std": 43.41500655409788, "level_orientation": 1.1780859799961723, "floors_orientation_mean": 0.7301924297638915, "floors_orientation_min": -0.8426942006308702, "floors_orientation_max": 1.5707963267948966, "floors_orientation_std": 0.8286526556873597, "level_perimeter": 3957.135351886293, "floors_perimeter_mean": 263.80902345908623, "floors_perimeter_min": 6.0, "floors_perimeter_max": 3240.2459582174483, "floors_perimeter_std": 801.5967461555563, "level_solidity": 0.6608770166273915, "floors_solidity_mean": 0.9403216729560395, "floors_solidity_min": 0.5862790697674418, "floors_solidity_max": 1.0, "floors_solidity_std": 0.11443199314547066, "level_hu_moment_0": 0.2712338731684908, "level_hu_moment_1": 0.027368577010827698, "level_hu_moment_2": 0.004441284221983042, "level_hu_moment_3": 0.0002866289302115648, "level_hu_moment_4": -3.231349972058894e-07, "level_hu_moment_5": -4.594263745107396e-05, "level_hu_moment_6": -1.2984191460845027e-08, "level_centroid_x": 99.43604129263913, "level_centroid_y": 188.70885697187313, "number_of_artifacts": 16, "number_of_powerups": 37, "number_of_weapons": 11, "number_of_ammunitions": 54, "number_of_keys": 3, "number_of_monsters": 145, "number_of_obstacles": 82, "number_of_decorations": 72, "walkable_area": 36463, "walkable_percentage": 0.9092110512667065, "start_location_x_px": 5, "start_location_y_px": 149, "artifacts_per_walkable_area": 0.0004388009763321723, "powerups_per_walkable_area": 0.0010147272577681486, "weapons_per_walkable_area": 0.00030167567122836846, "ammunitions_per_walkable_area": 0.0014809532951210816, "keys_per_walkable_area": 8.227518306228231e-05, "monsters_per_walkable_area": 0.0039766338480103115, "obstacles_per_walkable_area": 0.002248855003702383, "decorations_per_walkable_area": 0.0019746043934947754, "nodes": 155, "avg-path-length": 2.9109645519081746, "diameter-mean": 6.6, "art-points": 31, "assortativity-mean": 0, "betw-cen": NaN, "closn-cen": NaN, "distmap-max": 67.0, "distmap-mean": -Infinity, "distmap-var": 0.0, "distmap-skew": 0, "distmap-kurt": 0.0, "distmap-Q1": 6.366182836771073e-05, "distmap-Q2": 0.010265005910536848, "distmap-Q3": 0.03788551233165441, "path_wallmap": "AV_MAP24_wallmap.png", "path_heightmap": "AV_MAP24_heightmap.png", "path_triggermap": "AV_MAP24_triggermap.png", "path_thingsmap": "AV_MAP24_thingsmap.png", "path_floormap": "AV_MAP24_floormap.png", "path_roommap": "AV_MAP24_roommap.png", "slot": "MAP24", "path_json": "AV_MAP24.json"}