{"number_of_lines": 2602, "number_of_things": 572, "number_of_sectors": 361, "number_of_subsectors": 1650, "number_of_vertices": 2640, "x_max": 5136, "y_max": 3076, "x_min": -5816, "y_min": -6792, "height": 9869, "width": 10953, "aspect_ratio": 1.1098388894518187, "floor_height_max": 398.0, "floor_height_min": -300.0, "floor_height_avg": 31.894736842105264, "ceiling_height_max": 400.0, "ceiling_height_min": -300.0, "ceiling_height_avg": 199.37396121883657, "room_height_max": 600.0, "room_height_min": 0.0, "room_height_avg": 167.4792243767313, "sector_area_max": 50516544.0, "sector_area_min": 56.0, "sector_area_avg": 204770.49584487535, "lines_per_sector_max": 212.0, "lines_per_sector_min": 3.0, "lines_per_sector_avg": 11.520775623268698, "sector_aspect_ratio_max": 336.5, "sector_aspect_ratio_min": 1.0, "sector_aspect_ratio_avg": 3.9420376930164585, "floors": 13, "level_area": 71392, "floors_area_mean": 5491.692307692308, "floors_area_min": 9, "floors_area_max": 66079, "floors_area_std": 17536.89996017021, "level_bbox_area": 105987, "level_convex_area": 96753, "floors_convex_area_mean": 7821.923076923077, "floors_convex_area_min": 10, "floors_convex_area_max": 95854, "floors_convex_area_std": 25450.17872828745, "level_eccentricity": 0.5923139577103678, "floors_eccentricity_mean": 0.6793601774682453, "floors_eccentricity_min": 0.381170670721425, "floors_eccentricity_max": 0.9323354633378729, "floors_eccentricity_std": 0.173107077644267, "level_equivalent_diameter": 301.4948052251195, "floors_equivalent_diameter_mean": 34.089459250783754, "floors_equivalent_diameter_min": 3.385137501286538, "floors_equivalent_diameter_max": 290.0592971731036, "floors_equivalent_diameter_std": 76.35540964241437, "level_euler_number": -3, "floors_euler_number_mean": -0.23076923076923078, "floors_euler_number_min": -9, "floors_euler_number_max": 1, "floors_euler_number_std": 2.693406369232553, "level_extent": 0.6735920443073207, "floors_extent_mean": 0.6435489003009873, "floors_extent_min": 0.4696969696969697, "floors_extent_max": 0.9583333333333334, "floors_extent_std": 0.14587548699991215, "level_filled_area": 71521, "floors_filled_area_mean": 5501.615384615385, "floors_filled_area_min": 9, "floors_filled_area_max": 66197, "floors_filled_area_std": 17567.998736945017, "level_major_axis_length": 384.7509349123481, "floors_major_axis_length_mean": 45.28699599675732, "floors_major_axis_length_min": 3.7712361663282534, "floors_major_axis_length_max": 397.31407096253764, "floors_major_axis_length_std": 103.80595053196507, "level_minor_axis_length": 309.99661837144333, "floors_minor_axis_length_mean": 35.15001501006612, "floors_minor_axis_length_min": 3.204934467079102, "floors_minor_axis_length_max": 314.7609773516427, "floors_minor_axis_length_std": 82.78326853036116, "level_orientation": 0.3041013196386055, "floors_orientation_mean": -0.2988676858124669, "floors_orientation_min": -1.1071487177940904, "floors_orientation_max": 0.6330564100009156, "floors_orientation_std": 0.5211978059177166, "level_perimeter": 3590.6063479106588, "floors_perimeter_mean": 276.2004883008199, "floors_perimeter_min": 8.65685424949238, "floors_perimeter_max": 2974.5758646386093, "floors_perimeter_std": 782.5583299559021, "level_solidity": 0.7378789288187446, "floors_solidity_mean": 0.8388932952163023, "floors_solidity_min": 0.6796875, "floors_solidity_max": 1.0, "floors_solidity_std": 0.10121513705554411, "level_hu_moment_0": 0.21372421395049188, "level_hu_moment_1": 0.002067224006866815, "level_hu_moment_2": 5.16491267769759e-05, "level_hu_moment_3": 0.0002710261452557391, "level_hu_moment_4": 2.1807021150526478e-08, "level_hu_moment_5": 1.1957048598320878e-05, "level_hu_moment_6": 2.350954467349823e-08, "level_centroid_x": 156.5511822052891, "level_centroid_y": 127.08888951142985, "number_of_artifacts": 37, "number_of_powerups": 37, "number_of_weapons": 7, "number_of_ammunitions": 62, "number_of_keys": 0, "number_of_monsters": 264, "number_of_obstacles": 100, "number_of_decorations": 2, "walkable_area": 68378, "walkable_percentage": 0.9577823845809055, "start_location_x_px": 161, "start_location_y_px": 259, "artifacts_per_walkable_area": 0.0005411097136505894, "powerups_per_walkable_area": 0.0005411097136505894, "weapons_per_walkable_area": 0.00010237210798794934, "ammunitions_per_walkable_area": 0.0009067243850361227, "keys_per_walkable_area": 0.0, "monsters_per_walkable_area": 0.0038608909298312325, "obstacles_per_walkable_area": 0.0014624586855421335, "decorations_per_walkable_area": 2.9249173710842667e-05, "nodes": 92, "avg-path-length": 3.8204389815627744, "diameter-mean": 8.6, "art-points": 51, "assortativity-mean": 0.027749229188077353, "betw-cen": NaN, "closn-cen": NaN, "distmap-max": 177.48521065147935, "distmap-mean": -Infinity, "distmap-var": 0.0, "distmap-skew": 0, "distmap-kurt": 0.0, "distmap-Q1": 0.0, "distmap-Q2": 0.016117216117216115, "distmap-Q3": 0.07912087912087912, "path_wallmap": "AV_MAP08_wallmap.png", "path_heightmap": "AV_MAP08_heightmap.png", "path_triggermap": "AV_MAP08_triggermap.png", "path_thingsmap": "AV_MAP08_thingsmap.png", "path_floormap": "AV_MAP08_floormap.png", "path_roommap": "AV_MAP08_roommap.png", "slot": "MAP08", "path_json": "AV_MAP08.json"}