{"number_of_lines": 14839, "number_of_things": 960, "number_of_sectors": 1842, "number_of_subsectors": 10056, "number_of_vertices": 14639, "x_max": 5376, "y_max": 4400, "x_min": -4968, "y_min": -4288, "height": 8689, "width": 10345, "aspect_ratio": 1.1905857981355736, "floor_height_max": 880.0, "floor_height_min": -700.0, "floor_height_avg": -144.13246471226927, "ceiling_height_max": 900.0, "ceiling_height_min": -635.0, "ceiling_height_avg": -2.814332247557003, "room_height_max": 1410.0, "room_height_min": 0.0, "room_height_avg": 141.31813246471228, "sector_area_max": 10491520.0, "sector_area_min": 0.0, "sector_area_avg": 22131.550217155265, "lines_per_sector_max": 169.0, "lines_per_sector_min": 3.0, "lines_per_sector_avg": 13.277958740499457, "sector_aspect_ratio_max": 64.33333333333333, "sector_aspect_ratio_min": 1.0, "sector_aspect_ratio_avg": 2.595785095514009, "floors": 11, "level_area": 38871, "floors_area_mean": 3533.7272727272725, "floors_area_min": 3, "floors_area_max": 38179, "floors_area_std": 10956.368493345935, "level_bbox_area": 88128, "level_convex_area": 59903, "floors_convex_area_mean": 5537.272727272727, "floors_convex_area_min": 3, "floors_convex_area_max": 59903, "floors_convex_area_std": 17192.80640315969, "level_eccentricity": 0.8848100415766565, "floors_eccentricity_mean": 0.8286807429396087, "floors_eccentricity_min": 0.0, "floors_eccentricity_max": 1.0, "floors_eccentricity_std": 0.271843482839689, "level_equivalent_diameter": 222.46818726146108, "floors_equivalent_diameter_mean": 26.177352513454387, "floors_equivalent_diameter_min": 1.9544100476116797, "floors_equivalent_diameter_max": 220.4790524708499, "floors_equivalent_diameter_std": 61.75781342738621, "level_euler_number": -259, "floors_euler_number_mean": -23.545454545454547, "floors_euler_number_min": -269, "floors_euler_number_max": 1, "floors_euler_number_std": 77.61954256776932, "level_extent": 0.44107434640522875, "floors_extent_mean": 0.628819194508604, "floors_extent_min": 0.3, "floors_extent_max": 1.0, "floors_extent_std": 0.2944039519493208, "level_filled_area": 46423, "floors_filled_area_mean": 4240.181818181818, "floors_filled_area_min": 3, "floors_filled_area_max": 45950, "floors_filled_area_std": 13190.277161731887, "level_major_axis_length": 396.7521186753366, "floors_major_axis_length_mean": 47.70738134599978, "floors_major_axis_length_min": 2.5298221281347035, "floors_major_axis_length_max": 395.2432056535767, "floors_major_axis_length_std": 110.68336736226549, "level_minor_axis_length": 184.86741085348743, "floors_minor_axis_length_mean": 20.55743817464652, "floors_minor_axis_length_min": 0.0, "floors_minor_axis_length_max": 184.24339882861327, "floors_minor_axis_length_std": 51.9199700942172, "level_orientation": 0.6612700678424875, "floors_orientation_mean": 0.34066825619170893, "floors_orientation_min": -0.9038381385367038, "floors_orientation_max": 1.5707963267948966, "floors_orientation_std": 0.7920608816007448, "level_perimeter": 7609.3875862269, "floors_perimeter_mean": 691.7625078388091, "floors_perimeter_min": 1.0, "floors_perimeter_max": 7302.45760801824, "floors_perimeter_std": 2090.8714821503663, "level_solidity": 0.6488990534697762, "floors_solidity_mean": 0.8485488663607093, "floors_solidity_min": 0.5583333333333333, "floors_solidity_max": 1.0, "floors_solidity_std": 0.16287521416342954, "level_hu_moment_0": 0.3080513160020331, "level_hu_moment_1": 0.0392632094688372, "level_hu_moment_2": 0.003124249586294572, "level_hu_moment_3": 0.0011449178677423442, "level_hu_moment_4": 2.153724425494935e-06, "level_hu_moment_5": 0.00021202772322593752, "level_hu_moment_6": -2.2438093096449735e-07, "level_centroid_x": 145.8231843791001, "level_centroid_y": 117.96336600550539, "number_of_artifacts": 8, "number_of_powerups": 52, "number_of_weapons": 6, "number_of_ammunitions": 99, "number_of_keys": 2, "number_of_monsters": 515, "number_of_obstacles": 179, "number_of_decorations": 0, "walkable_area": 32999, "walkable_percentage": 0.848936224949191, "start_location_x_px": 52, "start_location_y_px": 72, "artifacts_per_walkable_area": 0.00024243158883602533, "powerups_per_walkable_area": 0.0015758053274341646, "weapons_per_walkable_area": 0.000181823691627019, "ammunitions_per_walkable_area": 0.0030000909118458137, "keys_per_walkable_area": 6.060789720900633e-05, "monsters_per_walkable_area": 0.015606533531319132, "obstacles_per_walkable_area": 0.005424406800206067, "decorations_per_walkable_area": 0.0, "nodes": 409, "avg-path-length": 4.106274677066339, "diameter-mean": 10.333333333333334, "art-points": 78, "assortativity-mean": 0.21957231763009008, "betw-cen": NaN, "closn-cen": NaN, "distmap-max": 48.30113870293329, "distmap-mean": -Infinity, "distmap-var": 0.0, "distmap-skew": 0, "distmap-kurt": 0.0, "distmap-Q1": 0.0019604832104832106, "distmap-Q2": 0.013750381397440222, "distmap-Q3": 0.04086573204220263, "path_wallmap": "AV_MAP20_wallmap.png", "path_heightmap": "AV_MAP20_heightmap.png", "path_triggermap": "AV_MAP20_triggermap.png", "path_thingsmap": "AV_MAP20_thingsmap.png", "path_floormap": "AV_MAP20_floormap.png", "path_roommap": "AV_MAP20_roommap.png", "slot": "MAP20", "path_json": "AV_MAP20.json"}