{"number_of_lines": 8299, "number_of_things": 505, "number_of_sectors": 955, "number_of_subsectors": 5256, "number_of_vertices": 7944, "x_max": 5907, "y_max": 5172, "x_min": -4413, "y_min": -4416, "height": 9589, "width": 10321, "aspect_ratio": 1.0763374700177286, "floor_height_max": 380.0, "floor_height_min": -552.0, "floor_height_avg": -28.08586387434555, "ceiling_height_max": 470.0, "ceiling_height_min": -536.0, "ceiling_height_avg": 125.89424083769633, "room_height_max": 1006.0, "room_height_min": 0.0, "room_height_avg": 153.98010471204188, "sector_area_max": 81697226.0, "sector_area_min": 0.0, "sector_area_avg": 130948.8167539267, "lines_per_sector_max": 160.0, "lines_per_sector_min": 2.0, "lines_per_sector_avg": 13.523560209424083, "sector_aspect_ratio_max": 52.333333333333336, "sector_aspect_ratio_min": 1.0, "sector_aspect_ratio_avg": 2.7128896943270266, "floors": 1, "level_area": 80115, "floors_area_mean": 80115.0, "floors_area_min": 80115, "floors_area_max": 80115, "floors_area_std": 0.0, "level_bbox_area": 96900, "level_convex_area": 80546, "floors_convex_area_mean": 80546.0, "floors_convex_area_min": 80546, "floors_convex_area_max": 80546, "floors_convex_area_std": 0.0, "level_eccentricity": 0.5640245354462536, "floors_eccentricity_mean": 0.5640245354462536, "floors_eccentricity_min": 0.5640245354462536, "floors_eccentricity_max": 0.5640245354462536, "floors_eccentricity_std": 0.0, "level_equivalent_diameter": 319.38313375389373, "floors_equivalent_diameter_mean": 319.38313375389373, "floors_equivalent_diameter_min": 319.38313375389373, "floors_equivalent_diameter_max": 319.38313375389373, "floors_equivalent_diameter_std": 0.0, "level_euler_number": 1, "floors_euler_number_mean": 1.0, "floors_euler_number_min": 1, "floors_euler_number_max": 1, "floors_euler_number_std": 0.0, "level_extent": 0.826780185758514, "floors_extent_mean": 0.826780185758514, "floors_extent_min": 0.826780185758514, "floors_extent_max": 0.826780185758514, "floors_extent_std": 0.0, "level_filled_area": 80115, "floors_filled_area_mean": 80115.0, "floors_filled_area_min": 80115, "floors_filled_area_max": 80115, "floors_filled_area_std": 0.0, "level_major_axis_length": 353.00036014540945, "floors_major_axis_length_mean": 353.00036014540945, "floors_major_axis_length_min": 353.00036014540945, "floors_major_axis_length_max": 353.00036014540945, "floors_major_axis_length_std": 0.0, "level_minor_axis_length": 291.4928818344458, "floors_minor_axis_length_mean": 291.4928818344458, "floors_minor_axis_length_min": 291.4928818344458, "floors_minor_axis_length_max": 291.4928818344458, "floors_minor_axis_length_std": 0.0, "level_orientation": 0.6186011159682516, "floors_orientation_mean": 0.6186011159682516, "floors_orientation_min": 0.6186011159682516, "floors_orientation_max": 0.6186011159682516, "floors_orientation_std": 0.0, "level_perimeter": 1085.0092347159894, "floors_perimeter_mean": 1085.0092347159894, "floors_perimeter_min": 1085.0092347159894, "floors_perimeter_max": 1085.0092347159894, "floors_perimeter_std": 0.0, "level_solidity": 0.9946490204355275, "floors_solidity_mean": 0.9946490204355275, "floors_solidity_min": 0.9946490204355275, "floors_solidity_max": 0.9946490204355275, "floors_solidity_std": 0.0, "level_hu_moment_0": 0.16349728080176854, "level_hu_moment_1": 0.0009563677892309325, "level_hu_moment_2": 2.051048978634933e-05, "level_hu_moment_3": 8.480171268118898e-07, "level_hu_moment_4": 3.3035684236142856e-12, "level_hu_moment_5": 2.6109764172145187e-08, "level_hu_moment_6": -1.2627327961940376e-12, "level_centroid_x": 160.78469699806527, "level_centroid_y": 153.8963989265431, "number_of_artifacts": 19, "number_of_powerups": 46, "number_of_weapons": 9, "number_of_ammunitions": 97, "number_of_keys": 2, "number_of_monsters": 253, "number_of_obstacles": 33, "number_of_decorations": 0, "walkable_area": 74423, "walkable_percentage": 0.9289521313112401, "start_location_x_px": 69, "start_location_y_px": 24, "artifacts_per_walkable_area": 0.0002552974214960429, "powerups_per_walkable_area": 0.0006180884941483143, "weapons_per_walkable_area": 0.00012093035755075716, "ammunitions_per_walkable_area": 0.0013033605202692716, "keys_per_walkable_area": 2.6873412789057146e-05, "monsters_per_walkable_area": 0.003399486717815729, "obstacles_per_walkable_area": 0.0004434113110194429, "decorations_per_walkable_area": 0.0, "nodes": 1, "avg-path-length": 0, "diameter-mean": 0, "art-points": 0, "assortativity-mean": 0, "betw-cen": NaN, "closn-cen": NaN, "distmap-max": 145.7737973711325, "distmap-mean": -Infinity, "distmap-var": 0.0, "distmap-skew": 0, "distmap-kurt": 0.0, "distmap-Q1": 0.0, "distmap-Q2": 0.0, "distmap-Q3": 0.0, "path_wallmap": "AV_MAP11_wallmap.png", "path_heightmap": "AV_MAP11_heightmap.png", "path_triggermap": "AV_MAP11_triggermap.png", "path_thingsmap": "AV_MAP11_thingsmap.png", "path_floormap": "AV_MAP11_floormap.png", "path_roommap": "AV_MAP11_roommap.png", "slot": "MAP11", "path_json": "AV_MAP11.json"}