{"number_of_lines": 1355, "number_of_things": 157, "number_of_sectors": 110, "number_of_subsectors": 777, "number_of_vertices": 1360, "x_max": 2265, "y_max": 1628, "x_min": -1737, "y_min": -3032, "height": 4661, "width": 4003, "aspect_ratio": 1.1643767174619035, "floor_height_max": 300.0, "floor_height_min": -150.0, "floor_height_avg": 54.9, "ceiling_height_max": 400.0, "ceiling_height_min": 30.0, "ceiling_height_avg": 253.8909090909091, "room_height_max": 500.0, "room_height_min": 0.0, "room_height_avg": 198.9909090909091, "sector_area_max": 873526.0, "sector_area_min": 256.0, "sector_area_avg": 47384.490909090906, "lines_per_sector_max": 229.0, "lines_per_sector_min": 4.0, "lines_per_sector_avg": 18.145454545454545, "sector_aspect_ratio_max": 17.0, "sector_aspect_ratio_min": 1.0, "sector_aspect_ratio_avg": 3.0159204000513293, "floors": 16, "level_area": 5664, "floors_area_mean": 354.0, "floors_area_min": 5, "floors_area_max": 5046, "floors_area_std": 1211.800313583059, "level_bbox_area": 17892, "level_convex_area": 12021, "floors_convex_area_mean": 600.6875, "floors_convex_area_min": 5, "floors_convex_area_max": 8860, "floors_convex_area_std": 2132.93561549423, "level_eccentricity": 0.4621368038709123, "floors_eccentricity_mean": 0.45316767047142553, "floors_eccentricity_min": 0.0, "floors_eccentricity_max": 1.0, "floors_eccentricity_std": 0.38197889199278784, "level_equivalent_diameter": 84.92130934800736, "floors_equivalent_diameter_mean": 11.360453194524379, "floors_equivalent_diameter_min": 2.5231325220201604, "floors_equivalent_diameter_max": 80.15464267734983, "floors_equivalent_diameter_std": 17.93507463188454, "level_euler_number": 6, "floors_euler_number_mean": 0.375, "floors_euler_number_min": -4, "floors_euler_number_max": 1, "floors_euler_number_std": 1.4947825928876748, "level_extent": 0.3165660630449363, "floors_extent_mean": 0.7756803540845043, "floors_extent_min": 0.4353002070393375, "floors_extent_max": 1.0, "floors_extent_std": 0.2227985681784243, "level_filled_area": 5684, "floors_filled_area_mean": 355.25, "floors_filled_area_min": 5, "floors_filled_area_max": 5054, "floors_filled_area_std": 1213.5806266993552, "level_major_axis_length": 129.86847501851489, "floors_major_axis_length_mean": 16.536192244385823, "floors_major_axis_length_min": 3.265986323710904, "floors_major_axis_length_max": 134.45182130869154, "floors_major_axis_length_std": 30.70526189616067, "level_minor_axis_length": 115.16848648102561, "floors_minor_axis_length_mean": 11.39128186794078, "floors_minor_axis_length_min": 0.0, "floors_minor_axis_length_max": 87.93191205946798, "floors_minor_axis_length_std": 19.97829140366184, "level_orientation": 0.4191432844989335, "floors_orientation_mean": 0.6769089132846413, "floors_orientation_min": -0.92015200908495, "floors_orientation_max": 1.5707963267948966, "floors_orientation_std": 0.6665419126714571, "level_perimeter": 1313.8965363437812, "floors_perimeter_mean": 82.11853352148633, "floors_perimeter_min": 3.0, "floors_perimeter_max": 939.8366158202091, "floors_perimeter_std": 222.06572537230795, "level_solidity": 0.47117544297479413, "floors_solidity_mean": 0.8812267519466958, "floors_solidity_min": 0.5695259593679458, "floors_solidity_max": 1.0, "floors_solidity_std": 0.1371306185178552, "level_hu_moment_0": 0.3324682322780367, "level_hu_moment_1": 0.0015798313749968403, "level_hu_moment_2": 0.0028254771073035205, "level_hu_moment_3": 0.0030328746455554785, "level_hu_moment_4": 7.061840491979288e-06, "level_hu_moment_5": -3.270004927359054e-05, "level_hu_moment_6": 5.380874533120671e-06, "level_centroid_x": 62.33651129943503, "level_centroid_y": 100.09092514124293, "number_of_artifacts": 1, "number_of_powerups": 16, "number_of_weapons": 10, "number_of_ammunitions": 40, "number_of_keys": 0, "number_of_monsters": 55, "number_of_obstacles": 17, "number_of_decorations": 0, "walkable_area": 4929, "walkable_percentage": 0.8702330508474576, "start_location_x_px": 42, "start_location_y_px": 3, "artifacts_per_walkable_area": 0.0002028809089064719, "powerups_per_walkable_area": 0.0032460945425035505, "weapons_per_walkable_area": 0.002028809089064719, "ammunitions_per_walkable_area": 0.008115236356258876, "keys_per_walkable_area": 0.0, "monsters_per_walkable_area": 0.011158449989855955, "obstacles_per_walkable_area": 0.003448975451410022, "decorations_per_walkable_area": 0.0, "nodes": 82, "avg-path-length": 2.737945492662474, "diameter-mean": 5.833333333333333, "art-points": 24, "assortativity-mean": 0.005537459283389987, "betw-cen": NaN, "closn-cen": NaN, "distmap-max": 12.206555615733702, "distmap-mean": -Infinity, "distmap-var": 0.0, "distmap-skew": 0, "distmap-kurt": 0.0, "distmap-Q1": 0.0, "distmap-Q2": 0.025617283950617284, "distmap-Q3": 0.08445216049382716, "path_wallmap": "AV_MAP07_wallmap.png", "path_heightmap": "AV_MAP07_heightmap.png", "path_triggermap": "AV_MAP07_triggermap.png", "path_thingsmap": "AV_MAP07_thingsmap.png", "path_floormap": "AV_MAP07_floormap.png", "path_roommap": "AV_MAP07_roommap.png", "slot": "MAP07", "path_json": "AV_MAP07.json"}