{"number_of_lines": 1359, "number_of_things": 145, "number_of_sectors": 186, "number_of_subsectors": 745, "number_of_vertices": 1221, "x_max": 1716, "y_max": 692, "x_min": -200, "y_min": -1622, "height": 2315, "width": 1917, "aspect_ratio": 1.2076160667709963, "floor_height_max": 74.0, "floor_height_min": -196.0, "floor_height_avg": -96.49462365591398, "ceiling_height_max": 130.0, "ceiling_height_min": -136.0, "ceiling_height_avg": 40.77956989247312, "room_height_max": 280.0, "room_height_min": 0.0, "room_height_avg": 137.2741935483871, "sector_area_max": 273861.5, "sector_area_min": 0.0, "sector_area_avg": 9512.354838709678, "lines_per_sector_max": 88.0, "lines_per_sector_min": 3.0, "lines_per_sector_avg": 11.21505376344086, "sector_aspect_ratio_max": 35.476190476190474, "sector_aspect_ratio_min": 1.0, "sector_aspect_ratio_avg": 3.4423845550639007, "floors": 4, "level_area": 2102, "floors_area_mean": 525.5, "floors_area_min": 6, "floors_area_max": 1968, "floors_area_std": 833.2726144545974, "level_bbox_area": 4200, "level_convex_area": 3441, "floors_convex_area_mean": 769.75, "floors_convex_area_min": 6, "floors_convex_area_max": 2923, "floors_convex_area_std": 1243.6344669958291, "level_eccentricity": 0.4411257816314879, "floors_eccentricity_mean": 0.7349116145353052, "floors_eccentricity_min": 0.5971471238573325, "floors_eccentricity_max": 0.820564828101445, "floors_eccentricity_std": 0.08576989050857615, "level_equivalent_diameter": 51.733446850498105, "floors_equivalent_diameter_mean": 17.667673899680885, "floors_equivalent_diameter_min": 2.763953195770684, "floors_equivalent_diameter_max": 50.057321382978536, "floors_equivalent_diameter_std": 18.892873781742754, "level_euler_number": -11, "floors_euler_number_mean": -2.75, "floors_euler_number_min": -13, "floors_euler_number_max": 1, "floors_euler_number_std": 5.931905258852336, "level_extent": 0.5004761904761905, "floors_extent_mean": 0.7702330508474576, "floors_extent_min": 0.5559322033898305, "floors_extent_max": 1.0, "floors_extent_std": 0.1649788066063071, "level_filled_area": 2240, "floors_filled_area_mean": 560.0, "floors_filled_area_min": 6, "floors_filled_area_max": 2106, "floors_filled_area_std": 892.9986002228671, "level_major_axis_length": 65.05314358862839, "floors_major_axis_length_mean": 22.651775422874216, "floors_major_axis_length_min": 3.265986323710904, "floors_major_axis_length_max": 64.23003501378926, "floors_major_axis_length_std": 24.26134848180581, "level_minor_axis_length": 58.38163717691754, "floors_minor_axis_length_mean": 17.03880821358892, "floors_minor_axis_length_min": 2.0, "floors_minor_axis_length_max": 51.52094911142354, "floors_minor_axis_length_std": 20.053720023466944, "level_orientation": -0.6568403171027078, "floors_orientation_mean": 0.2759088012393124, "floors_orientation_min": -0.44392608847876847, "floors_orientation_max": 1.5707963267948966, "floors_orientation_std": 0.7740410678475355, "level_perimeter": 713.8416664540925, "floors_perimeter_mean": 178.46041661352314, "floors_perimeter_min": 6.0, "floors_perimeter_max": 643.0071426749364, "floors_perimeter_std": 268.46813339331044, "level_solidity": 0.6108689334495786, "floors_solidity_mean": 0.8533576002422796, "floors_solidity_min": 0.6732808758125214, "floors_solidity_max": 1.0, "floors_solidity_std": 0.12160889618940234, "level_hu_moment_0": 0.22717432951415148, "level_hu_moment_1": 0.0005995391209811097, "level_hu_moment_2": 0.0007357405572756099, "level_hu_moment_3": 0.00020012997003991025, "level_hu_moment_4": -7.582055466202589e-09, "level_hu_moment_5": 7.942706774744594e-07, "level_hu_moment_6": -7.641936442584235e-08, "level_centroid_x": 27.15651760228354, "level_centroid_y": 44.80304471931494, "number_of_artifacts": 14, "number_of_powerups": 8, "number_of_weapons": 11, "number_of_ammunitions": 11, "number_of_keys": 1, "number_of_monsters": 60, "number_of_obstacles": 16, "number_of_decorations": 0, "walkable_area": 1538, "walkable_percentage": 0.7316841103710752, "start_location_x_px": 6, "start_location_y_px": 20, "artifacts_per_walkable_area": 0.009102730819245773, "powerups_per_walkable_area": 0.005201560468140442, "weapons_per_walkable_area": 0.007152145643693108, "ammunitions_per_walkable_area": 0.007152145643693108, "keys_per_walkable_area": 0.0006501950585175553, "monsters_per_walkable_area": 0.03901170351105332, "obstacles_per_walkable_area": 0.010403120936280884, "decorations_per_walkable_area": 0.0, "nodes": 35, "avg-path-length": 4.333333333333333, "diameter-mean": 11.0, "art-points": 12, "assortativity-mean": 0, "betw-cen": NaN, "closn-cen": NaN, "distmap-max": 8.54400374531753, "distmap-mean": -Infinity, "distmap-var": 0.0, "distmap-skew": 0, "distmap-kurt": 0.0, "distmap-Q1": 0.0, "distmap-Q2": 0.033316356845768606, "distmap-Q3": 0.1568627450980392, "path_wallmap": "AV_MAP01_wallmap.png", "path_heightmap": "AV_MAP01_heightmap.png", "path_triggermap": "AV_MAP01_triggermap.png", "path_thingsmap": "AV_MAP01_thingsmap.png", "path_floormap": "AV_MAP01_floormap.png", "path_roommap": "AV_MAP01_roommap.png", "slot": "MAP01", "path_json": "AV_MAP01.json"}