{"number_of_lines": 4111, "number_of_things": 644, "number_of_sectors": 562, "number_of_subsectors": 2650, "number_of_vertices": 4102, "x_max": 3632, "y_max": 5784, "x_min": -2746, "y_min": -2312, "height": 8097, "width": 6379, "aspect_ratio": 1.2693212102210378, "floor_height_max": 900.0, "floor_height_min": -3000.0, "floor_height_avg": -95.48398576512456, "ceiling_height_max": 900.0, "ceiling_height_min": -630.0, "ceiling_height_avg": 133.72597864768684, "room_height_max": 3256.0, "room_height_min": 0.0, "room_height_avg": 229.2099644128114, "sector_area_max": 1725977.5, "sector_area_min": 4.0, "sector_area_avg": 20556.257117437723, "lines_per_sector_max": 76.0, "lines_per_sector_min": 3.0, "lines_per_sector_avg": 11.58540925266904, "sector_aspect_ratio_max": 72.5, "sector_aspect_ratio_min": 1.0, "sector_aspect_ratio_avg": 3.269766777772839, "floors": 10, "level_area": 12689, "floors_area_mean": 1268.9, "floors_area_min": 2, "floors_area_max": 6834, "floors_area_std": 2510.8039130923785, "level_bbox_area": 50800, "level_convex_area": 31077, "floors_convex_area_mean": 2510.8, "floors_convex_area_min": 2, "floors_convex_area_max": 12889, "floors_convex_area_std": 4955.334232925162, "level_eccentricity": 0.9014514955893328, "floors_eccentricity_mean": 0.8441095669455624, "floors_eccentricity_min": 0.5684609200411019, "floors_eccentricity_max": 1.0, "floors_eccentricity_std": 0.11312260758718821, "level_equivalent_diameter": 127.1067920417492, "floors_equivalent_diameter_mean": 21.451983341062117, "floors_equivalent_diameter_min": 1.5957691216057308, "floors_equivalent_diameter_max": 93.28086110623177, "floors_equivalent_diameter_std": 33.99155879110638, "level_euler_number": -33, "floors_euler_number_mean": -3.3, "floors_euler_number_min": -21, "floors_euler_number_max": 1, "floors_euler_number_std": 8.602906485601247, "level_extent": 0.24978346456692913, "floors_extent_mean": 0.5704945615025706, "floors_extent_min": 0.26797477884434406, "floors_extent_max": 1.0, "floors_extent_std": 0.26777109915514147, "level_filled_area": 14810, "floors_filled_area_mean": 1481.2, "floors_filled_area_min": 2, "floors_filled_area_max": 7867, "floors_filled_area_std": 2932.443240712427, "level_major_axis_length": 298.5552477324755, "floors_major_axis_length_mean": 35.663666348399175, "floors_major_axis_length_min": 2.0, "floors_major_axis_length_max": 158.96575199153037, "floors_major_axis_length_std": 55.57693190000022, "level_minor_axis_length": 129.23863243358193, "floors_minor_axis_length_mean": 22.676848365626153, "floors_minor_axis_length_min": 0.0, "floors_minor_axis_length_max": 109.238125974255, "floors_minor_axis_length_std": 38.16642631854967, "level_orientation": 1.028582550561244, "floors_orientation_mean": 0.08822599590377304, "floors_orientation_min": -1.2490457723982544, "floors_orientation_max": 1.5707963267948966, "floors_orientation_std": 0.7668906461104399, "level_perimeter": 3300.3718959190023, "floors_perimeter_mean": 330.0371895919003, "floors_perimeter_min": 0.0, "floors_perimeter_max": 1736.2255762131654, "floors_perimeter_std": 628.7316350685728, "level_solidity": 0.4083083952762493, "floors_solidity_mean": 0.7132656401430167, "floors_solidity_min": 0.441849639227248, "floors_solidity_max": 1.0, "floors_solidity_std": 0.21517941124959925, "level_hu_moment_0": 0.5213071364070371, "level_hu_moment_1": 0.12728391685023965, "level_hu_moment_2": 0.011490611756373996, "level_hu_moment_3": 0.003453770232477552, "level_hu_moment_4": 1.9387890723082165e-05, "level_hu_moment_5": 0.0007618026013121882, "level_hu_moment_6": 9.874436027253548e-06, "level_centroid_x": 90.77058869887304, "level_centroid_y": 117.23792261013476, "number_of_artifacts": 22, "number_of_powerups": 26, "number_of_weapons": 4, "number_of_ammunitions": 54, "number_of_keys": 3, "number_of_monsters": 377, "number_of_obstacles": 89, "number_of_decorations": 0, "walkable_area": 10411, "walkable_percentage": 0.8204744266687682, "start_location_x_px": 18, "start_location_y_px": 78, "artifacts_per_walkable_area": 0.0021131495533570264, "powerups_per_walkable_area": 0.002497358563058304, "weapons_per_walkable_area": 0.0003842090097012775, "ammunitions_per_walkable_area": 0.005186821630967246, "keys_per_walkable_area": 0.0002881567572759581, "monsters_per_walkable_area": 0.036211699164345405, "obstacles_per_walkable_area": 0.008548650465853425, "decorations_per_walkable_area": 0.0, "nodes": 176, "avg-path-length": 3.7124244044584267, "diameter-mean": 7.5, "art-points": 47, "assortativity-mean": 0.07782737006414553, "betw-cen": NaN, "closn-cen": NaN, "distmap-max": 19.79898987322333, "distmap-mean": -Infinity, "distmap-var": 0.0, "distmap-skew": 0, "distmap-kurt": 0.0, "distmap-Q1": 0.0002545155993431855, "distmap-Q2": 0.007898193760262726, "distmap-Q3": 0.023111658456486044, "path_wallmap": "AV_MAP29_wallmap.png", "path_heightmap": "AV_MAP29_heightmap.png", "path_triggermap": "AV_MAP29_triggermap.png", "path_thingsmap": "AV_MAP29_thingsmap.png", "path_floormap": "AV_MAP29_floormap.png", "path_roommap": "AV_MAP29_roommap.png", "slot": "MAP29", "path_json": "AV_MAP29.json"}