{"number_of_lines": 3435, "number_of_things": 495, "number_of_sectors": 399, "number_of_subsectors": 1771, "number_of_vertices": 3226, "x_max": -3200, "y_max": 4224, "x_min": -12192, "y_min": -2224, "height": 6449, "width": 8993, "aspect_ratio": 1.3944797643045432, "floor_height_max": 1536.0, "floor_height_min": -1926.0, "floor_height_avg": -282.1152882205514, "ceiling_height_max": 2048.0, "ceiling_height_min": -1750.0, "ceiling_height_avg": -14.829573934837093, "room_height_max": 3628.0, "room_height_min": 0.0, "room_height_avg": 267.2857142857143, "sector_area_max": 6902112.0, "sector_area_min": 64.0, "sector_area_avg": 50826.48872180451, "lines_per_sector_max": 244.0, "lines_per_sector_min": 3.0, "lines_per_sector_avg": 12.892230576441102, "sector_aspect_ratio_max": 114.5, "sector_aspect_ratio_min": 1.0, "sector_aspect_ratio_avg": 4.747712710198144, "floors": 23, "level_area": 20458, "floors_area_mean": 889.4782608695652, "floors_area_min": 3, "floors_area_max": 10699, "floors_area_std": 2448.011098112901, "level_bbox_area": 54708, "level_convex_area": 38811, "floors_convex_area_mean": 1151.2173913043478, "floors_convex_area_min": 3, "floors_convex_area_max": 12775, "floors_convex_area_std": 2947.168441454651, "level_eccentricity": 0.8784808254974514, "floors_eccentricity_mean": 0.60795350004296, "floors_eccentricity_min": 0.0, "floors_eccentricity_max": 1.0, "floors_eccentricity_std": 0.3856704811109625, "level_equivalent_diameter": 161.3937254238589, "floors_equivalent_diameter_mean": 17.175595206801137, "floors_equivalent_diameter_min": 1.9544100476116797, "floors_equivalent_diameter_max": 116.7149942771772, "floors_equivalent_diameter_std": 28.939900228119292, "level_euler_number": -2, "floors_euler_number_mean": -0.08695652173913043, "floors_euler_number_min": -12, "floors_euler_number_max": 1, "floors_euler_number_std": 2.976911785847598, "level_extent": 0.3739489654163925, "floors_extent_mean": 0.8386211019763803, "floors_extent_min": 0.3224400871459695, "floors_extent_max": 1.0, "floors_extent_std": 0.22547380064045222, "level_filled_area": 21132, "floors_filled_area_mean": 918.7826086956521, "floors_filled_area_min": 3, "floors_filled_area_max": 10754, "floors_filled_area_std": 2497.4481055064075, "level_major_axis_length": 291.7846613509194, "floors_major_axis_length_mean": 25.7027213402538, "floors_major_axis_length_min": 2.0, "floors_major_axis_length_max": 124.88318438083991, "floors_major_axis_length_std": 39.0761836103967, "level_minor_axis_length": 139.4081764908654, "floors_minor_axis_length_mean": 14.855353704283369, "floors_minor_axis_length_min": 0.0, "floors_minor_axis_length_max": 116.77234419660662, "floors_minor_axis_length_std": 27.805390073254284, "level_orientation": 0.4535068117543909, "floors_orientation_mean": 0.5246175220331205, "floors_orientation_min": -1.5285026433073787, "floors_orientation_max": 1.5707963267948966, "floors_orientation_std": 0.9200853386343693, "level_perimeter": 2933.1788950189393, "floors_perimeter_mean": 127.52951717473651, "floors_perimeter_min": 1.0, "floors_perimeter_max": 812.7777413171634, "floors_perimeter_std": 246.23123235464377, "level_solidity": 0.5271186003967947, "floors_solidity_mean": 0.9020841015574517, "floors_solidity_min": 0.5290822921154674, "floors_solidity_max": 1.0, "floors_solidity_std": 0.15988607289128645, "level_hu_moment_0": 0.31947443626020067, "level_hu_moment_1": 0.04029142845000987, "level_hu_moment_2": 0.004261436950216473, "level_hu_moment_3": 0.0003308270283129319, "level_hu_moment_4": -1.9527874812093984e-07, "level_hu_moment_5": -3.772995176021974e-05, "level_hu_moment_6": -3.408280453301525e-07, "level_centroid_x": 130.70246358392805, "level_centroid_y": 102.70857366311468, "number_of_artifacts": 8, "number_of_powerups": 37, "number_of_weapons": 4, "number_of_ammunitions": 67, "number_of_keys": 2, "number_of_monsters": 217, "number_of_obstacles": 75, "number_of_decorations": 31, "walkable_area": 18443, "walkable_percentage": 0.9015055235115847, "start_location_x_px": 140, "start_location_y_px": 167, "artifacts_per_walkable_area": 0.00043376890961340344, "powerups_per_walkable_area": 0.002006181206961991, "weapons_per_walkable_area": 0.00021688445480670172, "ammunitions_per_walkable_area": 0.003632814618012254, "keys_per_walkable_area": 0.00010844222740335086, "monsters_per_walkable_area": 0.011765981673263568, "obstacles_per_walkable_area": 0.004066583527625657, "decorations_per_walkable_area": 0.0016808545247519384, "nodes": 153, "avg-path-length": 3.314553587048516, "diameter-mean": 7.6, "art-points": 62, "assortativity-mean": 0, "betw-cen": NaN, "closn-cen": NaN, "distmap-max": 39.698866482558415, "distmap-mean": -Infinity, "distmap-var": 0.0, "distmap-skew": 0, "distmap-kurt": 0.0, "distmap-Q1": 0.0, "distmap-Q2": 0.0026577204600906237, "distmap-Q3": 0.010805158591843849, "path_wallmap": "AV_MAP15_wallmap.png", "path_heightmap": "AV_MAP15_heightmap.png", "path_triggermap": "AV_MAP15_triggermap.png", "path_thingsmap": "AV_MAP15_thingsmap.png", "path_floormap": "AV_MAP15_floormap.png", "path_roommap": "AV_MAP15_roommap.png", "slot": "MAP15", "path_json": "AV_MAP15.json"}