{"number_of_lines": 359, "number_of_things": 12, "number_of_sectors": 58, "number_of_subsectors": 219, "number_of_vertices": 369, "x_max": 240, "y_max": 1088, "x_min": -688, "y_min": -1184, "height": 2273, "width": 929, "aspect_ratio": 2.4467168998923574, "floor_height_max": 1949.0, "floor_height_min": 0.0, "floor_height_avg": 77.22413793103448, "ceiling_height_max": 1950.0, "ceiling_height_min": 64.0, "ceiling_height_avg": 195.55172413793105, "room_height_max": 192.0, "room_height_min": 0.0, "room_height_avg": 118.32758620689656, "sector_area_max": 366336.0, "sector_area_min": 28.0, "sector_area_avg": 25225.931034482757, "lines_per_sector_max": 72.0, "lines_per_sector_min": 4.0, "lines_per_sector_avg": 10.137931034482758, "sector_aspect_ratio_max": 9.24742268041237, "sector_aspect_ratio_min": 1.0, "sector_aspect_ratio_avg": 2.8583480612724075, "floors": 4, "level_area": 1492, "floors_area_mean": 373.0, "floors_area_min": 2, "floors_area_max": 946, "floors_area_std": 396.86899601757756, "level_bbox_area": 2160, "level_convex_area": 1852, "floors_convex_area_mean": 402.25, "floors_convex_area_min": 2, "floors_convex_area_max": 1007, "floors_convex_area_std": 424.87196600858476, "level_eccentricity": 0.9213977075592303, "floors_eccentricity_mean": 0.4492305827912221, "floors_eccentricity_min": 0.0, "floors_eccentricity_max": 1.0, "floors_eccentricity_std": 0.38107202016283837, "level_equivalent_diameter": 43.585242924008845, "floors_equivalent_diameter_mean": 16.194843834367706, "floors_equivalent_diameter_min": 1.5957691216057308, "floors_equivalent_diameter_max": 34.70568554746418, "floors_equivalent_diameter_std": 14.58236549283613, "level_euler_number": 4, "floors_euler_number_mean": 1.0, "floors_euler_number_min": 1, "floors_euler_number_max": 1, "floors_euler_number_std": 0.0, "level_extent": 0.6907407407407408, "floors_extent_mean": 0.8626285541439807, "floors_extent_min": 0.6206896551724138, "floors_extent_max": 1.0, "floors_extent_std": 0.1560066994141898, "level_filled_area": 1492, "floors_filled_area_mean": 373.0, "floors_filled_area_min": 2, "floors_filled_area_max": 946, "floors_filled_area_std": 396.86899601757756, "level_major_axis_length": 77.77931648881227, "floors_major_axis_length_mean": 17.604968593162397, "floors_major_axis_length_min": 2.0, "floors_major_axis_length_max": 39.355497955033464, "floors_major_axis_length_std": 16.198734622634273, "level_minor_axis_length": 30.22667403834298, "floors_minor_axis_length_mean": 15.084828464757441, "floors_minor_axis_length_min": 0.0, "floors_minor_axis_length_max": 31.882163245950327, "floors_minor_axis_length_std": 14.232400997020585, "level_orientation": 1.570737660120289, "floors_orientation_mean": 0.6038037509476153, "floors_orientation_min": -1.4856050963493896, "floors_orientation_max": 1.5707963267948966, "floors_orientation_std": 1.2468787304617648, "level_perimeter": 225.05382386916236, "floors_perimeter_mean": 56.26345596729059, "floors_perimeter_min": 0.0, "floors_perimeter_max": 123.21320343559643, "floors_perimeter_std": 55.018121101492106, "level_solidity": 0.8056155507559395, "floors_solidity_mean": 0.9613660750584831, "floors_solidity_min": 0.9060402684563759, "floors_solidity_max": 1.0, "floors_solidity_std": 0.04039665348852962, "level_hu_moment_0": 0.29169210358943787, "level_hu_moment_1": 0.04628789032416701, "level_hu_moment_2": 0.0011197203645925105, "level_hu_moment_3": 0.0007028657693111957, "level_hu_moment_4": 6.234676296196186e-07, "level_hu_moment_5": 0.00015093002385651978, "level_hu_moment_6": 9.41074364557938e-09, "level_centroid_x": 14.129356568364612, "level_centroid_y": 39.465817694369974, "number_of_artifacts": 0, "number_of_powerups": 2, "number_of_weapons": 0, "number_of_ammunitions": 0, "number_of_keys": 0, "number_of_monsters": 2, "number_of_obstacles": 4, "number_of_decorations": 0, "walkable_area": 1320, "walkable_percentage": 0.8847184986595175, "start_location_x_px": 14, "start_location_y_px": 10, "artifacts_per_walkable_area": 0.0, "powerups_per_walkable_area": 0.0015151515151515152, "weapons_per_walkable_area": 0.0, "ammunitions_per_walkable_area": 0.0, "keys_per_walkable_area": 0.0, "monsters_per_walkable_area": 0.0015151515151515152, "obstacles_per_walkable_area": 0.0030303030303030303, "decorations_per_walkable_area": 0.0, "nodes": 3, "avg-path-length": 1.0, "diameter-mean": 1.0, "art-points": 0, "assortativity-mean": 0, "betw-cen": NaN, "closn-cen": NaN, "distmap-max": 15.0, "distmap-mean": -Infinity, "distmap-var": 0.0, "distmap-skew": 0, "distmap-kurt": 0.0, "distmap-Q1": 0.0, "distmap-Q2": 0.0, "distmap-Q3": 0.0, "path_wallmap": "Cyber110_MAP03_wallmap.png", "path_heightmap": "Cyber110_MAP03_heightmap.png", "path_triggermap": "Cyber110_MAP03_triggermap.png", "path_thingsmap": "Cyber110_MAP03_thingsmap.png", "path_floormap": "Cyber110_MAP03_floormap.png", "path_roommap": "Cyber110_MAP03_roommap.png", "slot": "MAP03", "path_json": "Cyber110_MAP03.json"}