{"number_of_lines": 516, "number_of_things": 23, "number_of_sectors": 62, "number_of_subsectors": 336, "number_of_vertices": 553, "x_max": 104, "y_max": 864, "x_min": -2184, "y_min": -544, "height": 1409, "width": 2289, "aspect_ratio": 1.624556422995032, "floor_height_max": 656.0, "floor_height_min": -40.0, "floor_height_avg": 35.064516129032256, "ceiling_height_max": 656.0, "ceiling_height_min": -8.0, "ceiling_height_avg": 120.19354838709677, "room_height_max": 192.0, "room_height_min": 0.0, "room_height_avg": 85.12903225806451, "sector_area_max": 1638400.0, "sector_area_min": 28.0, "sector_area_avg": 43597.0564516129, "lines_per_sector_max": 80.0, "lines_per_sector_min": 4.0, "lines_per_sector_avg": 14.483870967741936, "sector_aspect_ratio_max": 85.66666666666667, "sector_aspect_ratio_min": 1.0, "sector_aspect_ratio_avg": 4.1130191863381524, "floors": 2, "level_area": 2011, "floors_area_mean": 1005.5, "floors_area_min": 2, "floors_area_max": 2009, "floors_area_std": 1003.5, "level_bbox_area": 3240, "level_convex_area": 2511, "floors_convex_area_mean": 1248.0, "floors_convex_area_min": 2, "floors_convex_area_max": 2494, "floors_convex_area_std": 1246.0, "level_eccentricity": 0.7317097416240759, "floors_eccentricity_mean": 0.8651307537768782, "floors_eccentricity_min": 0.7302615075537564, "floors_eccentricity_max": 1.0, "floors_eccentricity_std": 0.1348692462231218, "level_equivalent_diameter": 50.6012324401532, "floors_equivalent_diameter_mean": 26.08591653925535, "floors_equivalent_diameter_min": 1.5957691216057308, "floors_equivalent_diameter_max": 50.57606395690497, "floors_equivalent_diameter_std": 24.490147417649617, "level_euler_number": -1, "floors_euler_number_mean": -0.5, "floors_euler_number_min": -2, "floors_euler_number_max": 1, "floors_euler_number_std": 1.5, "level_extent": 0.620679012345679, "floors_extent_mean": 0.8100308641975309, "floors_extent_min": 0.6200617283950617, "floors_extent_max": 1.0, "floors_extent_std": 0.18996913580246916, "level_filled_area": 2016, "floors_filled_area_mean": 1008.0, "floors_filled_area_min": 2, "floors_filled_area_max": 2014, "floors_filled_area_std": 1006.0, "level_major_axis_length": 65.3347330635159, "floors_major_axis_length_mean": 33.60332122665462, "floors_major_axis_length_min": 2.0, "floors_major_axis_length_max": 65.20664245330924, "floors_major_axis_length_std": 31.60332122665462, "level_minor_axis_length": 44.533222538983395, "floors_minor_axis_length_mean": 22.273536553712162, "floors_minor_axis_length_min": 0.0, "floors_minor_axis_length_max": 44.547073107424325, "floors_minor_axis_length_std": 22.273536553712162, "level_orientation": -0.0863430510530329, "floors_orientation_mean": 0.741363913814947, "floors_orientation_min": -0.08806849916500248, "floors_orientation_max": 1.5707963267948966, "floors_orientation_std": 0.8294324129799495, "level_perimeter": 251.29036790187178, "floors_perimeter_mean": 125.64518395093589, "floors_perimeter_min": 0.0, "floors_perimeter_max": 251.29036790187178, "floors_perimeter_std": 125.64518395093589, "level_solidity": 0.8008761449621664, "floors_solidity_mean": 0.902766639935846, "floors_solidity_min": 0.8055332798716921, "floors_solidity_max": 1.0, "floors_solidity_std": 0.09723336006415395, "level_hu_moment_0": 0.1943011951201982, "level_hu_moment_1": 0.005045076151170171, "level_hu_moment_2": 0.0015914000640379657, "level_hu_moment_3": 0.000340144479316971, "level_hu_moment_4": 2.500384269226994e-07, "level_hu_moment_5": 2.4087128253337466e-05, "level_hu_moment_6": 1.0437664844766607e-08, "level_centroid_x": 41.720537046245646, "level_centroid_y": 24.11238189955246, "number_of_artifacts": 3, "number_of_powerups": 0, "number_of_weapons": 0, "number_of_ammunitions": 5, "number_of_keys": 0, "number_of_monsters": 1, "number_of_obstacles": 7, "number_of_decorations": 0, "walkable_area": 1737, "walkable_percentage": 0.8637493784186971, "start_location_x_px": 44, "start_location_y_px": 21, "artifacts_per_walkable_area": 0.0017271157167530224, "powerups_per_walkable_area": 0.0, "weapons_per_walkable_area": 0.0, "ammunitions_per_walkable_area": 0.0028785261945883708, "keys_per_walkable_area": 0.0, "monsters_per_walkable_area": 0.0005757052389176742, "obstacles_per_walkable_area": 0.004029936672423719, "decorations_per_walkable_area": 0.0, "nodes": 8, "avg-path-length": 2.642857142857143, "diameter-mean": 6.0, "art-points": 5, "assortativity-mean": -0.14285714285714285, "betw-cen": NaN, "closn-cen": NaN, "distmap-max": 21.37755832643195, "distmap-mean": -Infinity, "distmap-var": 0.0, "distmap-skew": 0, "distmap-kurt": 0.0, "distmap-Q1": 0.0, "distmap-Q2": 0.2857142857142857, "distmap-Q3": 0.49999999999999994, "path_wallmap": "Cyber110_MAP31_wallmap.png", "path_heightmap": "Cyber110_MAP31_heightmap.png", "path_triggermap": "Cyber110_MAP31_triggermap.png", "path_thingsmap": "Cyber110_MAP31_thingsmap.png", "path_floormap": "Cyber110_MAP31_floormap.png", "path_roommap": "Cyber110_MAP31_roommap.png", "slot": "MAP31", "path_json": "Cyber110_MAP31.json"}