{"number_of_lines": 316, "number_of_things": 11, "number_of_sectors": 56, "number_of_subsectors": 232, "number_of_vertices": 388, "x_max": 1152, "y_max": 480, "x_min": -1344, "y_min": -608, "height": 1089, "width": 2497, "aspect_ratio": 2.292929292929293, "floor_height_max": 799.0, "floor_height_min": -16.0, "floor_height_avg": 33.767857142857146, "ceiling_height_max": 800.0, "ceiling_height_min": 0.0, "ceiling_height_avg": 134.85714285714286, "room_height_max": 192.0, "room_height_min": 0.0, "room_height_avg": 101.08928571428571, "sector_area_max": 778240.0, "sector_area_min": 128.0, "sector_area_avg": 25059.428571428572, "lines_per_sector_max": 118.0, "lines_per_sector_min": 4.0, "lines_per_sector_avg": 9.571428571428571, "sector_aspect_ratio_max": 9.36923076923077, "sector_aspect_ratio_min": 1.0, "sector_aspect_ratio_avg": 3.2120543915184188, "floors": 4, "level_area": 1282, "floors_area_mean": 320.5, "floors_area_min": 8, "floors_area_max": 1166, "floors_area_std": 488.51074706704253, "level_bbox_area": 2450, "level_convex_area": 2125, "floors_convex_area_mean": 434.25, "floors_convex_area_min": 11, "floors_convex_area_max": 1618, "floors_convex_area_std": 683.6637971254585, "level_eccentricity": 0.9091436375216664, "floors_eccentricity_mean": 0.8172263829284054, "floors_eccentricity_min": 0.75, "floors_eccentricity_max": 0.9199611996491467, "floors_eccentricity_std": 0.07176218361246366, "level_equivalent_diameter": 40.4016471984804, "floors_equivalent_diameter_mean": 14.576432473255826, "floors_equivalent_diameter_min": 3.1915382432114616, "floors_equivalent_diameter_max": 38.530472475187736, "floors_equivalent_diameter_std": 13.98573882353852, "level_euler_number": 4, "floors_euler_number_mean": 1.0, "floors_euler_number_min": 1, "floors_euler_number_max": 1, "floors_euler_number_std": 0.0, "level_extent": 0.5232653061224489, "floors_extent_mean": 0.7439795918367347, "floors_extent_min": 0.47591836734693876, "floors_extent_max": 1.0, "floors_extent_std": 0.2561619410158144, "level_filled_area": 1282, "floors_filled_area_mean": 320.5, "floors_filled_area_min": 8, "floors_filled_area_max": 1166, "floors_filled_area_std": 488.51074706704253, "level_major_axis_length": 75.59093465734347, "floors_major_axis_length_mean": 24.096577746597937, "floors_major_axis_length_min": 4.922613594249145, "floors_major_axis_length_max": 70.80778621236972, "floors_major_axis_length_std": 27.058860886209345, "level_minor_axis_length": 31.48231719273673, "floors_minor_axis_length_mean": 11.005358701649246, "floors_minor_axis_length_min": 2.6015140594879567, "floors_minor_axis_length_max": 27.757319725829568, "floors_minor_axis_length_std": 9.824692444157055, "level_orientation": -0.0015674418999624044, "floors_orientation_mean": -0.14478763410077022, "floors_orientation_min": -0.5791929425987546, "floors_orientation_max": 4.2406195673715905e-05, "floors_orientation_std": 0.25080402239622057, "level_perimeter": 256.23149339882605, "floors_perimeter_mean": 64.05787334970651, "floors_perimeter_min": 7.82842712474619, "floors_perimeter_max": 196.40306627407986, "floors_perimeter_std": 76.76881554505043, "level_solidity": 0.6032941176470589, "floors_solidity_mean": 0.86197887403079, "floors_solidity_min": 0.7206427688504327, "floors_solidity_max": 1.0, "floors_solidity_std": 0.13804102925360168, "level_hu_moment_0": 0.3268879533051314, "level_hu_moment_1": 0.05301427913534054, "level_hu_moment_2": 0.0034271954760305215, "level_hu_moment_3": 0.0046130887876643266, "level_hu_moment_4": 1.8341900899355532e-05, "level_hu_moment_5": 0.001062141704284538, "level_hu_moment_6": -1.4091022111242456e-07, "level_centroid_x": 30.46021840873635, "level_centroid_y": 16.957878315132604, "number_of_artifacts": 1, "number_of_powerups": 2, "number_of_weapons": 0, "number_of_ammunitions": 0, "number_of_keys": 0, "number_of_monsters": 4, "number_of_obstacles": 2, "number_of_decorations": 0, "walkable_area": 1093, "walkable_percentage": 0.8525741029641186, "start_location_x_px": 36, "start_location_y_px": 20, "artifacts_per_walkable_area": 0.0009149130832570906, "powerups_per_walkable_area": 0.0018298261665141812, "weapons_per_walkable_area": 0.0, "ammunitions_per_walkable_area": 0.0, "keys_per_walkable_area": 0.0, "monsters_per_walkable_area": 0.0036596523330283625, "obstacles_per_walkable_area": 0.0018298261665141812, "decorations_per_walkable_area": 0.0, "nodes": 8, "avg-path-length": 1.0, "diameter-mean": 1.0, "art-points": 0, "assortativity-mean": NaN, "betw-cen": NaN, "closn-cen": NaN, "distmap-max": 13.892443989449804, "distmap-mean": -Infinity, "distmap-var": 0.0, "distmap-skew": 0, "distmap-kurt": 0.0, "distmap-Q1": 0.0, "distmap-Q2": 0.0, "distmap-Q3": 0.0, "path_wallmap": "Cyber110_MAP20_wallmap.png", "path_heightmap": "Cyber110_MAP20_heightmap.png", "path_triggermap": "Cyber110_MAP20_triggermap.png", "path_thingsmap": "Cyber110_MAP20_thingsmap.png", "path_floormap": "Cyber110_MAP20_floormap.png", "path_roommap": "Cyber110_MAP20_roommap.png", "slot": "MAP20", "path_json": "Cyber110_MAP20.json"}