{"number_of_lines": 275, "number_of_things": 20, "number_of_sectors": 57, "number_of_subsectors": 225, "number_of_vertices": 361, "x_max": -224, "y_max": 896, "x_min": -2880, "y_min": -1536, "height": 2433, "width": 2657, "aspect_ratio": 1.0920674064940403, "floor_height_max": 128.0, "floor_height_min": -544.0, "floor_height_avg": 9.263157894736842, "ceiling_height_max": 208.0, "ceiling_height_min": 8.0, "ceiling_height_avg": 177.26315789473685, "room_height_max": 752.0, "room_height_min": 8.0, "room_height_avg": 168.0, "sector_area_max": 2621440.0, "sector_area_min": 28.0, "sector_area_avg": 67362.63157894737, "lines_per_sector_max": 86.0, "lines_per_sector_min": 3.0, "lines_per_sector_avg": 9.070175438596491, "sector_aspect_ratio_max": 5.666666666666667, "sector_aspect_ratio_min": 1.0, "sector_aspect_ratio_avg": 2.067087673429344, "floors": 4, "level_area": 2736, "floors_area_mean": 684.0, "floors_area_min": 4, "floors_area_max": 2724, "floors_area_std": 1177.7945491468365, "level_bbox_area": 6314, "level_convex_area": 3343, "floors_convex_area_mean": 806.75, "floors_convex_area_min": 4, "floors_convex_area_max": 3215, "floors_convex_area_std": 1390.4037857759163, "level_eccentricity": 0.31323449866723985, "floors_eccentricity_mean": 0.07318942517815064, "floors_eccentricity_min": 0.0, "floors_eccentricity_max": 0.29275770071260254, "floors_eccentricity_std": 0.12676780298531773, "level_equivalent_diameter": 59.02188911239122, "floors_equivalent_diameter_mean": 16.41564697807796, "floors_equivalent_diameter_min": 2.256758334191025, "floors_equivalent_diameter_max": 58.89231290973876, "floors_equivalent_diameter_std": 24.52391450992217, "level_euler_number": 4, "floors_euler_number_mean": 1.0, "floors_euler_number_min": 1, "floors_euler_number_max": 1, "floors_euler_number_std": 0.0, "level_extent": 0.4333227747861894, "floors_extent_mean": 0.8591871091871092, "floors_extent_min": 0.4367484367484368, "floors_extent_max": 1.0, "floors_extent_std": 0.24389508124857567, "level_filled_area": 2736, "floors_filled_area_mean": 684.0, "floors_filled_area_min": 4, "floors_filled_area_max": 2724, "floors_filled_area_std": 1177.7945491468365, "level_major_axis_length": 66.51110755667055, "floors_major_axis_length_mean": 17.97404800960103, "floors_major_axis_length_min": 2.0, "floors_major_axis_length_max": 65.89619203840412, "floors_major_axis_length_std": 27.66786275517348, "level_minor_axis_length": 63.16399010905612, "floors_minor_axis_length_mean": 17.252264942217803, "floors_minor_axis_length_min": 2.0, "floors_minor_axis_length_max": 63.00905976887121, "floors_minor_axis_length_std": 26.41769781042282, "level_orientation": -0.1596975468606421, "floors_orientation_mean": 0.5869558497304084, "floors_orientation_min": -0.008371091270711341, "floors_orientation_max": 0.7853981633974483, "floors_orientation_std": 0.34371216964283297, "level_perimeter": 274.62236636408613, "floors_perimeter_mean": 68.65559159102153, "floors_perimeter_min": 4.0, "floors_perimeter_max": 262.62236636408613, "floors_perimeter_std": 111.98676962907234, "level_solidity": 0.8184265629673946, "floors_solidity_mean": 0.9618195956454121, "floors_solidity_min": 0.8472783825816486, "floors_solidity_max": 1.0, "floors_solidity_std": 0.06613040019567018, "level_hu_moment_0": 0.19219245876534946, "level_hu_moment_1": 9.83066551048815e-05, "level_hu_moment_2": 0.00388123340570833, "level_hu_moment_3": 5.628795609918907e-06, "level_hu_moment_4": -2.0529298501795394e-10, "level_hu_moment_5": -2.0745082725225227e-08, "level_hu_moment_6": 8.062445349169946e-10, "level_centroid_x": 42.89985380116959, "level_centroid_y": 43.43311403508772, "number_of_artifacts": 0, "number_of_powerups": 3, "number_of_weapons": 0, "number_of_ammunitions": 0, "number_of_keys": 0, "number_of_monsters": 0, "number_of_obstacles": 6, "number_of_decorations": 0, "walkable_area": 2503, "walkable_percentage": 0.9148391812865497, "start_location_x_px": 43, "start_location_y_px": 41, "artifacts_per_walkable_area": 0.0, "powerups_per_walkable_area": 0.0011985617259288853, "weapons_per_walkable_area": 0.0, "ammunitions_per_walkable_area": 0.0, "keys_per_walkable_area": 0.0, "monsters_per_walkable_area": 0.0, "obstacles_per_walkable_area": 0.0023971234518577705, "decorations_per_walkable_area": 0.0, "nodes": 6, "avg-path-length": 1.3333333333333333, "diameter-mean": 2.0, "art-points": 1, "assortativity-mean": -1.0, "betw-cen": NaN, "closn-cen": NaN, "distmap-max": 22.80350850198276, "distmap-mean": -Infinity, "distmap-var": 0.0, "distmap-skew": 0, "distmap-kurt": 0.0, "distmap-Q1": 0.0, "distmap-Q2": 0.0, "distmap-Q3": 0.0, "path_wallmap": "Cyber110_MAP10_wallmap.png", "path_heightmap": "Cyber110_MAP10_heightmap.png", "path_triggermap": "Cyber110_MAP10_triggermap.png", "path_thingsmap": "Cyber110_MAP10_thingsmap.png", "path_floormap": "Cyber110_MAP10_floormap.png", "path_roommap": "Cyber110_MAP10_roommap.png", "slot": "MAP10", "path_json": "Cyber110_MAP10.json"}