{"number_of_lines": 766, "number_of_things": 10, "number_of_sectors": 95, "number_of_subsectors": 993, "number_of_vertices": 1039, "x_max": 1248, "y_max": 1088, "x_min": -4224, "y_min": -1216, "height": 2305, "width": 5473, "aspect_ratio": 2.3744034707158352, "floor_height_max": 576.0, "floor_height_min": -1500.0, "floor_height_avg": 61.72631578947368, "ceiling_height_max": 800.0, "ceiling_height_min": -1500.0, "ceiling_height_avg": 357.17894736842106, "room_height_max": 2300.0, "room_height_min": 0.0, "room_height_avg": 295.4526315789474, "sector_area_max": 6690816.0, "sector_area_min": 0.0, "sector_area_avg": 314146.1052631579, "lines_per_sector_max": 168.0, "lines_per_sector_min": 3.0, "lines_per_sector_avg": 14.673684210526316, "sector_aspect_ratio_max": 33.0, "sector_aspect_ratio_min": 1.0, "sector_aspect_ratio_avg": 6.434108516217736, "floors": 6, "level_area": 10937, "floors_area_mean": 1822.8333333333333, "floors_area_min": 4, "floors_area_max": 6700, "floors_area_std": 2669.9118847299483, "level_bbox_area": 12556, "level_convex_area": 11871, "floors_convex_area_mean": 1822.8333333333333, "floors_convex_area_min": 4, "floors_convex_area_max": 6700, "floors_convex_area_std": 2669.9118847299483, "level_eccentricity": 0.9258468760315026, "floors_eccentricity_mean": 0.18046450131461544, "floors_eccentricity_min": 0.0, "floors_eccentricity_max": 0.7423982189576906, "floors_eccentricity_std": 0.280361381592992, "level_equivalent_diameter": 118.00602061237585, "floors_equivalent_diameter_mean": 29.116461174762776, "floors_equivalent_diameter_min": 2.256758334191025, "floors_equivalent_diameter_max": 92.3618154310838, "floors_equivalent_diameter_std": 38.38144306979539, "level_euler_number": 6, "floors_euler_number_mean": 1.0, "floors_euler_number_min": 1, "floors_euler_number_max": 1, "floors_euler_number_std": 0.0, "level_extent": 0.8710576616756929, "floors_extent_mean": 1.0, "floors_extent_min": 1.0, "floors_extent_max": 1.0, "floors_extent_std": 0.0, "level_filled_area": 10937, "floors_filled_area_mean": 1822.8333333333333, "floors_filled_area_min": 4, "floors_filled_area_max": 6700, "floors_filled_area_std": 2669.9118847299483, "level_major_axis_length": 200.523589213873, "floors_major_axis_length_mean": 33.47009976902389, "floors_major_axis_length_min": 2.0, "floors_major_axis_length_max": 115.46428019088847, "floors_major_axis_length_std": 45.84487344787405, "level_minor_axis_length": 75.77763941600014, "floors_minor_axis_length_mean": 26.348881245641014, "floors_minor_axis_length_min": 2.0, "floors_minor_axis_length_max": 77.35631842325486, "floors_minor_axis_length_std": 34.46032842096669, "level_orientation": -0.0013368254912493407, "floors_orientation_mean": 0.5235987755982988, "floors_orientation_min": 0.0, "floors_orientation_max": 0.7853981633974483, "floors_orientation_std": 0.37024024484653045, "level_perimeter": 602.0, "floors_perimeter_mean": 100.33333333333333, "floors_perimeter_min": 4.0, "floors_perimeter_max": 330.0, "floors_perimeter_std": 137.90052775662448, "level_solidity": 0.9213208659759077, "floors_solidity_mean": 1.0, "floors_solidity_min": 1.0, "floors_solidity_max": 1.0, "floors_solidity_std": 0.0, "level_hu_moment_0": 0.26259463556434254, "level_hu_moment_1": 0.03879557121722034, "level_hu_moment_2": 0.00010505897433414322, "level_hu_moment_3": 4.598461089046076e-05, "level_hu_moment_4": 3.195991614890802e-09, "level_hu_moment_5": 9.056916820750291e-06, "level_hu_moment_6": -3.739168612375669e-11, "level_centroid_x": 87.3693883148944, "level_centroid_y": 38.943677425253725, "number_of_artifacts": 0, "number_of_powerups": 0, "number_of_weapons": 0, "number_of_ammunitions": 0, "number_of_keys": 0, "number_of_monsters": 2, "number_of_obstacles": 2, "number_of_decorations": 0, "walkable_area": 10182, "walkable_percentage": 0.9309682728353296, "start_location_x_px": 33, "start_location_y_px": 37, "artifacts_per_walkable_area": 0.0, "powerups_per_walkable_area": 0.0, "weapons_per_walkable_area": 0.0, "ammunitions_per_walkable_area": 0.0, "keys_per_walkable_area": 0.0, "monsters_per_walkable_area": 0.00019642506383814575, "obstacles_per_walkable_area": 0.00019642506383814575, "decorations_per_walkable_area": 0.0, "nodes": 22, "avg-path-length": 2.75, "diameter-mean": 5.5, "art-points": 9, "assortativity-mean": -0.5324711444861634, "betw-cen": NaN, "closn-cen": NaN, "distmap-max": 67.0, "distmap-mean": -Infinity, "distmap-var": 0.0, "distmap-skew": 0, "distmap-kurt": 0.0, "distmap-Q1": 0.0, "distmap-Q2": 0.0, "distmap-Q3": 0.06666666666666668, "path_wallmap": "Cyber110_MAP29_wallmap.png", "path_heightmap": "Cyber110_MAP29_heightmap.png", "path_triggermap": "Cyber110_MAP29_triggermap.png", "path_thingsmap": "Cyber110_MAP29_thingsmap.png", "path_floormap": "Cyber110_MAP29_floormap.png", "path_roommap": "Cyber110_MAP29_roommap.png", "slot": "MAP29", "path_json": "Cyber110_MAP29.json"}