{"number_of_lines": 614, "number_of_things": 338, "number_of_sectors": 34, "number_of_subsectors": 407, "number_of_vertices": 629, "x_max": 1792, "y_max": 4224, "x_min": -5888, "y_min": -2048, "height": 6273, "width": 7681, "aspect_ratio": 1.2244540092459748, "floor_height_max": 1599.0, "floor_height_min": -4000.0, "floor_height_avg": -473.20588235294116, "ceiling_height_max": 1700.0, "ceiling_height_min": -4000.0, "ceiling_height_avg": 306.3529411764706, "room_height_max": 1708.0, "room_height_min": 0.0, "room_height_avg": 779.5588235294117, "sector_area_max": 34603008.0, "sector_area_min": 256.0, "sector_area_avg": 2979290.3529411764, "lines_per_sector_max": 496.0, "lines_per_sector_min": 4.0, "lines_per_sector_avg": 34.588235294117645, "sector_aspect_ratio_max": 47.63565891472868, "sector_aspect_ratio_min": 1.0, "sector_aspect_ratio_avg": 8.069196341010157, "floors": 6, "level_area": 37164, "floors_area_mean": 6194.0, "floors_area_min": 1, "floors_area_max": 37121, "floors_area_std": 13830.977779366625, "level_bbox_area": 47083, "level_convex_area": 41769, "floors_convex_area_mean": 6198.0, "floors_convex_area_min": 1, "floors_convex_area_max": 37145, "floors_convex_area_std": 13839.922049395125, "level_eccentricity": 0.3952852214437082, "floors_eccentricity_mean": 0.20124422668266403, "floors_eccentricity_min": 0.0, "floors_eccentricity_max": 0.816496580927726, "floors_eccentricity_std": 0.30998059625089547, "level_equivalent_diameter": 217.52856005715108, "floors_equivalent_diameter_mean": 38.4666511262818, "floors_equivalent_diameter_min": 1.1283791670955126, "floors_equivalent_diameter_max": 217.4026796985584, "floors_equivalent_diameter_std": 80.04225441114538, "level_euler_number": 6, "floors_euler_number_mean": 1.0, "floors_euler_number_min": 1, "floors_euler_number_max": 1, "floors_euler_number_std": 0.0, "level_extent": 0.7893294819786335, "floors_extent_mean": 0.9997131459818028, "floors_extent_min": 0.9982788758908162, "floors_extent_max": 1.0, "floors_extent_std": 0.0006414250843081212, "level_filled_area": 37164, "floors_filled_area_mean": 6194.0, "floors_filled_area_min": 1, "floors_filled_area_max": 37121, "floors_filled_area_std": 13830.977779366625, "level_major_axis_length": 232.22462516090454, "floors_major_axis_length_mean": 40.50479228618469, "floors_major_axis_length_min": 0.0, "floors_major_axis_length_max": 231.71504521812335, "floors_major_axis_length_std": 85.54923825060742, "level_minor_axis_length": 213.3118876493246, "floors_minor_axis_length_mean": 37.03238021143222, "floors_minor_axis_length_min": 0.0, "floors_minor_axis_length_max": 213.27144069539005, "floors_minor_axis_length_std": 78.84477469286249, "level_orientation": -0.015435222146458838, "floors_orientation_mean": 0.7853981633974483, "floors_orientation_min": 0.0, "floors_orientation_max": 1.5707963267948966, "floors_orientation_std": 0.45344984105855446, "level_perimeter": 793.6568542494924, "floors_perimeter_mean": 132.2761423749154, "floors_perimeter_min": 0.0, "floors_perimeter_max": 765.6568542494924, "floors_perimeter_std": 283.32800526648003, "level_solidity": 0.8897507721037132, "floors_solidity_mean": 0.999892313904967, "floors_solidity_min": 0.9993538834298021, "floors_solidity_max": 1.0, "floors_solidity_std": 0.0002407934287252395, "level_hu_moment_0": 0.1672153124388533, "level_hu_moment_1": 0.0002008123990899463, "level_hu_moment_2": 1.8900169004861223e-07, "level_hu_moment_3": 2.8976349840555775e-08, "level_hu_moment_4": 2.1364561278442166e-15, "level_hu_moment_5": 2.5382585460920683e-10, "level_hu_moment_6": 1.8398102786388196e-16, "level_centroid_x": 139.85838445807772, "level_centroid_y": 104.05403078247767, "number_of_artifacts": 1, "number_of_powerups": 0, "number_of_weapons": 0, "number_of_ammunitions": 0, "number_of_keys": 0, "number_of_monsters": 124, "number_of_obstacles": 92, "number_of_decorations": 0, "walkable_area": 36369, "walkable_percentage": 0.9786083306425574, "start_location_x_px": 140, "start_location_y_px": 104, "artifacts_per_walkable_area": 2.749594434820864e-05, "powerups_per_walkable_area": 0.0, "weapons_per_walkable_area": 0.0, "ammunitions_per_walkable_area": 0.0, "keys_per_walkable_area": 0.0, "monsters_per_walkable_area": 0.0034094970991778713, "obstacles_per_walkable_area": 0.002529626880035195, "decorations_per_walkable_area": 0.0, "nodes": 4, "avg-path-length": 1.0, "diameter-mean": 1.0, "art-points": 0, "assortativity-mean": NaN, "betw-cen": NaN, "closn-cen": NaN, "distmap-max": 111.0, "distmap-mean": -Infinity, "distmap-var": 0.0, "distmap-skew": 0, "distmap-kurt": 0.0, "distmap-Q1": 0.0, "distmap-Q2": 0.0, "distmap-Q3": 0.0, "path_wallmap": "Cyber110_MAP30_wallmap.png", "path_heightmap": "Cyber110_MAP30_heightmap.png", "path_triggermap": "Cyber110_MAP30_triggermap.png", "path_thingsmap": "Cyber110_MAP30_thingsmap.png", "path_floormap": "Cyber110_MAP30_floormap.png", "path_roommap": "Cyber110_MAP30_roommap.png", "slot": "MAP30", "path_json": "Cyber110_MAP30.json"}