{"number_of_lines": 612, "number_of_things": 33, "number_of_sectors": 108, "number_of_subsectors": 401, "number_of_vertices": 819, "x_max": 512, "y_max": 384, "x_min": -576, "y_min": -1728, "height": 2113, "width": 1089, "aspect_ratio": 1.9403122130394859, "floor_height_max": 64.0, "floor_height_min": -256.0, "floor_height_avg": -56.074074074074076, "ceiling_height_max": 512.0, "ceiling_height_min": -208.0, "ceiling_height_avg": 116.53703703703704, "room_height_max": 768.0, "room_height_min": 0.0, "room_height_avg": 172.61111111111111, "sector_area_max": 311296.0, "sector_area_min": 48.0, "sector_area_avg": 5883.555555555556, "lines_per_sector_max": 76.0, "lines_per_sector_min": 3.0, "lines_per_sector_avg": 8.694444444444445, "sector_aspect_ratio_max": 25.8, "sector_aspect_ratio_min": 1.0, "sector_aspect_ratio_avg": 2.0907997137972814, "floors": 3, "level_area": 728, "floors_area_mean": 242.66666666666666, "floors_area_min": 17, "floors_area_max": 618, "floors_area_std": 267.20820014030676, "level_bbox_area": 2345, "level_convex_area": 1725, "floors_convex_area_mean": 416.0, "floors_convex_area_min": 19, "floors_convex_area_max": 1131, "floors_convex_area_std": 506.6089879450094, "level_eccentricity": 0.8039406451350632, "floors_eccentricity_mean": 0.7748854774499733, "floors_eccentricity_min": 0.3969131483667802, "floors_eccentricity_max": 0.9887548868918258, "floors_eccentricity_std": 0.2680379165232615, "level_equivalent_diameter": 30.445334430207833, "floors_equivalent_diameter_mean": 14.528394126665765, "floors_equivalent_diameter_min": 4.652426491681278, "floors_equivalent_diameter_max": 28.05106127486678, "floors_equivalent_diameter_std": 9.894370131005303, "level_euler_number": 3, "floors_euler_number_mean": 1.0, "floors_euler_number_min": 1, "floors_euler_number_max": 1, "floors_euler_number_std": 0.0, "level_extent": 0.31044776119402984, "floors_extent_mean": 0.7581962481962482, "floors_extent_min": 0.535064935064935, "floors_extent_max": 0.93, "floors_extent_std": 0.1652660789811225, "level_filled_area": 728, "floors_filled_area_mean": 242.66666666666666, "floors_filled_area_min": 17, "floors_filled_area_max": 618, "floors_filled_area_std": 267.20820014030676, "level_major_axis_length": 61.05495111415232, "floors_major_axis_length_mean": 25.364853052943232, "floors_major_axis_length_min": 8.047030104772455, "floors_major_axis_length_max": 39.35218006594497, "floors_major_axis_length_std": 12.995441659892597, "level_minor_axis_length": 36.3099620013007, "floors_minor_axis_length_mean": 14.392886738896586, "floors_minor_axis_length_min": 2.767766501419623, "floors_minor_axis_length_max": 36.11964135893608, "floors_minor_axis_length_std": 15.375720081285877, "level_orientation": 1.5684469045227423, "floors_orientation_mean": -0.567198276784234, "floors_orientation_min": -1.555971926890369, "floors_orientation_max": -0.022192839236597005, "floors_orientation_std": 0.7003890548778502, "level_perimeter": 263.1726188957803, "floors_perimeter_mean": 87.72420629859344, "floors_perimeter_min": 14.207106781186548, "floors_perimeter_max": 194.7228714274745, "floors_perimeter_std": 77.40476621115393, "level_solidity": 0.4220289855072464, "floors_solidity_mean": 0.7967118440284113, "floors_solidity_min": 0.5464190981432361, "floors_solidity_max": 0.9489795918367347, "floors_solidity_std": 0.17836369764550083, "level_hu_moment_0": 0.43321775378497845, "level_hu_moment_1": 0.04278354544970498, "level_hu_moment_2": 0.06674752096421585, "level_hu_moment_3": 0.027919533124601412, "level_hu_moment_4": 0.0012049733213678165, "level_hu_moment_5": 0.005774246403143582, "level_hu_moment_6": -2.616553737891351e-05, "level_centroid_x": 16.76098901098901, "level_centroid_y": 44.68131868131868, "number_of_artifacts": 1, "number_of_powerups": 10, "number_of_weapons": 0, "number_of_ammunitions": 1, "number_of_keys": 0, "number_of_monsters": 0, "number_of_obstacles": 1, "number_of_decorations": 1, "walkable_area": 470, "walkable_percentage": 0.6456043956043956, "start_location_x_px": 17, "start_location_y_px": 25, "artifacts_per_walkable_area": 0.002127659574468085, "powerups_per_walkable_area": 0.02127659574468085, "weapons_per_walkable_area": 0.0, "ammunitions_per_walkable_area": 0.002127659574468085, "keys_per_walkable_area": 0.0, "monsters_per_walkable_area": 0.0, "obstacles_per_walkable_area": 0.002127659574468085, "decorations_per_walkable_area": 0.002127659574468085, "nodes": 16, "avg-path-length": 1.8015873015873016, "diameter-mean": 3.3333333333333335, "art-points": 7, "assortativity-mean": -0.12643678160919583, "betw-cen": NaN, "closn-cen": NaN, "distmap-max": 6.324555320336759, "distmap-mean": -Infinity, "distmap-var": 0.0, "distmap-skew": 0, "distmap-kurt": 0.0, "distmap-Q1": 0.0, "distmap-Q2": 0.0, "distmap-Q3": 0.05714285714285715, "path_wallmap": "Cyber110_MAP15_wallmap.png", "path_heightmap": "Cyber110_MAP15_heightmap.png", "path_triggermap": "Cyber110_MAP15_triggermap.png", "path_thingsmap": "Cyber110_MAP15_thingsmap.png", "path_floormap": "Cyber110_MAP15_floormap.png", "path_roommap": "Cyber110_MAP15_roommap.png", "slot": "MAP15", "path_json": "Cyber110_MAP15.json"}