{"number_of_lines": 1044, "number_of_things": 49, "number_of_sectors": 159, "number_of_subsectors": 830, "number_of_vertices": 1192, "x_max": 6560, "y_max": 3296, "x_min": -1280, "y_min": -1344, "height": 4641, "width": 7841, "aspect_ratio": 1.689506571859513, "floor_height_max": 1792.0, "floor_height_min": -512.0, "floor_height_avg": 295.188679245283, "ceiling_height_max": 1792.0, "ceiling_height_min": 176.0, "ceiling_height_avg": 527.5220125786163, "room_height_max": 1142.0, "room_height_min": 0.0, "room_height_avg": 232.33333333333334, "sector_area_max": 1315440.0, "sector_area_min": 16.0, "sector_area_avg": 25673.87421383648, "lines_per_sector_max": 136.0, "lines_per_sector_min": 3.0, "lines_per_sector_avg": 11.339622641509434, "sector_aspect_ratio_max": 57.0, "sector_aspect_ratio_min": 1.0, "sector_aspect_ratio_avg": 2.6121122006439483, "floors": 5, "level_area": 3676, "floors_area_mean": 735.2, "floors_area_min": 9, "floors_area_max": 2155, "floors_area_std": 837.3518734677793, "level_bbox_area": 35916, "level_convex_area": 20365, "floors_convex_area_mean": 888.2, "floors_convex_area_min": 9, "floors_convex_area_max": 2292, "floors_convex_area_std": 977.9315722482836, "level_eccentricity": 0.7850165524583479, "floors_eccentricity_mean": 0.4258845722482471, "floors_eccentricity_min": 0.0, "floors_eccentricity_max": 0.9354143466934853, "floors_eccentricity_std": 0.40117205375505716, "level_equivalent_diameter": 68.41365774789752, "floors_equivalent_diameter_mean": 23.54620661975224, "floors_equivalent_diameter_min": 3.385137501286538, "floors_equivalent_diameter_max": 52.381592367016445, "floors_equivalent_diameter_std": 19.53616817877107, "level_euler_number": -7, "floors_euler_number_mean": -1.4, "floors_euler_number_min": -11, "floors_euler_number_max": 1, "floors_euler_number_std": 4.800000000000001, "level_extent": 0.10234992760886513, "floors_extent_mean": 0.8149882769314406, "floors_extent_min": 0.4514455151964418, "floors_extent_max": 1.0, "floors_extent_std": 0.2276363424399325, "level_filled_area": 3698, "floors_filled_area_mean": 739.6, "floors_filled_area_min": 9, "floors_filled_area_max": 2177, "floors_filled_area_std": 844.825331059622, "level_major_axis_length": 227.4859883275715, "floors_major_axis_length_mean": 30.569357888257723, "floors_major_axis_length_min": 3.265986323710904, "floors_major_axis_length_max": 70.90269068207155, "floors_major_axis_length_std": 26.97999150475482, "level_minor_axis_length": 140.9218342817989, "floors_minor_axis_length_mean": 21.993896858145717, "floors_minor_axis_length_min": 2.0, "floors_minor_axis_length_max": 52.412088647273194, "floors_minor_axis_length_std": 18.977048218947033, "level_orientation": -0.02205758047356689, "floors_orientation_mean": 0.25185967297088446, "floors_orientation_min": -1.5509130253545675, "floors_orientation_max": 1.5707963267948966, "floors_orientation_std": 1.3293180569568286, "level_perimeter": 543.5523445727473, "floors_perimeter_mean": 108.71046891454947, "floors_perimeter_min": 8.0, "floors_perimeter_max": 252.66399692442883, "floors_perimeter_std": 101.46686855274676, "level_solidity": 0.18050576970292168, "floors_solidity_mean": 0.9169045592406743, "floors_solidity_min": 0.6615969581749049, "floors_solidity_max": 1.0, "floors_solidity_std": 0.12951023866972614, "level_hu_moment_0": 1.2175060912458988, "level_hu_moment_1": 0.29399699685321623, "level_hu_moment_2": 7.356736954128969, "level_hu_moment_3": 5.548042490141454, "level_hu_moment_4": 34.728336689903536, "level_hu_moment_5": 2.990836141127633, "level_hu_moment_6": -7.090489400017594, "level_centroid_x": 44.34929270946681, "level_centroid_y": 55.467355821545155, "number_of_artifacts": 3, "number_of_powerups": 4, "number_of_weapons": 0, "number_of_ammunitions": 0, "number_of_keys": 0, "number_of_monsters": 20, "number_of_obstacles": 2, "number_of_decorations": 9, "walkable_area": 3153, "walkable_percentage": 0.8577257889009793, "start_location_x_px": 28, "start_location_y_px": 28, "artifacts_per_walkable_area": 0.0009514747859181732, "powerups_per_walkable_area": 0.0012686330478908975, "weapons_per_walkable_area": 0.0, "ammunitions_per_walkable_area": 0.0, "keys_per_walkable_area": 0.0, "monsters_per_walkable_area": 0.006343165239454488, "obstacles_per_walkable_area": 0.0006343165239454488, "decorations_per_walkable_area": 0.0028544243577545195, "nodes": 14, "avg-path-length": 1.7666666666666666, "diameter-mean": 3.0, "art-points": 4, "assortativity-mean": 0, "betw-cen": NaN, "closn-cen": NaN, "distmap-max": 21.633307652783937, "distmap-mean": -Infinity, "distmap-var": 0.0, "distmap-skew": 0, "distmap-kurt": 0.0, "distmap-Q1": 0.0, "distmap-Q2": 0.0, "distmap-Q3": 0.03044871794871795, "path_wallmap": "Cyber110_MAP32_wallmap.png", "path_heightmap": "Cyber110_MAP32_heightmap.png", "path_triggermap": "Cyber110_MAP32_triggermap.png", "path_thingsmap": "Cyber110_MAP32_thingsmap.png", "path_floormap": "Cyber110_MAP32_floormap.png", "path_roommap": "Cyber110_MAP32_roommap.png", "slot": "MAP32", "path_json": "Cyber110_MAP32.json"}