{"number_of_lines": 401, "number_of_things": 12, "number_of_sectors": 60, "number_of_subsectors": 307, "number_of_vertices": 434, "x_max": 1856, "y_max": 384, "x_min": -928, "y_min": -1920, "height": 2305, "width": 2785, "aspect_ratio": 1.20824295010846, "floor_height_max": 3280.0, "floor_height_min": -1000.0, "floor_height_avg": 1307.0833333333333, "ceiling_height_max": 3328.0, "ceiling_height_min": -1000.0, "ceiling_height_avg": 2422.8166666666666, "room_height_max": 4328.0, "room_height_min": 0.0, "room_height_avg": 1115.7333333333333, "sector_area_max": 5898240.0, "sector_area_min": 33.0, "sector_area_avg": 210046.96666666667, "lines_per_sector_max": 112.0, "lines_per_sector_min": 3.0, "lines_per_sector_avg": 11.066666666666666, "sector_aspect_ratio_max": 5.848484848484849, "sector_aspect_ratio_min": 1.0, "sector_aspect_ratio_avg": 1.8759554313442408, "floors": 3, "level_area": 5921, "floors_area_mean": 1973.6666666666667, "floors_area_min": 4, "floors_area_max": 5913, "floors_area_std": 2785.529313354206, "level_bbox_area": 6351, "level_convex_area": 6133, "floors_convex_area_mean": 1973.6666666666667, "floors_convex_area_min": 4, "floors_convex_area_max": 5913, "floors_convex_area_std": 2785.529313354206, "level_eccentricity": 0.43765843577388, "floors_eccentricity_mean": 0.14445486724955556, "floors_eccentricity_min": 0.0, "floors_eccentricity_max": 0.43336460174866664, "floors_eccentricity_std": 0.20429003241512647, "level_equivalent_diameter": 86.82655898040011, "floors_equivalent_diameter_mean": 30.427133045534358, "floors_equivalent_diameter_min": 2.256758334191025, "floors_equivalent_diameter_max": 86.76788246822102, "floors_equivalent_diameter_std": 39.8389259739138, "level_euler_number": 3, "floors_euler_number_mean": 1.0, "floors_euler_number_min": 1, "floors_euler_number_max": 1, "floors_euler_number_std": 0.0, "level_extent": 0.9322941269091481, "floors_extent_mean": 1.0, "floors_extent_min": 1.0, "floors_extent_max": 1.0, "floors_extent_std": 0.0, "level_filled_area": 5921, "floors_filled_area_mean": 1973.6666666666667, "floors_filled_area_min": 4, "floors_filled_area_max": 5913, "floors_filled_area_std": 2785.529313354206, "level_major_axis_length": 93.68419782339011, "floors_major_axis_length_mean": 32.50787185200032, "floors_major_axis_length_min": 2.0, "floors_major_axis_length_max": 93.52361555600096, "floors_major_axis_length_std": 43.144646132239245, "level_minor_axis_length": 84.23533226592015, "floors_minor_axis_length_mean": 29.4284100076073, "floors_minor_axis_length_min": 2.0, "floors_minor_axis_length_max": 84.2852300228219, "floors_minor_axis_length_std": 38.78962942708817, "level_orientation": -0.004237830414362935, "floors_orientation_mean": 0.5235987755982988, "floors_orientation_min": 0.0, "floors_orientation_max": 0.7853981633974483, "floors_orientation_std": 0.37024024484653045, "level_perimeter": 312.0, "floors_perimeter_mean": 104.0, "floors_perimeter_min": 4.0, "floors_perimeter_max": 304.0, "floors_perimeter_std": 141.4213562373095, "level_solidity": 0.9654329039621719, "floors_solidity_mean": 1.0, "floors_solidity_min": 1.0, "floors_solidity_max": 1.0, "floors_solidity_std": 0.0, "level_hu_moment_0": 0.16754264612989844, "level_hu_moment_1": 0.000314902782186524, "level_hu_moment_2": 5.0828005309391306e-08, "level_hu_moment_3": 1.4178759599293677e-10, "level_hu_moment_4": -1.402999796135783e-19, "level_hu_moment_5": 2.2898511919419763e-12, "level_hu_moment_6": 3.5383475491429893e-19, "level_centroid_x": 46.94055058267185, "level_centroid_y": 36.010133423408206, "number_of_artifacts": 1, "number_of_powerups": 1, "number_of_weapons": 0, "number_of_ammunitions": 0, "number_of_keys": 0, "number_of_monsters": 2, "number_of_obstacles": 2, "number_of_decorations": 0, "walkable_area": 5451, "walkable_percentage": 0.9206215166357035, "start_location_x_px": 59, "start_location_y_px": 30, "artifacts_per_walkable_area": 0.000183452577508714, "powerups_per_walkable_area": 0.000183452577508714, "weapons_per_walkable_area": 0.0, "ammunitions_per_walkable_area": 0.0, "keys_per_walkable_area": 0.0, "monsters_per_walkable_area": 0.000366905155017428, "obstacles_per_walkable_area": 0.000366905155017428, "decorations_per_walkable_area": 0.0, "nodes": 22, "avg-path-length": 1.9047619047619047, "diameter-mean": 2.0, "art-points": 1, "assortativity-mean": -1.0, "betw-cen": NaN, "closn-cen": NaN, "distmap-max": 81.0, "distmap-mean": -Infinity, "distmap-var": 0.0, "distmap-skew": 0, "distmap-kurt": 0.0, "distmap-Q1": 0.0, "distmap-Q2": 0.0, "distmap-Q3": 0.0, "path_wallmap": "Cyber110_MAP27_wallmap.png", "path_heightmap": "Cyber110_MAP27_heightmap.png", "path_triggermap": "Cyber110_MAP27_triggermap.png", "path_thingsmap": "Cyber110_MAP27_thingsmap.png", "path_floormap": "Cyber110_MAP27_floormap.png", "path_roommap": "Cyber110_MAP27_roommap.png", "slot": "MAP27", "path_json": "Cyber110_MAP27.json"}