{"number_of_lines": 458, "number_of_things": 17, "number_of_sectors": 84, "number_of_subsectors": 292, "number_of_vertices": 523, "x_max": 904, "y_max": 1056, "x_min": -832, "y_min": -704, "height": 1761, "width": 1737, "aspect_ratio": 1.0138169257340242, "floor_height_max": 2112.0, "floor_height_min": -512.0, "floor_height_avg": 1075.4285714285713, "ceiling_height_max": 2144.0, "ceiling_height_min": -256.0, "ceiling_height_avg": 1358.2857142857142, "room_height_max": 2560.0, "room_height_min": 0.0, "room_height_avg": 282.85714285714283, "sector_area_max": 278228.0, "sector_area_min": 32.0, "sector_area_avg": 12524.72619047619, "lines_per_sector_max": 71.0, "lines_per_sector_min": 3.0, "lines_per_sector_avg": 8.869047619047619, "sector_aspect_ratio_max": 11.0, "sector_aspect_ratio_min": 1.0, "sector_aspect_ratio_avg": 2.011607947695936, "floors": 6, "level_area": 1329, "floors_area_mean": 221.5, "floors_area_min": 25, "floors_area_max": 863, "floors_area_std": 302.05173397946254, "level_bbox_area": 3025, "level_convex_area": 2412, "floors_convex_area_mean": 290.6666666666667, "floors_convex_area_min": 25, "floors_convex_area_max": 1251, "floors_convex_area_std": 440.8736276480546, "level_eccentricity": 0.6122872966816737, "floors_eccentricity_mean": 0.4200629225773198, "floors_eccentricity_min": 0.0, "floors_eccentricity_max": 0.7494300160800127, "floors_eccentricity_std": 0.3058200558967824, "level_equivalent_diameter": 41.135572865258986, "floors_equivalent_diameter_mean": 13.540894093184534, "floors_equivalent_diameter_min": 5.641895835477563, "floors_equivalent_diameter_max": 33.14823867276277, "floors_equivalent_diameter_std": 9.933113626451615, "level_euler_number": 3, "floors_euler_number_mean": 0.5, "floors_euler_number_min": -2, "floors_euler_number_max": 1, "floors_euler_number_std": 1.118033988749895, "level_extent": 0.4393388429752066, "floors_extent_mean": 0.717646311590411, "floors_extent_min": 0.4810479375696767, "floors_extent_max": 1.0, "floors_extent_std": 0.18312872888209167, "level_filled_area": 1537, "floors_filled_area_mean": 256.1666666666667, "floors_filled_area_min": 25, "floors_filled_area_max": 1071, "floors_filled_area_std": 376.45912423823944, "level_major_axis_length": 61.36811840903314, "floors_major_axis_length_mean": 17.334812986905145, "floors_major_axis_length_min": 5.656854249492381, "floors_major_axis_length_max": 49.17730885184929, "floors_major_axis_length_std": 15.532173543489709, "level_minor_axis_length": 48.51980415177967, "floors_minor_axis_length_mean": 13.254578204493804, "floors_minor_axis_length_min": 5.656854249492381, "floors_minor_axis_length_max": 35.932701918210185, "floors_minor_axis_length_std": 10.708482128881192, "level_orientation": 0.6410217325757182, "floors_orientation_mean": 0.5168323697427347, "floors_orientation_min": -0.8421839052738863, "floors_orientation_max": 1.5295621468209848, "floors_orientation_std": 0.7443207165464482, "level_perimeter": 384.43354954612926, "floors_perimeter_mean": 64.0722582576882, "floors_perimeter_min": 16.0, "floors_perimeter_max": 230.1370849898476, "floors_perimeter_std": 76.2467015423914, "level_solidity": 0.5509950248756219, "floors_solidity_mean": 0.8933537152961613, "floors_solidity_min": 0.6898481215027977, "floors_solidity_max": 1.0, "floors_solidity_std": 0.1226045464052723, "level_hu_moment_0": 0.28782060534199433, "level_hu_moment_1": 0.004408616278893389, "level_hu_moment_2": 0.007546186736534063, "level_hu_moment_3": 0.0001685616491857106, "level_hu_moment_4": 1.8591835378130035e-07, "level_hu_moment_5": 1.0790747669647507e-05, "level_hu_moment_6": -3.96947536707705e-08, "level_centroid_x": 27.079759217456733, "level_centroid_y": 24.78931527464259, "number_of_artifacts": 2, "number_of_powerups": 1, "number_of_weapons": 0, "number_of_ammunitions": 0, "number_of_keys": 0, "number_of_monsters": 6, "number_of_obstacles": 2, "number_of_decorations": 0, "walkable_area": 1035, "walkable_percentage": 0.7787810383747178, "start_location_x_px": 30, "start_location_y_px": 30, "artifacts_per_walkable_area": 0.001932367149758454, "powerups_per_walkable_area": 0.000966183574879227, "weapons_per_walkable_area": 0.0, "ammunitions_per_walkable_area": 0.0, "keys_per_walkable_area": 0.0, "monsters_per_walkable_area": 0.005797101449275362, "obstacles_per_walkable_area": 0.001932367149758454, "decorations_per_walkable_area": 0.0, "nodes": 11, "avg-path-length": 1.25, "diameter-mean": 1.5, "art-points": 0, "assortativity-mean": 0, "betw-cen": NaN, "closn-cen": NaN, "distmap-max": 8.06225774829855, "distmap-mean": -Infinity, "distmap-var": 0.0, "distmap-skew": 0, "distmap-kurt": 0.0, "distmap-Q1": 0.0, "distmap-Q2": 0.0, "distmap-Q3": 0.022222222222222223, "path_wallmap": "Cyber110_MAP23_wallmap.png", "path_heightmap": "Cyber110_MAP23_heightmap.png", "path_triggermap": "Cyber110_MAP23_triggermap.png", "path_thingsmap": "Cyber110_MAP23_thingsmap.png", "path_floormap": "Cyber110_MAP23_floormap.png", "path_roommap": "Cyber110_MAP23_roommap.png", "slot": "MAP23", "path_json": "Cyber110_MAP23.json"}