{"number_of_lines": 15409, "number_of_things": 2582, "number_of_sectors": 2596, "number_of_subsectors": 11806, "number_of_vertices": 17752, "x_max": 8576, "y_max": 5952, "x_min": -3520, "y_min": -4928, "height": 10881, "width": 12097, "aspect_ratio": 1.1117544343350796, "floor_height_max": 2032.0, "floor_height_min": -1504.0, "floor_height_avg": 109.53235747303543, "ceiling_height_max": 2256.0, "ceiling_height_min": -1360.0, "ceiling_height_avg": 365.1070878274268, "room_height_max": 2024.0, "room_height_min": -488.0, "room_height_avg": 255.57473035439136, "sector_area_max": 5636096.0, "sector_area_min": 0.0, "sector_area_avg": 16223.909861325115, "lines_per_sector_max": 361.0, "lines_per_sector_min": 3.0, "lines_per_sector_avg": 9.947611710323574, "sector_aspect_ratio_max": 168.3846153846154, "sector_aspect_ratio_min": 1.0, "sector_aspect_ratio_avg": 3.182469548977844, "floors": 77, "level_area": 42924, "floors_area_mean": 557.4545454545455, "floors_area_min": 2, "floors_area_max": 27074, "floors_area_std": 3165.7311645772206, "level_bbox_area": 121737, "level_convex_area": 100904, "floors_convex_area_mean": 771.7272727272727, "floors_convex_area_min": 2, "floors_convex_area_max": 42151, "floors_convex_area_std": 4833.462942500844, "level_eccentricity": 0.6482512228152439, "floors_eccentricity_mean": 0.6792061733851641, "floors_eccentricity_min": 0.0, "floors_eccentricity_max": 1.0, "floors_eccentricity_std": 0.3882826655837829, "level_equivalent_diameter": 233.77881473352568, "floors_equivalent_diameter_mean": 11.410432323588614, "floors_equivalent_diameter_min": 1.5957691216057308, "floors_equivalent_diameter_max": 185.66552570189165, "floors_equivalent_diameter_std": 24.074368233743883, "level_euler_number": -31, "floors_euler_number_mean": -0.4025974025974026, "floors_euler_number_min": -103, "floors_euler_number_max": 1, "floors_euler_number_std": 11.777437972732084, "level_extent": 0.3525961704329826, "floors_extent_mean": 0.9614911931478879, "floors_extent_min": 0.3326190476190476, "floors_extent_max": 1.0, "floors_extent_std": 0.12243876037974677, "level_filled_area": 45137, "floors_filled_area_mean": 586.4155844155844, "floors_filled_area_min": 2, "floors_filled_area_max": 29276, "floors_filled_area_std": 3406.0557771650956, "level_major_axis_length": 390.9157073683728, "floors_major_axis_length_mean": 22.02240055348941, "floors_major_axis_length_min": 2.0, "floors_major_axis_length_max": 398.37001225828567, "floors_major_axis_length_std": 56.83961957183171, "level_minor_axis_length": 297.65358840992997, "floors_minor_axis_length_mean": 7.654852447390144, "floors_minor_axis_length_min": 0.0, "floors_minor_axis_length_max": 155.5931673636658, "floors_minor_axis_length_std": 18.305443034197257, "level_orientation": 1.2456493228245147, "floors_orientation_mean": 0.7502873387502702, "floors_orientation_min": -1.54593621944046, "floors_orientation_max": 1.5707963267948966, "floors_orientation_std": 0.8178133915089739, "level_perimeter": 7198.5070683365475, "floors_perimeter_mean": 93.48710478359152, "floors_perimeter_min": 0.0, "floors_perimeter_max": 4043.375033980582, "floors_perimeter_std": 463.7107292176688, "level_solidity": 0.4253944343138032, "floors_solidity_mean": 0.9820701631093216, "floors_solidity_min": 0.515688445921004, "floors_solidity_max": 1.0, "floors_solidity_std": 0.07266312097410761, "level_hu_moment_0": 0.35151190033638424, "level_hu_moment_1": 0.008743101607757526, "level_hu_moment_2": 0.0003453499212425422, "level_hu_moment_3": 0.0016987352081554927, "level_hu_moment_4": -1.176378294976704e-06, "level_hu_moment_5": -0.00010894615190529963, "level_hu_moment_6": 5.559263150138031e-07, "level_centroid_x": 176.46302767682414, "level_centroid_y": 162.59372379088623, "number_of_artifacts": 38, "number_of_powerups": 100, "number_of_weapons": 7, "number_of_ammunitions": 301, "number_of_keys": 6, "number_of_monsters": 1426, "number_of_obstacles": 26, "number_of_decorations": 12, "walkable_area": 35472, "walkable_percentage": 0.8263908303047246, "start_location_x_px": 68, "start_location_y_px": 220, "artifacts_per_walkable_area": 0.0010712674785746505, "powerups_per_walkable_area": 0.002819124943617501, "weapons_per_walkable_area": 0.00019733874605322508, "ammunitions_per_walkable_area": 0.008485566080288678, "keys_per_walkable_area": 0.00016914749661705008, "monsters_per_walkable_area": 0.04020072169598557, "obstacles_per_walkable_area": 0.0007329724853405503, "decorations_per_walkable_area": 0.00033829499323410016, "nodes": 505, "avg-path-length": 2.0056520241171407, "diameter-mean": 3.977777777777778, "art-points": 166, "assortativity-mean": -0.14642973887233493, "betw-cen": NaN, "closn-cen": NaN, "distmap-max": 21.0, "distmap-mean": -Infinity, "distmap-var": 0.0, "distmap-skew": 0, "distmap-kurt": 0.0, "distmap-Q1": 0.0, "distmap-Q2": 0.0, "distmap-Q3": 0.0010650383413802896, "path_wallmap": "Distrbia_MAP01_wallmap.png", "path_heightmap": "Distrbia_MAP01_heightmap.png", "path_triggermap": "Distrbia_MAP01_triggermap.png", "path_thingsmap": "Distrbia_MAP01_thingsmap.png", "path_floormap": "Distrbia_MAP01_floormap.png", "path_roommap": "Distrbia_MAP01_roommap.png", "slot": "MAP01", "path_json": "Distrbia_MAP01.json"}