{"number_of_lines": 1096, "number_of_things": 346, "number_of_sectors": 203, "number_of_subsectors": 588, "number_of_vertices": 1036, "x_max": 2048, "y_max": 2560, "x_min": -2848, "y_min": -1888, "height": 4449, "width": 4897, "aspect_ratio": 1.1006967857945607, "floor_height_max": 200.0, "floor_height_min": -1064.0, "floor_height_avg": -266.7931034482759, "ceiling_height_max": 240.0, "ceiling_height_min": -1064.0, "ceiling_height_avg": -89.05418719211822, "room_height_max": 1024.0, "room_height_min": 0.0, "room_height_avg": 177.73891625615764, "sector_area_max": 437196.5, "sector_area_min": 0.0, "sector_area_avg": 25336.950738916257, "lines_per_sector_max": 90.0, "lines_per_sector_min": 3.0, "lines_per_sector_avg": 8.236453201970443, "sector_aspect_ratio_max": 127.0, "sector_aspect_ratio_min": 1.0, "sector_aspect_ratio_avg": 4.582491391302555, "floors": 5, "level_area": 5749, "floors_area_mean": 1149.8, "floors_area_min": 29, "floors_area_max": 5252, "floors_area_std": 2055.0793074720987, "level_bbox_area": 21560, "level_convex_area": 10143, "floors_convex_area_mean": 2049.2, "floors_convex_area_min": 31, "floors_convex_area_max": 9632, "floors_convex_area_std": 3795.051430481542, "level_eccentricity": 0.9298769654537652, "floors_eccentricity_mean": 0.7962525327312389, "floors_eccentricity_min": 0.4330327215308723, "floors_eccentricity_max": 0.9466267883657774, "floors_eccentricity_std": 0.19483531681785646, "level_equivalent_diameter": 85.55614614206539, "floors_equivalent_diameter_mean": 25.03781703211041, "floors_equivalent_diameter_min": 6.076507779746499, "floors_equivalent_diameter_max": 81.77440974381335, "floors_equivalent_diameter_std": 28.932309738474945, "level_euler_number": -15, "floors_euler_number_mean": -3.0, "floors_euler_number_min": -18, "floors_euler_number_max": 1, "floors_euler_number_std": 7.5099933422074345, "level_extent": 0.2666512059369202, "floors_extent_mean": 0.6024637864925129, "floors_extent_min": 0.2637605464041784, "floors_extent_max": 0.8055555555555556, "floors_extent_std": 0.19410112166017202, "level_filled_area": 6478, "floors_filled_area_mean": 1295.6, "floors_filled_area_min": 29, "floors_filled_area_max": 5975, "floors_filled_area_std": 2343.3167604914192, "level_major_axis_length": 169.742581277964, "floors_major_axis_length_mean": 46.19800058129742, "floors_major_axis_length_min": 6.528119259766989, "floors_major_axis_length_max": 159.0979035720466, "floors_major_axis_length_std": 57.867879331350416, "level_minor_axis_length": 62.44331693435475, "floors_minor_axis_length_mean": 18.33487187784577, "floors_minor_axis_length_min": 4.54054054054054, "floors_minor_axis_length_max": 60.30049062884021, "floors_minor_axis_length_std": 21.214345863268342, "level_orientation": -0.6711235622204984, "floors_orientation_mean": 0.41181590144491514, "floors_orientation_min": -0.6055349797499695, "floors_orientation_max": 1.5653771841588793, "floors_orientation_std": 0.7663270456914539, "level_perimeter": 1359.613311116846, "floors_perimeter_mean": 271.92266222336923, "floors_perimeter_min": 18.242640687119284, "floors_perimeter_max": 1163.0447686219222, "floors_perimeter_std": 447.23721873140687, "level_solidity": 0.5667948338755792, "floors_solidity_mean": 0.8119527391455064, "floors_solidity_min": 0.545265780730897, "floors_solidity_max": 0.9354838709677419, "floors_solidity_std": 0.1431840389166173, "level_hu_moment_0": 0.3556239316475745, "level_hu_moment_1": 0.07335683493681455, "level_hu_moment_2": 0.006573837439926106, "level_hu_moment_3": 0.0031932347164159696, "level_hu_moment_4": 1.4468401397781239e-05, "level_hu_moment_5": 0.0008404625278632296, "level_hu_moment_6": -2.1710631487571263e-06, "level_centroid_x": 63.857714385110455, "level_centroid_y": 70.47382153417986, "number_of_artifacts": 37, "number_of_powerups": 26, "number_of_weapons": 4, "number_of_ammunitions": 65, "number_of_keys": 1, "number_of_monsters": 140, "number_of_obstacles": 48, "number_of_decorations": 5, "walkable_area": 4551, "walkable_percentage": 0.791615933205775, "start_location_x_px": 6, "start_location_y_px": 90, "artifacts_per_walkable_area": 0.008130081300813009, "powerups_per_walkable_area": 0.005713030103274006, "weapons_per_walkable_area": 0.0008789277081960009, "ammunitions_per_walkable_area": 0.014282575258185014, "keys_per_walkable_area": 0.00021973192704900023, "monsters_per_walkable_area": 0.03076246978686003, "obstacles_per_walkable_area": 0.01054713249835201, "decorations_per_walkable_area": 0.001098659635245001, "nodes": 79, "avg-path-length": 5.165164437552497, "diameter-mean": 15.5, "art-points": 26, "assortativity-mean": 0, "betw-cen": NaN, "closn-cen": NaN, "distmap-max": 14.866068747318506, "distmap-mean": -Infinity, "distmap-var": 0.0, "distmap-skew": 0, "distmap-kurt": 0.0, "distmap-Q1": 0.004245754245754246, "distmap-Q2": 0.042624042624042624, "distmap-Q3": 0.10156510156510157, "path_wallmap": "DoomZero_MAP05_wallmap.png", "path_heightmap": "DoomZero_MAP05_heightmap.png", "path_triggermap": "DoomZero_MAP05_triggermap.png", "path_thingsmap": "DoomZero_MAP05_thingsmap.png", "path_floormap": "DoomZero_MAP05_floormap.png", "path_roommap": "DoomZero_MAP05_roommap.png", "slot": "MAP05", "path_json": "DoomZero_MAP05.json"}