{"number_of_lines": 1298, "number_of_things": 356, "number_of_sectors": 237, "number_of_subsectors": 855, "number_of_vertices": 1309, "x_max": 2016, "y_max": 1753, "x_min": -1830, "y_min": -2848, "height": 4602, "width": 3847, "aspect_ratio": 1.1962568234988302, "floor_height_max": 152.0, "floor_height_min": -331.0, "floor_height_avg": -52.28691983122363, "ceiling_height_max": 648.0, "ceiling_height_min": -203.0, "ceiling_height_avg": 102.70886075949367, "room_height_max": 648.0, "room_height_min": 0.0, "room_height_avg": 154.9957805907173, "sector_area_max": 453258.5, "sector_area_min": 0.5, "sector_area_avg": 29626.29535864979, "lines_per_sector_max": 158.0, "lines_per_sector_min": 3.0, "lines_per_sector_avg": 8.447257383966244, "sector_aspect_ratio_max": 33.0, "sector_aspect_ratio_min": 1.0, "sector_aspect_ratio_avg": 2.4230260740493423, "floors": 15, "level_area": 6967, "floors_area_mean": 464.46666666666664, "floors_area_min": 3, "floors_area_max": 1802, "floors_area_std": 602.5500108335868, "level_bbox_area": 17424, "level_convex_area": 13773, "floors_convex_area_mean": 668.7333333333333, "floors_convex_area_min": 3, "floors_convex_area_max": 2812, "floors_convex_area_std": 865.9198936519604, "level_eccentricity": 0.4974574326072646, "floors_eccentricity_mean": 0.6059349955061062, "floors_eccentricity_min": 0.0, "floors_eccentricity_max": 0.9345052773746839, "floors_eccentricity_std": 0.2718043030938955, "level_equivalent_diameter": 94.18418077453282, "floors_equivalent_diameter_mean": 17.021510996418343, "floors_equivalent_diameter_min": 1.9544100476116797, "floors_equivalent_diameter_max": 47.899662416480176, "floors_equivalent_diameter_std": 17.3679443403684, "level_euler_number": 3, "floors_euler_number_mean": 0.2, "floors_euler_number_min": -2, "floors_euler_number_max": 1, "floors_euler_number_std": 1.2220201853215575, "level_extent": 0.3998507805325987, "floors_extent_mean": 0.6709115121727611, "floors_extent_min": 0.3442080378250591, "floors_extent_max": 1.0, "floors_extent_std": 0.21342941994716375, "level_filled_area": 7006, "floors_filled_area_mean": 467.06666666666666, "floors_filled_area_min": 3, "floors_filled_area_max": 1806, "floors_filled_area_std": 606.2878817488896, "level_major_axis_length": 139.90100694404572, "floors_major_axis_length_mean": 23.78193133539495, "floors_major_axis_length_min": 2.0, "floors_major_axis_length_max": 68.69229078537943, "floors_major_axis_length_std": 25.511806575832676, "level_minor_axis_length": 121.36249894742004, "floors_minor_axis_length_mean": 16.617778385045025, "floors_minor_axis_length_min": 1.3333333333333333, "floors_minor_axis_length_max": 58.95519704958112, "floors_minor_axis_length_std": 18.355657869209193, "level_orientation": -1.5225933482357261, "floors_orientation_mean": 0.27837721192344983, "floors_orientation_min": -1.5699932259895906, "floors_orientation_max": 1.5707963267948966, "floors_orientation_std": 1.154873795256679, "level_perimeter": 1418.2955980045044, "floors_perimeter_mean": 94.55303986696696, "floors_perimeter_min": 3.414213562373095, "floors_perimeter_max": 362.97770542341357, "floors_perimeter_std": 113.09146535200142, "level_solidity": 0.5058447687504538, "floors_solidity_mean": 0.8621183173057054, "floors_solidity_min": 0.47540983606557374, "floors_solidity_max": 1.0, "floors_solidity_std": 0.17105322768127038, "level_hu_moment_0": 0.3077108860944494, "level_hu_moment_1": 0.001887884720587641, "level_hu_moment_2": 0.0019801371273458148, "level_hu_moment_3": 0.00037530076927627806, "level_hu_moment_4": 2.9420487033259994e-07, "level_hu_moment_5": 6.915924748246017e-06, "level_hu_moment_6": 1.3459659507400734e-07, "level_centroid_x": 59.02124300272714, "level_centroid_y": 72.67791014783981, "number_of_artifacts": 93, "number_of_powerups": 23, "number_of_weapons": 6, "number_of_ammunitions": 69, "number_of_keys": 0, "number_of_monsters": 100, "number_of_obstacles": 45, "number_of_decorations": 0, "walkable_area": 5629, "walkable_percentage": 0.8079517726424573, "start_location_x_px": 56, "start_location_y_px": 83, "artifacts_per_walkable_area": 0.016521584650914904, "powerups_per_walkable_area": 0.004085983300763901, "weapons_per_walkable_area": 0.0010659086871558003, "ammunitions_per_walkable_area": 0.012257949902291704, "keys_per_walkable_area": 0.0, "monsters_per_walkable_area": 0.017765144785930005, "obstacles_per_walkable_area": 0.007994315153668502, "decorations_per_walkable_area": 0.0, "nodes": 51, "avg-path-length": 1.8880952380952383, "diameter-mean": 3.5714285714285716, "art-points": 16, "assortativity-mean": 0.05172413793103408, "betw-cen": NaN, "closn-cen": NaN, "distmap-max": 12.806248474865697, "distmap-mean": -Infinity, "distmap-var": 0.0, "distmap-skew": 0, "distmap-kurt": 0.0, "distmap-Q1": 0.0, "distmap-Q2": 0.00040816326530612246, "distmap-Q3": 0.006530612244897959, "path_wallmap": "DoomZero_MAP21_wallmap.png", "path_heightmap": "DoomZero_MAP21_heightmap.png", "path_triggermap": "DoomZero_MAP21_triggermap.png", "path_thingsmap": "DoomZero_MAP21_thingsmap.png", "path_floormap": "DoomZero_MAP21_floormap.png", "path_roommap": "DoomZero_MAP21_roommap.png", "slot": "MAP21", "path_json": "DoomZero_MAP21.json"}