{"number_of_lines": 474, "number_of_things": 197, "number_of_sectors": 71, "number_of_subsectors": 213, "number_of_vertices": 456, "x_max": 3904, "y_max": 3840, "x_min": -1736, "y_min": -1984, "height": 5825, "width": 5641, "aspect_ratio": 1.0326183300833185, "floor_height_max": 128.0, "floor_height_min": -136.0, "floor_height_avg": 10.366197183098592, "ceiling_height_max": 184.0, "ceiling_height_min": -32.0, "ceiling_height_avg": 84.05633802816901, "room_height_max": 192.0, "room_height_min": 0.0, "room_height_avg": 73.69014084507042, "sector_area_max": 2450944.0, "sector_area_min": 512.0, "sector_area_avg": 125017.69014084506, "lines_per_sector_max": 141.0, "lines_per_sector_min": 3.0, "lines_per_sector_avg": 8.295774647887324, "sector_aspect_ratio_max": 21.444444444444443, "sector_aspect_ratio_min": 1.0, "sector_aspect_ratio_avg": 3.1839765708540657, "floors": 3, "level_area": 9330, "floors_area_mean": 3110.0, "floors_area_min": 21, "floors_area_max": 9068, "floors_area_std": 4213.899460911077, "level_bbox_area": 32391, "level_convex_area": 17615, "floors_convex_area_mean": 4627.333333333333, "floors_convex_area_min": 21, "floors_convex_area_max": 13580, "floors_convex_area_std": 6331.381120173457, "level_eccentricity": 0.8601574492310253, "floors_eccentricity_mean": 0.769872751353767, "floors_eccentricity_min": 0.4859381489504863, "floors_eccentricity_max": 0.9128709291752769, "floors_eccentricity_std": 0.20077384713160423, "level_equivalent_diameter": 108.99231602447519, "floors_equivalent_diameter_mean": 43.37970856588965, "floors_equivalent_diameter_min": 5.170882945826411, "floors_equivalent_diameter_max": 107.45108743823143, "floors_equivalent_diameter_std": 45.584820597045635, "level_euler_number": -8, "floors_euler_number_mean": -2.6666666666666665, "floors_euler_number_min": -10, "floors_euler_number_max": 1, "floors_euler_number_std": 5.185449728701348, "level_extent": 0.2880429749004353, "floors_extent_mean": 0.649782112854027, "floors_extent_min": 0.4028610777911058, "floors_extent_max": 1.0, "floors_extent_std": 0.2544882483755728, "level_filled_area": 9601, "floors_filled_area_mean": 3200.3333333333335, "floors_filled_area_min": 21, "floors_filled_area_max": 9339, "floors_filled_area_std": 4341.621919155201, "level_major_axis_length": 204.28225594566703, "floors_major_axis_length_mean": 77.26645958621054, "floors_major_axis_length_min": 8.0, "floors_major_axis_length_max": 204.2838823618989, "floors_major_axis_length_std": 89.93783382888893, "level_minor_axis_length": 104.18979094496271, "floors_minor_axis_length_mean": 34.88547558150844, "floors_minor_axis_length_min": 3.265986323710904, "floors_minor_axis_length_max": 84.33402925592611, "floors_minor_axis_length_std": 35.415754965776316, "level_orientation": -1.162545290022578, "floors_orientation_mean": 0.11396759087830242, "floors_orientation_min": -1.2288935541599892, "floors_orientation_max": 1.5707963267948966, "floors_orientation_std": 1.145806067421024, "level_perimeter": 1471.7209588551707, "floors_perimeter_mean": 490.57365295172355, "floors_perimeter_min": 16.0, "floors_perimeter_max": 1389.4366876077088, "floors_perimeter_std": 635.9235767956961, "level_solidity": 0.5296622196991201, "floors_solidity_mean": 0.8417993106183296, "floors_solidity_min": 0.6677466863033873, "floors_solidity_max": 1.0, "floors_solidity_std": 0.13610419782025204, "level_hu_moment_0": 0.3522692432436097, "level_hu_moment_1": 0.04277905113623709, "level_hu_moment_2": 0.013696727002454296, "level_hu_moment_3": 0.0010998720323531345, "level_hu_moment_4": -3.365538831575867e-06, "level_hu_moment_5": -6.1156815441537735e-06, "level_hu_moment_6": 2.6262388152826484e-06, "level_centroid_x": 60.70010718113612, "level_centroid_y": 82.42443729903538, "number_of_artifacts": 12, "number_of_powerups": 15, "number_of_weapons": 7, "number_of_ammunitions": 31, "number_of_keys": 2, "number_of_monsters": 88, "number_of_obstacles": 23, "number_of_decorations": 10, "walkable_area": 7842, "walkable_percentage": 0.8405144694533762, "start_location_x_px": 38, "start_location_y_px": 36, "artifacts_per_walkable_area": 0.001530221882172915, "powerups_per_walkable_area": 0.0019127773527161439, "weapons_per_walkable_area": 0.0008926294312675338, "ammunitions_per_walkable_area": 0.003953073195613364, "keys_per_walkable_area": 0.0002550369803621525, "monsters_per_walkable_area": 0.011221627135934711, "obstacles_per_walkable_area": 0.0029329252741647537, "decorations_per_walkable_area": 0.0012751849018107625, "nodes": 57, "avg-path-length": 4.746680642907058, "diameter-mean": 10.5, "art-points": 18, "assortativity-mean": 0, "betw-cen": NaN, "closn-cen": NaN, "distmap-max": 24.041630560342615, "distmap-mean": -Infinity, "distmap-var": 0.0, "distmap-skew": 0, "distmap-kurt": 0.0, "distmap-Q1": 0.0, "distmap-Q2": 0.012987012987012988, "distmap-Q3": 0.2422077922077922, "path_wallmap": "DOOM_E3M9_wallmap.png", "path_heightmap": "DOOM_E3M9_heightmap.png", "path_triggermap": "DOOM_E3M9_triggermap.png", "path_thingsmap": "DOOM_E3M9_thingsmap.png", "path_floormap": "DOOM_E3M9_floormap.png", "path_roommap": "DOOM_E3M9_roommap.png", "slot": "E3M9", "path_json": "DOOM_E3M9.json"}