{"number_of_lines": 1764, "number_of_things": 235, "number_of_sectors": 323, "number_of_subsectors": 818, "number_of_vertices": 1626, "x_max": 3840, "y_max": 2112, "x_min": -128, "y_min": -768, "height": 2881, "width": 3969, "aspect_ratio": 1.3776466504685874, "floor_height_max": 264.0, "floor_height_min": -72.0, "floor_height_avg": 69.94427244582043, "ceiling_height_max": 384.0, "ceiling_height_min": -48.0, "ceiling_height_avg": 174.19195046439629, "room_height_max": 304.0, "room_height_min": 0.0, "room_height_avg": 104.24767801857585, "sector_area_max": 1361920.0, "sector_area_min": 256.0, "sector_area_avg": 25006.26625386997, "lines_per_sector_max": 90.0, "lines_per_sector_min": 3.0, "lines_per_sector_avg": 6.972136222910216, "sector_aspect_ratio_max": 15.76923076923077, "sector_aspect_ratio_min": 1.0, "sector_aspect_ratio_avg": 3.457411739566679, "floors": 2, "level_area": 8644, "floors_area_mean": 4322.0, "floors_area_min": 9, "floors_area_max": 8635, "floors_area_std": 4313.0, "level_bbox_area": 11375, "level_convex_area": 10584, "floors_convex_area_mean": 5296.5, "floors_convex_area_min": 9, "floors_convex_area_max": 10584, "floors_convex_area_std": 5287.5, "level_eccentricity": 0.771609556212915, "floors_eccentricity_mean": 0.38583432081847013, "floors_eccentricity_min": 0.0, "floors_eccentricity_max": 0.7716686416369403, "floors_eccentricity_std": 0.38583432081847013, "level_equivalent_diameter": 104.90892538145049, "floors_equivalent_diameter_mean": 54.11971693931583, "floors_equivalent_diameter_min": 3.385137501286538, "floors_equivalent_diameter_max": 104.85429637734512, "floors_equivalent_diameter_std": 50.73457943802929, "level_euler_number": -35, "floors_euler_number_mean": -17.5, "floors_euler_number_min": -36, "floors_euler_number_max": 1, "floors_euler_number_std": 18.5, "level_extent": 0.7599120879120879, "floors_extent_mean": 0.8795604395604395, "floors_extent_min": 0.7591208791208791, "floors_extent_max": 1.0, "floors_extent_std": 0.12043956043956044, "level_filled_area": 9496, "floors_filled_area_mean": 4752.5, "floors_filled_area_min": 9, "floors_filled_area_max": 9496, "floors_filled_area_std": 4743.5, "level_major_axis_length": 145.25562925356277, "floors_major_axis_length_mean": 74.29826665164047, "floors_major_axis_length_min": 3.265986323710904, "floors_major_axis_length_max": 145.33054697957004, "floors_major_axis_length_std": 71.03228032792957, "level_minor_axis_length": 92.39659000318727, "floors_minor_axis_length_mean": 47.84990698937274, "floors_minor_axis_length_min": 3.265986323710904, "floors_minor_axis_length_max": 92.43382765503458, "floors_minor_axis_length_std": 44.583920665661836, "level_orientation": 0.06411865083590428, "floors_orientation_mean": 0.4247841933934051, "floors_orientation_min": 0.06417022338936194, "floors_orientation_max": 0.7853981633974483, "floors_orientation_std": 0.36061397000404316, "level_perimeter": 1580.8803384216048, "floors_perimeter_mean": 790.4401692108024, "floors_perimeter_min": 8.0, "floors_perimeter_max": 1572.8803384216048, "floors_perimeter_std": 782.4401692108024, "level_solidity": 0.8167044595616024, "floors_solidity_mean": 0.907927059712774, "floors_solidity_min": 0.815854119425548, "floors_solidity_max": 1.0, "floors_solidity_std": 0.09207294028722601, "level_hu_moment_0": 0.21428395183122373, "level_hu_moment_1": 0.008249978128583583, "level_hu_moment_2": 3.004373925629241e-05, "level_hu_moment_3": 2.6058121431950026e-05, "level_hu_moment_4": 7.282210234744183e-10, "level_hu_moment_5": 2.16123375863326e-06, "level_hu_moment_6": -3.5945622761512846e-11, "level_centroid_x": 64.75913928736696, "level_centroid_y": 49.707311429893565, "number_of_artifacts": 27, "number_of_powerups": 24, "number_of_weapons": 7, "number_of_ammunitions": 39, "number_of_keys": 3, "number_of_monsters": 97, "number_of_obstacles": 13, "number_of_decorations": 14, "walkable_area": 6222, "walkable_percentage": 0.7198056455344748, "start_location_x_px": 21, "start_location_y_px": 25, "artifacts_per_walkable_area": 0.004339440694310511, "powerups_per_walkable_area": 0.003857280617164899, "weapons_per_walkable_area": 0.0011250401800064287, "ammunitions_per_walkable_area": 0.00626808100289296, "keys_per_walkable_area": 0.00048216007714561236, "monsters_per_walkable_area": 0.0155898424943748, "obstacles_per_walkable_area": 0.0020893603342976535, "decorations_per_walkable_area": 0.0022500803600128574, "nodes": 63, "avg-path-length": 5.852459016393443, "diameter-mean": 14.0, "art-points": 3, "assortativity-mean": 0, "betw-cen": NaN, "closn-cen": NaN, "distmap-max": 39.05124837953327, "distmap-mean": -Infinity, "distmap-var": 0.0, "distmap-skew": 0, "distmap-kurt": 0.0, "distmap-Q1": 0.015444713051799251, "distmap-Q2": 0.04683268432607407, "distmap-Q3": 0.11858562584369035, "path_wallmap": "DOOM_E2M7_wallmap.png", "path_heightmap": "DOOM_E2M7_heightmap.png", "path_triggermap": "DOOM_E2M7_triggermap.png", "path_thingsmap": "DOOM_E2M7_thingsmap.png", "path_floormap": "DOOM_E2M7_floormap.png", "path_roommap": "DOOM_E2M7_roommap.png", "slot": "E2M7", "path_json": "DOOM_E2M7.json"}