{"number_of_lines": 958, "number_of_things": 358, "number_of_sectors": 170, "number_of_subsectors": 467, "number_of_vertices": 896, "x_max": 2240, "y_max": 616, "x_min": -1792, "y_min": -2816, "height": 3433, "width": 4033, "aspect_ratio": 1.1747742499271774, "floor_height_max": 264.0, "floor_height_min": -32.0, "floor_height_avg": 40.65882352941176, "ceiling_height_max": 320.0, "ceiling_height_min": -16.0, "ceiling_height_avg": 140.04705882352943, "room_height_max": 272.0, "room_height_min": 0.0, "room_height_avg": 99.38823529411765, "sector_area_max": 737472.0, "sector_area_min": 256.0, "sector_area_avg": 43132.98823529412, "lines_per_sector_max": 56.0, "lines_per_sector_min": 3.0, "lines_per_sector_avg": 7.194117647058824, "sector_aspect_ratio_max": 22.647058823529413, "sector_aspect_ratio_min": 1.0, "sector_aspect_ratio_avg": 4.207728959440987, "floors": 1, "level_area": 7893, "floors_area_mean": 7893.0, "floors_area_min": 7893, "floors_area_max": 7893, "floors_area_std": 0.0, "level_bbox_area": 13716, "level_convex_area": 11008, "floors_convex_area_mean": 11008.0, "floors_convex_area_min": 11008, "floors_convex_area_max": 11008, "floors_convex_area_std": 0.0, "level_eccentricity": 0.6663951243692195, "floors_eccentricity_mean": 0.6663951243692195, "floors_eccentricity_min": 0.6663951243692195, "floors_eccentricity_max": 0.6663951243692195, "floors_eccentricity_std": 0.0, "level_equivalent_diameter": 100.24809088753082, "floors_equivalent_diameter_mean": 100.24809088753082, "floors_equivalent_diameter_min": 100.24809088753082, "floors_equivalent_diameter_max": 100.24809088753082, "floors_equivalent_diameter_std": 0.0, "level_euler_number": -42, "floors_euler_number_mean": -42.0, "floors_euler_number_min": -42, "floors_euler_number_max": -42, "floors_euler_number_std": 0.0, "level_extent": 0.5754593175853019, "floors_extent_mean": 0.5754593175853019, "floors_extent_min": 0.5754593175853019, "floors_extent_max": 0.5754593175853019, "floors_extent_std": 0.0, "level_filled_area": 8467, "floors_filled_area_mean": 8467.0, "floors_filled_area_min": 8467, "floors_filled_area_max": 8467, "floors_filled_area_std": 0.0, "level_major_axis_length": 131.7255463992155, "floors_major_axis_length_mean": 131.7255463992155, "floors_major_axis_length_min": 131.7255463992155, "floors_major_axis_length_max": 131.7255463992155, "floors_major_axis_length_std": 0.0, "level_minor_axis_length": 98.2144064674341, "floors_minor_axis_length_mean": 98.2144064674341, "floors_minor_axis_length_min": 98.2144064674341, "floors_minor_axis_length_max": 98.2144064674341, "floors_minor_axis_length_std": 0.0, "level_orientation": -0.7828975048842051, "floors_orientation_mean": -0.7828975048842051, "floors_orientation_min": -0.7828975048842051, "floors_orientation_max": -0.7828975048842051, "floors_orientation_std": 0.0, "level_perimeter": 1332.9980874276962, "floors_perimeter_mean": 1332.9980874276962, "floors_perimeter_min": 1332.9980874276962, "floors_perimeter_max": 1332.9980874276962, "floors_perimeter_std": 0.0, "level_solidity": 0.7170239825581395, "floors_solidity_mean": 0.7170239825581395, "floors_solidity_min": 0.7170239825581395, "floors_solidity_max": 0.7170239825581395, "floors_solidity_std": 0.0, "level_hu_moment_0": 0.2137787375833194, "level_hu_moment_1": 0.0037229148877763797, "level_hu_moment_2": 0.0014386340052043524, "level_hu_moment_3": 4.170962128543125e-06, "level_hu_moment_4": -1.7834510920953335e-10, "level_hu_moment_5": -5.770076084906979e-09, "level_hu_moment_6": -2.694124372802683e-10, "level_centroid_x": 61.31889015583428, "level_centroid_y": 50.90396553908526, "number_of_artifacts": 84, "number_of_powerups": 33, "number_of_weapons": 5, "number_of_ammunitions": 29, "number_of_keys": 3, "number_of_monsters": 150, "number_of_obstacles": 37, "number_of_decorations": 0, "walkable_area": 6146, "walkable_percentage": 0.7786646395540352, "start_location_x_px": 2, "start_location_y_px": 100, "artifacts_per_walkable_area": 0.01366742596810934, "powerups_per_walkable_area": 0.005369345916042954, "weapons_per_walkable_area": 0.0008135372600065083, "ammunitions_per_walkable_area": 0.004718516108037748, "keys_per_walkable_area": 0.00048812235600390497, "monsters_per_walkable_area": 0.02440611780019525, "obstacles_per_walkable_area": 0.006020175724048162, "decorations_per_walkable_area": 0.0, "nodes": 73, "avg-path-length": 5.374048706240487, "diameter-mean": 12.0, "art-points": 4, "assortativity-mean": -0.07028582472566361, "betw-cen": NaN, "closn-cen": NaN, "distmap-max": 14.0, "distmap-mean": -Infinity, "distmap-var": 0.0, "distmap-skew": 0, "distmap-kurt": 0.0, "distmap-Q1": 0.020038158242383596, "distmap-Q2": 0.038106105770425024, "distmap-Q3": 0.07909989397665455, "path_wallmap": "DOOM_E1M7_wallmap.png", "path_heightmap": "DOOM_E1M7_heightmap.png", "path_triggermap": "DOOM_E1M7_triggermap.png", "path_thingsmap": "DOOM_E1M7_thingsmap.png", "path_floormap": "DOOM_E1M7_floormap.png", "path_roommap": "DOOM_E1M7_roommap.png", "slot": "E1M7", "path_json": "DOOM_E1M7.json"}