{"number_of_lines": 825, "number_of_things": 293, "number_of_sectors": 143, "number_of_subsectors": 384, "number_of_vertices": 746, "x_max": 1728, "y_max": 2496, "x_min": -2240, "y_min": -736, "height": 3233, "width": 3969, "aspect_ratio": 1.2276523352922981, "floor_height_max": 112.0, "floor_height_min": -216.0, "floor_height_avg": -27.356643356643357, "ceiling_height_max": 248.0, "ceiling_height_min": -184.0, "ceiling_height_avg": 89.23076923076923, "room_height_max": 280.0, "room_height_min": 0.0, "room_height_avg": 116.58741258741259, "sector_area_max": 579648.0, "sector_area_min": 256.0, "sector_area_avg": 37393.9020979021, "lines_per_sector_max": 93.0, "lines_per_sector_min": 4.0, "lines_per_sector_avg": 7.363636363636363, "sector_aspect_ratio_max": 11.352941176470589, "sector_aspect_ratio_min": 1.0, "sector_aspect_ratio_avg": 2.88596887844895, "floors": 1, "level_area": 5839, "floors_area_mean": 5839.0, "floors_area_min": 5839, "floors_area_max": 5839, "floors_area_std": 0.0, "level_bbox_area": 12750, "level_convex_area": 8881, "floors_convex_area_mean": 8881.0, "floors_convex_area_min": 8881, "floors_convex_area_max": 8881, "floors_convex_area_std": 0.0, "level_eccentricity": 0.7558871661514891, "floors_eccentricity_mean": 0.7558871661514891, "floors_eccentricity_min": 0.7558871661514891, "floors_eccentricity_max": 0.7558871661514891, "floors_eccentricity_std": 0.0, "level_equivalent_diameter": 86.22323179809845, "floors_equivalent_diameter_mean": 86.22323179809845, "floors_equivalent_diameter_min": 86.22323179809845, "floors_equivalent_diameter_max": 86.22323179809845, "floors_equivalent_diameter_std": 0.0, "level_euler_number": -25, "floors_euler_number_mean": -25.0, "floors_euler_number_min": -25, "floors_euler_number_max": -25, "floors_euler_number_std": 0.0, "level_extent": 0.4579607843137255, "floors_extent_mean": 0.4579607843137255, "floors_extent_min": 0.4579607843137255, "floors_extent_max": 0.4579607843137255, "floors_extent_std": 0.0, "level_filled_area": 6228, "floors_filled_area_mean": 6228.0, "floors_filled_area_min": 6228, "floors_filled_area_max": 6228, "floors_filled_area_std": 0.0, "level_major_axis_length": 125.32110760037982, "floors_major_axis_length_mean": 125.32110760037982, "floors_major_axis_length_min": 125.32110760037982, "floors_major_axis_length_max": 125.32110760037982, "floors_major_axis_length_std": 0.0, "level_minor_axis_length": 82.04796861358955, "floors_minor_axis_length_mean": 82.04796861358955, "floors_minor_axis_length_min": 82.04796861358955, "floors_minor_axis_length_max": 82.04796861358955, "floors_minor_axis_length_std": 0.0, "level_orientation": -0.025703212516752342, "floors_orientation_mean": -0.025703212516752342, "floors_orientation_min": -0.025703212516752342, "floors_orientation_max": -0.025703212516752342, "floors_orientation_std": 0.0, "level_perimeter": 1061.1391770309006, "floors_perimeter_mean": 1061.1391770309006, "floors_perimeter_min": 1061.1391770309006, "floors_perimeter_max": 1061.1391770309006, "floors_perimeter_std": 0.0, "level_solidity": 0.6574710055173967, "floors_solidity_mean": 0.6574710055173967, "floors_solidity_min": 0.6574710055173967, "floors_solidity_max": 0.6574710055173967, "floors_solidity_std": 0.0, "level_hu_moment_0": 0.24016579426916587, "level_hu_moment_1": 0.009225881441427925, "level_hu_moment_2": 0.0006941096879080525, "level_hu_moment_3": 0.00023590444491770852, "level_hu_moment_4": 9.066223133909582e-08, "level_hu_moment_5": 2.157796687117496e-05, "level_hu_moment_6": -2.988038646220795e-08, "level_centroid_x": 64.70131871895873, "level_centroid_y": 49.8256550779243, "number_of_artifacts": 29, "number_of_powerups": 53, "number_of_weapons": 7, "number_of_ammunitions": 28, "number_of_keys": 2, "number_of_monsters": 131, "number_of_obstacles": 30, "number_of_decorations": 0, "walkable_area": 4377, "walkable_percentage": 0.7496146600445281, "start_location_x_px": 45, "start_location_y_px": 60, "artifacts_per_walkable_area": 0.006625542609092986, "powerups_per_walkable_area": 0.012108750285583733, "weapons_per_walkable_area": 0.0015992689056431345, "ammunitions_per_walkable_area": 0.006397075622572538, "keys_per_walkable_area": 0.0004569339730408956, "monsters_per_walkable_area": 0.02992917523417866, "obstacles_per_walkable_area": 0.006854009595613434, "decorations_per_walkable_area": 0.0, "nodes": 43, "avg-path-length": 4.407530454042082, "diameter-mean": 9.0, "art-points": 9, "assortativity-mean": 0.048970588235294155, "betw-cen": NaN, "closn-cen": NaN, "distmap-max": 13.45362404707371, "distmap-mean": -Infinity, "distmap-var": 0.0, "distmap-skew": 0, "distmap-kurt": 0.0, "distmap-Q1": 0.019534317792157516, "distmap-Q2": 0.0586527293844367, "distmap-Q3": 0.10729495050052543, "path_wallmap": "DOOM_E1M5_wallmap.png", "path_heightmap": "DOOM_E1M5_heightmap.png", "path_triggermap": "DOOM_E1M5_triggermap.png", "path_thingsmap": "DOOM_E1M5_thingsmap.png", "path_floormap": "DOOM_E1M5_floormap.png", "path_roommap": "DOOM_E1M5_roommap.png", "slot": "E1M5", "path_json": "DOOM_E1M5.json"}