{"number_of_lines": 1152, "number_of_things": 195, "number_of_sectors": 226, "number_of_subsectors": 604, "number_of_vertices": 1026, "x_max": 2272, "y_max": 1312, "x_min": -2304, "y_min": -1248, "height": 2561, "width": 4577, "aspect_ratio": 1.7871925029285436, "floor_height_max": 168.0, "floor_height_min": -328.0, "floor_height_avg": 51.07964601769911, "ceiling_height_max": 296.0, "ceiling_height_min": -328.0, "ceiling_height_avg": 191.26106194690266, "room_height_max": 624.0, "room_height_min": 0.0, "room_height_avg": 140.18141592920355, "sector_area_max": 1871034.5, "sector_area_min": 0.5, "sector_area_avg": 32393.152654867255, "lines_per_sector_max": 132.0, "lines_per_sector_min": 3.0, "lines_per_sector_avg": 7.65929203539823, "sector_aspect_ratio_max": 48.5, "sector_aspect_ratio_min": 1.0, "sector_aspect_ratio_avg": 4.005744703259189, "floors": 2, "level_area": 7077, "floors_area_mean": 3538.5, "floors_area_min": 16, "floors_area_max": 7061, "floors_area_std": 3522.5, "level_bbox_area": 11664, "level_convex_area": 8580, "floors_convex_area_mean": 4298.0, "floors_convex_area_min": 16, "floors_convex_area_max": 8580, "floors_convex_area_std": 4282.0, "level_eccentricity": 0.8537370163067323, "floors_eccentricity_mean": 0.42682373381284683, "floors_eccentricity_min": 0.0, "floors_eccentricity_max": 0.8536474676256937, "floors_eccentricity_std": 0.42682373381284683, "level_equivalent_diameter": 94.92479264181064, "floors_equivalent_diameter_mean": 49.66547173524997, "floors_equivalent_diameter_min": 4.51351666838205, "floors_equivalent_diameter_max": 94.8174268021179, "floors_equivalent_diameter_std": 45.15195506686792, "level_euler_number": -20, "floors_euler_number_mean": -10.0, "floors_euler_number_min": -21, "floors_euler_number_max": 1, "floors_euler_number_std": 11.0, "level_extent": 0.6067386831275721, "floors_extent_mean": 0.8026834705075445, "floors_extent_min": 0.6053669410150891, "floors_extent_max": 1.0, "floors_extent_std": 0.19731652949245543, "level_filled_area": 7770, "floors_filled_area_mean": 3893.0, "floors_filled_area_min": 16, "floors_filled_area_max": 7770, "floors_filled_area_std": 3877.0, "level_major_axis_length": 143.28945235834274, "floors_major_axis_length_mean": 73.89702811936573, "floors_major_axis_length_min": 4.47213595499958, "floors_major_axis_length_max": 143.32192028373188, "floors_major_axis_length_std": 69.42489216436616, "level_minor_axis_length": 74.61145310592318, "floors_minor_axis_length_mean": 39.56076701938585, "floors_minor_axis_length_min": 4.47213595499958, "floors_minor_axis_length_max": 74.64939808377213, "floors_minor_axis_length_std": 35.08863106438628, "level_orientation": 0.28632160122662126, "floors_orientation_mean": 0.5363945184350851, "floors_orientation_min": 0.2873908734727221, "floors_orientation_max": 0.7853981633974483, "floors_orientation_std": 0.2490036449623631, "level_perimeter": 910.547293938864, "floors_perimeter_mean": 455.273646969432, "floors_perimeter_min": 12.0, "floors_perimeter_max": 898.547293938864, "floors_perimeter_std": 443.273646969432, "level_solidity": 0.8248251748251748, "floors_solidity_mean": 0.9114801864801865, "floors_solidity_min": 0.8229603729603729, "floors_solidity_max": 1.0, "floors_solidity_std": 0.08851981351981353, "level_hu_moment_0": 0.23048904984219257, "level_hu_moment_1": 0.017466865765472364, "level_hu_moment_2": 3.1660688623149394e-05, "level_hu_moment_3": 6.4321297322723665e-06, "level_hu_moment_4": -2.678359864322877e-12, "level_hu_moment_5": 8.366301323831788e-07, "level_hu_moment_6": -9.175028142285674e-11, "level_centroid_x": 72.9221421506288, "level_centroid_y": 34.67231877914371, "number_of_artifacts": 55, "number_of_powerups": 10, "number_of_weapons": 1, "number_of_ammunitions": 12, "number_of_keys": 4, "number_of_monsters": 2, "number_of_obstacles": 37, "number_of_decorations": 69, "walkable_area": 5970, "walkable_percentage": 0.8435777871979653, "start_location_x_px": 102, "start_location_y_px": 9, "artifacts_per_walkable_area": 0.009212730318257957, "powerups_per_walkable_area": 0.0016750418760469012, "weapons_per_walkable_area": 0.00016750418760469013, "ammunitions_per_walkable_area": 0.0020100502512562816, "keys_per_walkable_area": 0.0006700167504187605, "monsters_per_walkable_area": 0.00033500837520938025, "obstacles_per_walkable_area": 0.006197654941373534, "decorations_per_walkable_area": 0.011557788944723618, "nodes": 34, "avg-path-length": 4.179924242424242, "diameter-mean": 9.0, "art-points": 3, "assortativity-mean": 0, "betw-cen": NaN, "closn-cen": NaN, "distmap-max": 22.0, "distmap-mean": -Infinity, "distmap-var": 0.0, "distmap-skew": 0, "distmap-kurt": 0.0, "distmap-Q1": 0.028502096861471864, "distmap-Q2": 0.05760732323232323, "distmap-Q3": 0.11338440205627706, "path_wallmap": "DoomZero_MAP32_wallmap.png", "path_heightmap": "DoomZero_MAP32_heightmap.png", "path_triggermap": "DoomZero_MAP32_triggermap.png", "path_thingsmap": "DoomZero_MAP32_thingsmap.png", "path_floormap": "DoomZero_MAP32_floormap.png", "path_roommap": "DoomZero_MAP32_roommap.png", "slot": "MAP32", "path_json": "DoomZero_MAP32.json"}