{"number_of_lines": 664, "number_of_things": 244, "number_of_sectors": 124, "number_of_subsectors": 310, "number_of_vertices": 582, "x_max": 1312, "y_max": 3104, "x_min": -3040, "y_min": -448, "height": 3553, "width": 4353, "aspect_ratio": 1.2251618350689557, "floor_height_max": 232.0, "floor_height_min": -112.0, "floor_height_avg": 3.967741935483871, "ceiling_height_max": 672.0, "ceiling_height_min": -96.0, "ceiling_height_avg": 114.1774193548387, "room_height_max": 672.0, "room_height_min": 0.0, "room_height_avg": 110.20967741935483, "sector_area_max": 1124352.0, "sector_area_min": 32.0, "sector_area_avg": 33845.604838709674, "lines_per_sector_max": 64.0, "lines_per_sector_min": 3.0, "lines_per_sector_avg": 7.620967741935484, "sector_aspect_ratio_max": 32.5, "sector_aspect_ratio_min": 1.0, "sector_aspect_ratio_avg": 2.725144682163541, "floors": 2, "level_area": 4467, "floors_area_mean": 2233.5, "floors_area_min": 13, "floors_area_max": 4454, "floors_area_std": 2220.5, "level_bbox_area": 15344, "level_convex_area": 10821, "floors_convex_area_mean": 5104.5, "floors_convex_area_min": 13, "floors_convex_area_max": 10196, "floors_convex_area_std": 5091.5, "level_eccentricity": 0.8749295154503491, "floors_eccentricity_mean": 0.43969685701685357, "floors_eccentricity_min": 0.0, "floors_eccentricity_max": 0.8793937140337071, "floors_eccentricity_std": 0.43969685701685357, "level_equivalent_diameter": 75.41592037714564, "floors_equivalent_diameter_mean": 39.68726525284755, "floors_equivalent_diameter_min": 4.068428945128219, "floors_equivalent_diameter_max": 75.30610156056689, "floors_equivalent_diameter_std": 35.618836307719334, "level_euler_number": -10, "floors_euler_number_mean": -5.0, "floors_euler_number_min": -11, "floors_euler_number_max": 1, "floors_euler_number_std": 6.0, "level_extent": 0.2911235662148071, "floors_extent_mean": 0.4225547445255474, "floors_extent_min": 0.3251094890510949, "floors_extent_max": 0.52, "floors_extent_std": 0.09744525547445257, "level_filled_area": 4541, "floors_filled_area_mean": 2270.5, "floors_filled_area_min": 13, "floors_filled_area_max": 4528, "floors_filled_area_std": 2257.5, "level_major_axis_length": 160.71032966558096, "floors_major_axis_length_mean": 82.51216019309427, "floors_major_axis_length_min": 4.1509961733021665, "floors_major_axis_length_max": 160.8733242128864, "floors_major_axis_length_std": 78.36116401979211, "level_minor_axis_length": 77.82402368494618, "floors_minor_axis_length_mean": 40.37101157171058, "floors_minor_axis_length_min": 4.1509961733021665, "floors_minor_axis_length_max": 76.591026970119, "floors_minor_axis_length_std": 36.22001539840842, "level_orientation": 0.13500377980182912, "floors_orientation_mean": 0.46193394251844355, "floors_orientation_min": 0.13846972163943883, "floors_orientation_max": 0.7853981633974483, "floors_orientation_std": 0.3234642208790047, "level_perimeter": 969.723917448001, "floors_perimeter_mean": 484.86195872400054, "floors_perimeter_min": 11.313708498984761, "floors_perimeter_max": 958.4102089490164, "floors_perimeter_std": 473.5482502250158, "level_solidity": 0.4128084280565567, "floors_solidity_mean": 0.718418987838368, "floors_solidity_min": 0.436837975676736, "floors_solidity_max": 1.0, "floors_solidity_std": 0.281581012161632, "level_hu_moment_0": 0.4461102071263541, "level_hu_moment_1": 0.07652363081703543, "level_hu_moment_2": 0.012427597057710033, "level_hu_moment_3": 0.009205615001503279, "level_hu_moment_4": 8.238321033599294e-05, "level_hu_moment_5": 0.002391146041739903, "level_hu_moment_6": 5.392547593036588e-05, "level_centroid_x": 60.001343183344524, "level_centroid_y": 65.0069397806134, "number_of_artifacts": 7, "number_of_powerups": 8, "number_of_weapons": 11, "number_of_ammunitions": 68, "number_of_keys": 8, "number_of_monsters": 86, "number_of_obstacles": 11, "number_of_decorations": 0, "walkable_area": 3568, "walkable_percentage": 0.7987463622117752, "start_location_x_px": 54, "start_location_y_px": 61, "artifacts_per_walkable_area": 0.001961883408071749, "powerups_per_walkable_area": 0.002242152466367713, "weapons_per_walkable_area": 0.003082959641255605, "ammunitions_per_walkable_area": 0.01905829596412556, "keys_per_walkable_area": 0.002242152466367713, "monsters_per_walkable_area": 0.024103139013452915, "obstacles_per_walkable_area": 0.003082959641255605, "decorations_per_walkable_area": 0.0, "nodes": 49, "avg-path-length": 7.9388297872340425, "diameter-mean": 18.0, "art-points": 17, "assortativity-mean": 0, "betw-cen": NaN, "closn-cen": NaN, "distmap-max": 16.1245154965971, "distmap-mean": -Infinity, "distmap-var": 0.0, "distmap-skew": 0, "distmap-kurt": 0.0, "distmap-Q1": 0.0070921985815602835, "distmap-Q2": 0.08865248226950355, "distmap-Q3": 0.2765957446808511, "path_wallmap": "DoomZero_MAP06_wallmap.png", "path_heightmap": "DoomZero_MAP06_heightmap.png", "path_triggermap": "DoomZero_MAP06_triggermap.png", "path_thingsmap": "DoomZero_MAP06_thingsmap.png", "path_floormap": "DoomZero_MAP06_floormap.png", "path_roommap": "DoomZero_MAP06_roommap.png", "slot": "MAP06", "path_json": "DoomZero_MAP06.json"}