{"number_of_lines": 982, "number_of_things": 154, "number_of_sectors": 166, "number_of_subsectors": 474, "number_of_vertices": 884, "x_max": 1984, "y_max": 2112, "x_min": -1728, "y_min": -1728, "height": 3841, "width": 3713, "aspect_ratio": 1.0344734715863184, "floor_height_max": 256.0, "floor_height_min": -96.0, "floor_height_avg": -14.072289156626505, "ceiling_height_max": 256.0, "ceiling_height_min": -88.0, "ceiling_height_avg": 127.32530120481928, "room_height_max": 328.0, "room_height_min": 0.0, "room_height_avg": 141.3975903614458, "sector_area_max": 1786368.0, "sector_area_min": 0.0, "sector_area_avg": 65316.43373493976, "lines_per_sector_max": 57.0, "lines_per_sector_min": 3.0, "lines_per_sector_avg": 7.5120481927710845, "sector_aspect_ratio_max": 11.352941176470589, "sector_aspect_ratio_min": 1.0, "sector_aspect_ratio_avg": 2.4919139115339712, "floors": 2, "level_area": 11227, "floors_area_mean": 5613.5, "floors_area_min": 41, "floors_area_max": 11186, "floors_area_std": 5572.5, "level_bbox_area": 14157, "level_convex_area": 13505, "floors_convex_area_mean": 6773.0, "floors_convex_area_min": 41, "floors_convex_area_max": 13505, "floors_convex_area_std": 6732.0, "level_eccentricity": 0.3944173850686485, "floors_eccentricity_mean": 0.26642395919111816, "floors_eccentricity_min": 0.1349135817998279, "floors_eccentricity_max": 0.3979343365824084, "floors_eccentricity_std": 0.13151037739129026, "level_equivalent_diameter": 119.5602792265963, "floors_equivalent_diameter_mean": 63.28345990902654, "floors_equivalent_diameter_min": 7.225151993843567, "floors_equivalent_diameter_max": 119.34176782420951, "floors_equivalent_diameter_std": 56.05830791518297, "level_euler_number": -57, "floors_euler_number_mean": -28.5, "floors_euler_number_min": -58, "floors_euler_number_max": 1, "floors_euler_number_std": 29.5, "level_extent": 0.7930352475807021, "floors_extent_mean": 0.8134369238265342, "floors_extent_min": 0.7901391537755175, "floors_extent_max": 0.8367346938775511, "floors_extent_std": 0.023297770051016797, "level_filled_area": 12177, "floors_filled_area_mean": 6088.5, "floors_filled_area_min": 41, "floors_filled_area_max": 12136, "floors_filled_area_std": 6047.5, "level_major_axis_length": 137.06411585968817, "floors_major_axis_length_mean": 72.16428535368468, "floors_major_axis_length_min": 7.231367984470799, "floors_major_axis_length_max": 137.09720272289854, "floors_major_axis_length_std": 64.93291736921387, "level_minor_axis_length": 125.95252050686334, "floors_minor_axis_length_mean": 66.47006683636965, "floors_minor_axis_length_min": 7.16525425443065, "floors_minor_axis_length_max": 125.77487941830866, "floors_minor_axis_length_std": 59.304812581939004, "level_orientation": 1.0548372491307256, "floors_orientation_mean": 0.5141800278408903, "floors_orientation_min": 0.0, "floors_orientation_max": 1.0283600556817807, "floors_orientation_std": 0.5141800278408903, "level_perimeter": 1855.8336572273788, "floors_perimeter_mean": 927.9168286136894, "floors_perimeter_min": 20.485281374238568, "floors_perimeter_max": 1835.3483758531402, "floors_perimeter_std": 907.4315472394508, "level_solidity": 0.8313217326915957, "floors_solidity_mean": 0.9141429100333209, "floors_solidity_min": 0.828285820066642, "floors_solidity_max": 1.0, "floors_solidity_std": 0.08585708996667901, "level_hu_moment_0": 0.1928977536209019, "level_hu_moment_1": 0.0002646987333856101, "level_hu_moment_2": 4.1081617742715774e-05, "level_hu_moment_3": 1.027768243748238e-06, "level_hu_moment_4": -2.0873234288787702e-12, "level_hu_moment_5": -1.2267591611746898e-08, "level_hu_moment_6": -6.343729380743153e-12, "level_centroid_x": 59.01407321635343, "level_centroid_y": 59.79771978266678, "number_of_artifacts": 8, "number_of_powerups": 32, "number_of_weapons": 4, "number_of_ammunitions": 32, "number_of_keys": 3, "number_of_monsters": 50, "number_of_obstacles": 0, "number_of_decorations": 4, "walkable_area": 8960, "walkable_percentage": 0.7980760666251002, "start_location_x_px": 4, "start_location_y_px": 42, "artifacts_per_walkable_area": 0.0008928571428571428, "powerups_per_walkable_area": 0.0035714285714285713, "weapons_per_walkable_area": 0.0004464285714285714, "ammunitions_per_walkable_area": 0.0035714285714285713, "keys_per_walkable_area": 0.0003348214285714286, "monsters_per_walkable_area": 0.005580357142857143, "obstacles_per_walkable_area": 0.0, "decorations_per_walkable_area": 0.0004464285714285714, "nodes": 65, "avg-path-length": 4.874007936507937, "diameter-mean": 11.0, "art-points": 9, "assortativity-mean": 0, "betw-cen": NaN, "closn-cen": NaN, "distmap-max": 24.515301344262525, "distmap-mean": -Infinity, "distmap-var": 0.0, "distmap-skew": 0, "distmap-kurt": 0.0, "distmap-Q1": 0.003207671957671957, "distmap-Q2": 0.023685515873015903, "distmap-Q3": 0.06447704081632658, "path_wallmap": "DOOM_E3M7_wallmap.png", "path_heightmap": "DOOM_E3M7_heightmap.png", "path_triggermap": "DOOM_E3M7_triggermap.png", "path_thingsmap": "DOOM_E3M7_thingsmap.png", "path_floormap": "DOOM_E3M7_floormap.png", "path_roommap": "DOOM_E3M7_roommap.png", "slot": "E3M7", "path_json": "DOOM_E3M7.json"}