{"number_of_lines": 122, "number_of_things": 58, "number_of_sectors": 17, "number_of_subsectors": 78, "number_of_vertices": 135, "x_max": 1984, "y_max": 2432, "x_min": -1728, "y_min": -1560, "height": 3993, "width": 3713, "aspect_ratio": 1.0754107190950715, "floor_height_max": 64.0, "floor_height_min": 0.0, "floor_height_avg": 20.705882352941178, "ceiling_height_max": 256.0, "ceiling_height_min": 0.0, "ceiling_height_avg": 139.2941176470588, "room_height_max": 256.0, "room_height_min": 0.0, "room_height_avg": 118.58823529411765, "sector_area_max": 7433216.0, "sector_area_min": 0.0, "sector_area_avg": 835467.2941176471, "lines_per_sector_max": 60.0, "lines_per_sector_min": 2.0, "lines_per_sector_avg": 10.176470588235293, "sector_aspect_ratio_max": 10.846153846153847, "sector_aspect_ratio_min": 1.0, "sector_aspect_ratio_avg": 6.676794118706665, "floors": 2, "level_area": 8679, "floors_area_mean": 4339.5, "floors_area_min": 1, "floors_area_max": 8678, "floors_area_std": 4338.5, "level_bbox_area": 14625, "level_convex_area": 13551, "floors_convex_area_mean": 6776.0, "floors_convex_area_min": 1, "floors_convex_area_max": 13551, "floors_convex_area_std": 6775.0, "level_eccentricity": 0.30944696420766726, "floors_eccentricity_mean": 0.15473088583494723, "floors_eccentricity_min": 0.0, "floors_eccentricity_max": 0.30946177166989447, "floors_eccentricity_std": 0.15473088583494723, "level_equivalent_diameter": 105.12110163405099, "floors_equivalent_diameter_mean": 53.121712282995226, "floors_equivalent_diameter_min": 1.1283791670955126, "floors_equivalent_diameter_max": 105.11504539889494, "floors_equivalent_diameter_std": 51.993333115899716, "level_euler_number": 2, "floors_euler_number_mean": 1.0, "floors_euler_number_min": 1, "floors_euler_number_max": 1, "floors_euler_number_std": 0.0, "level_extent": 0.5934358974358974, "floors_extent_mean": 0.7966837606837607, "floors_extent_min": 0.5933675213675214, "floors_extent_max": 1.0, "floors_extent_std": 0.20331623931623932, "level_filled_area": 8679, "floors_filled_area_mean": 4339.5, "floors_filled_area_min": 1, "floors_filled_area_max": 8678, "floors_filled_area_std": 4338.5, "level_major_axis_length": 126.74995459714981, "floors_major_axis_length_mean": 63.37245879603659, "floors_major_axis_length_min": 0.0, "floors_major_axis_length_max": 126.74491759207318, "floors_major_axis_length_std": 63.37245879603659, "level_minor_axis_length": 120.52864895079985, "floors_minor_axis_length_mean": 60.261624212193084, "floors_minor_axis_length_min": 0.0, "floors_minor_axis_length_max": 120.52324842438617, "floors_minor_axis_length_std": 60.261624212193084, "level_orientation": 1.0573522831356506, "floors_orientation_mean": 0.9223667889432114, "floors_orientation_min": 0.7853981633974483, "floors_orientation_max": 1.0593354144889746, "floors_orientation_std": 0.13696862554576317, "level_perimeter": 664.3391411371508, "floors_perimeter_mean": 332.1695705685754, "floors_perimeter_min": 0.0, "floors_perimeter_max": 664.3391411371508, "floors_perimeter_std": 332.1695705685754, "level_solidity": 0.640469338056232, "floors_solidity_mean": 0.8201977713821857, "floors_solidity_min": 0.6403955427643716, "floors_solidity_max": 1.0, "floors_solidity_std": 0.1798022286178142, "level_hu_moment_0": 0.22030696370754616, "level_hu_moment_1": 0.00012273171800193804, "level_hu_moment_2": 0.00012734157362775744, "level_hu_moment_3": 7.047926190101686e-06, "level_hu_moment_4": -1.8514599190528866e-10, "level_hu_moment_5": 5.059264922041904e-08, "level_hu_moment_6": 1.0150082903601466e-10, "level_centroid_x": 54.79283327572301, "level_centroid_y": 67.80020739716558, "number_of_artifacts": 0, "number_of_powerups": 1, "number_of_weapons": 2, "number_of_ammunitions": 42, "number_of_keys": 0, "number_of_monsters": 4, "number_of_obstacles": 0, "number_of_decorations": 1, "walkable_area": 8209, "walkable_percentage": 0.9458462956561816, "start_location_x_px": 3, "start_location_y_px": 22, "artifacts_per_walkable_area": 0.0, "powerups_per_walkable_area": 0.00012181751735899622, "weapons_per_walkable_area": 0.00024363503471799245, "ammunitions_per_walkable_area": 0.005116335729077841, "keys_per_walkable_area": 0.0, "monsters_per_walkable_area": 0.0004872700694359849, "obstacles_per_walkable_area": 0.0, "decorations_per_walkable_area": 0.00012181751735899622, "nodes": 10, "avg-path-length": 1.8333333333333333, "diameter-mean": 3.0, "art-points": 1, "assortativity-mean": 0, "betw-cen": NaN, "closn-cen": NaN, "distmap-max": 30.0, "distmap-mean": -Infinity, "distmap-var": 0.0, "distmap-skew": 0, "distmap-kurt": 0.0, "distmap-Q1": 0.0, "distmap-Q2": 0.0, "distmap-Q3": 0.0625, "path_wallmap": "DOOM_E3M8_wallmap.png", "path_heightmap": "DOOM_E3M8_heightmap.png", "path_triggermap": "DOOM_E3M8_triggermap.png", "path_thingsmap": "DOOM_E3M8_thingsmap.png", "path_floormap": "DOOM_E3M8_floormap.png", "path_roommap": "DOOM_E3M8_roommap.png", "slot": "E3M8", "path_json": "DOOM_E3M8.json"}