{"number_of_lines": 1353, "number_of_things": 326, "number_of_sectors": 241, "number_of_subsectors": 620, "number_of_vertices": 1235, "x_max": 448, "y_max": 2560, "x_min": -3840, "y_min": -1152, "height": 3713, "width": 4289, "aspect_ratio": 1.1551306221384325, "floor_height_max": 128.0, "floor_height_min": -152.0, "floor_height_avg": 15.634854771784232, "ceiling_height_max": 320.0, "ceiling_height_min": -64.0, "ceiling_height_avg": 108.64730290456431, "room_height_max": 280.0, "room_height_min": 0.0, "room_height_avg": 93.01244813278008, "sector_area_max": 365568.0, "sector_area_min": 256.0, "sector_area_avg": 34065.26141078838, "lines_per_sector_max": 93.0, "lines_per_sector_min": 3.0, "lines_per_sector_avg": 7.095435684647303, "sector_aspect_ratio_max": 25.0, "sector_aspect_ratio_min": 1.0, "sector_aspect_ratio_avg": 4.042540806419805, "floors": 5, "level_area": 9402, "floors_area_mean": 1880.4, "floors_area_min": 4, "floors_area_max": 9269, "floors_area_std": 3694.4403960545906, "level_bbox_area": 15795, "level_convex_area": 14340, "floors_convex_area_mean": 2804.6, "floors_convex_area_min": 4, "floors_convex_area_max": 13888, "floors_convex_area_std": 5541.793124973179, "level_eccentricity": 0.531931466895989, "floors_eccentricity_mean": 0.3376563386310938, "floors_eccentricity_min": 0.0, "floors_eccentricity_max": 0.8659810033653167, "floors_eccentricity_std": 0.3359223472793357, "level_equivalent_diameter": 109.41205692061547, "floors_equivalent_diameter_mean": 26.194199663496097, "floors_equivalent_diameter_min": 2.256758334191025, "floors_equivalent_diameter_max": 108.63543317053706, "floors_equivalent_diameter_std": 41.32872540871423, "level_euler_number": -19, "floors_euler_number_mean": -3.8, "floors_euler_number_min": -23, "floors_euler_number_max": 1, "floors_euler_number_std": 9.600000000000001, "level_extent": 0.5952516619183286, "floors_extent_mean": 0.8330125136474343, "floors_extent_min": 0.5868312757201646, "floors_extent_max": 1.0, "floors_extent_std": 0.18871935819943145, "level_filled_area": 11699, "floors_filled_area_mean": 2339.8, "floors_filled_area_min": 4, "floors_filled_area_max": 11566, "floors_filled_area_std": 4613.212433868616, "level_major_axis_length": 146.31355745845784, "floors_major_axis_length_mean": 34.787746004211144, "floors_major_axis_length_min": 2.0, "floors_major_axis_length_max": 147.0764974963188, "floors_major_axis_length_std": 56.347277843113616, "level_minor_axis_length": 123.89647809092976, "floors_minor_axis_length_mean": 28.07470689208131, "floors_minor_axis_length_min": 2.0, "floors_minor_axis_length_max": 121.5277889697056, "floors_minor_axis_length_std": 46.76971582894119, "level_orientation": -0.15869201739136704, "floors_orientation_mean": 0.5877686769556971, "floors_orientation_min": -0.1740128777084593, "floors_orientation_max": 1.5707963267948966, "floors_orientation_std": 0.6332215764073823, "level_perimeter": 2533.0996385116114, "floors_perimeter_mean": 506.6199277023222, "floors_perimeter_min": 4.0, "floors_perimeter_max": 2467.543289325507, "floors_perimeter_std": 980.5248005507842, "level_solidity": 0.6556485355648536, "floors_solidity_mean": 0.9191964285714287, "floors_solidity_min": 0.6674107142857143, "floors_solidity_max": 1.0, "floors_solidity_std": 0.12889653836329668, "level_hu_moment_0": 0.24434956910421768, "level_hu_moment_1": 0.0016213640863845613, "level_hu_moment_2": 0.0007200565690909722, "level_hu_moment_3": 0.00013006469249604656, "level_hu_moment_4": 1.0157072275526137e-08, "level_hu_moment_5": 2.3563902651914804e-06, "level_hu_moment_6": -3.8485855336324564e-08, "level_centroid_x": 63.658370559455435, "level_centroid_y": 50.74377791959158, "number_of_artifacts": 41, "number_of_powerups": 28, "number_of_weapons": 2, "number_of_ammunitions": 35, "number_of_keys": 0, "number_of_monsters": 137, "number_of_obstacles": 38, "number_of_decorations": 30, "walkable_area": 6580, "walkable_percentage": 0.6998510955115933, "start_location_x_px": 30, "start_location_y_px": 16, "artifacts_per_walkable_area": 0.006231003039513678, "powerups_per_walkable_area": 0.00425531914893617, "weapons_per_walkable_area": 0.00030395136778115504, "ammunitions_per_walkable_area": 0.005319148936170213, "keys_per_walkable_area": 0.0, "monsters_per_walkable_area": 0.02082066869300912, "obstacles_per_walkable_area": 0.005775075987841946, "decorations_per_walkable_area": 0.004559270516717325, "nodes": 147, "avg-path-length": 6.371631205673759, "diameter-mean": 15.5, "art-points": 21, "assortativity-mean": 0, "betw-cen": NaN, "closn-cen": NaN, "distmap-max": 12.727922061357855, "distmap-mean": -Infinity, "distmap-var": 0.0, "distmap-skew": 0, "distmap-kurt": 0.0, "distmap-Q1": 0.008264840182648397, "distmap-Q2": 0.03644780349551252, "distmap-Q3": 0.10599039521335224, "path_wallmap": "DOOM_E2M5_wallmap.png", "path_heightmap": "DOOM_E2M5_heightmap.png", "path_triggermap": "DOOM_E2M5_triggermap.png", "path_thingsmap": "DOOM_E2M5_thingsmap.png", "path_floormap": "DOOM_E2M5_floormap.png", "path_roommap": "DOOM_E2M5_roommap.png", "slot": "E2M5", "path_json": "DOOM_E2M5.json"}