{"number_of_lines": 1921, "number_of_things": 362, "number_of_sectors": 359, "number_of_subsectors": 941, "number_of_vertices": 1748, "x_max": 3488, "y_max": 3008, "x_min": -1376, "y_min": -1280, "height": 4289, "width": 4865, "aspect_ratio": 1.1342970389368152, "floor_height_max": 168.0, "floor_height_min": -1392.0, "floor_height_avg": -46.51532033426184, "ceiling_height_max": 352.0, "ceiling_height_min": -1392.0, "ceiling_height_avg": 101.78551532033426, "room_height_max": 1656.0, "room_height_min": 0.0, "room_height_avg": 148.3008356545961, "sector_area_max": 879801.5, "sector_area_min": 8.0, "sector_area_avg": 21751.009749303623, "lines_per_sector_max": 86.0, "lines_per_sector_min": 3.0, "lines_per_sector_avg": 8.442896935933147, "sector_aspect_ratio_max": 144.5, "sector_aspect_ratio_min": 1.0, "sector_aspect_ratio_avg": 4.151663985224774, "floors": 10, "level_area": 8207, "floors_area_mean": 820.7, "floors_area_min": 6, "floors_area_max": 6623, "floors_area_std": 1978.7500625394812, "level_bbox_area": 20502, "level_convex_area": 13561, "floors_convex_area_mean": 1035.6, "floors_convex_area_min": 6, "floors_convex_area_max": 8180, "floors_convex_area_std": 2454.038720150927, "level_eccentricity": 0.5932696081407454, "floors_eccentricity_mean": 0.7684628463498953, "floors_eccentricity_min": 0.5766467405239888, "floors_eccentricity_max": 0.8843384945005575, "floors_eccentricity_std": 0.10845639764106765, "level_equivalent_diameter": 102.2226831170141, "floors_equivalent_diameter_mean": 17.109354348550916, "floors_equivalent_diameter_min": 2.763953195770684, "floors_equivalent_diameter_max": 91.82954592494174, "floors_equivalent_diameter_std": 27.426587249234455, "level_euler_number": -37, "floors_euler_number_mean": -3.7, "floors_euler_number_min": -39, "floors_euler_number_max": 1, "floors_euler_number_std": 11.950313803411188, "level_extent": 0.40030240952102236, "floors_extent_mean": 0.7118884055324146, "floors_extent_min": 0.4888200894392845, "floors_extent_max": 0.9393939393939394, "floors_extent_std": 0.13688410828587472, "level_filled_area": 9109, "floors_filled_area_mean": 917.1, "floors_filled_area_min": 6, "floors_filled_area_max": 7529, "floors_filled_area_std": 2246.534907362892, "level_major_axis_length": 145.68223827761992, "floors_major_axis_length_mean": 23.30619519420038, "floors_major_axis_length_min": 3.6514837167011076, "floors_major_axis_length_max": 129.1187683831663, "floors_major_axis_length_std": 38.30107090009805, "level_minor_axis_length": 117.27476029601108, "floors_minor_axis_length_mean": 15.112951578386557, "floors_minor_axis_length_min": 2.104493398028036, "floors_minor_axis_length_max": 78.45342858548766, "floors_minor_axis_length_std": 24.530176173920673, "level_orientation": -0.12604718107304613, "floors_orientation_mean": 0.02856896358260122, "floors_orientation_min": -1.5283862488955873, "floors_orientation_max": 0.9537355730908119, "floors_orientation_std": 0.8493409700317546, "level_perimeter": 1559.7392488184005, "floors_perimeter_mean": 155.97392488184005, "floors_perimeter_min": 5.414213562373095, "floors_perimeter_max": 1138.56053326821, "floors_perimeter_std": 339.87064531757113, "level_solidity": 0.6051913575695008, "floors_solidity_mean": 0.9409506548056974, "floors_solidity_min": 0.7080219232685601, "floors_solidity_max": 1.0, "floors_solidity_std": 0.096698944355198, "level_hu_moment_0": 0.266363195687097, "level_hu_moment_1": 0.003236130251813495, "level_hu_moment_2": 0.00917770125185555, "level_hu_moment_3": 0.0019220716112751362, "level_hu_moment_4": 7.519019358668976e-06, "level_hu_moment_5": 9.386916818467947e-05, "level_hu_moment_6": -2.9382955709852612e-06, "level_centroid_x": 55.38296576093579, "level_centroid_y": 63.825636651638845, "number_of_artifacts": 102, "number_of_powerups": 28, "number_of_weapons": 5, "number_of_ammunitions": 59, "number_of_keys": 2, "number_of_monsters": 111, "number_of_obstacles": 22, "number_of_decorations": 0, "walkable_area": 6493, "walkable_percentage": 0.7911538930181552, "start_location_x_px": 38, "start_location_y_px": 15, "artifacts_per_walkable_area": 0.015709225319574926, "powerups_per_walkable_area": 0.004312336362236255, "weapons_per_walkable_area": 0.0007700600646850454, "ammunitions_per_walkable_area": 0.009086708763283536, "keys_per_walkable_area": 0.00030802402587401816, "monsters_per_walkable_area": 0.017095333436008008, "obstacles_per_walkable_area": 0.0033882642846142, "decorations_per_walkable_area": 0.0, "nodes": 52, "avg-path-length": 2.2639622026718804, "diameter-mean": 4.333333333333333, "art-points": 2, "assortativity-mean": 0.10878282240331144, "betw-cen": NaN, "closn-cen": NaN, "distmap-max": 14.560219778561036, "distmap-mean": -Infinity, "distmap-var": 0.0, "distmap-skew": 0, "distmap-kurt": 0.0, "distmap-Q1": 0.0, "distmap-Q2": 0.015196078431372545, "distmap-Q3": 0.0282156862745098, "path_wallmap": "DoomZero_MAP15_wallmap.png", "path_heightmap": "DoomZero_MAP15_heightmap.png", "path_triggermap": "DoomZero_MAP15_triggermap.png", "path_thingsmap": "DoomZero_MAP15_thingsmap.png", "path_floormap": "DoomZero_MAP15_floormap.png", "path_roommap": "DoomZero_MAP15_roommap.png", "slot": "MAP15", "path_json": "DoomZero_MAP15.json"}