{"number_of_lines": 1099, "number_of_things": 374, "number_of_sectors": 186, "number_of_subsectors": 474, "number_of_vertices": 1027, "x_max": 2176, "y_max": 1176, "x_min": -1984, "y_min": -2624, "height": 3801, "width": 4161, "aspect_ratio": 1.0947119179163378, "floor_height_max": 160.0, "floor_height_min": -16.0, "floor_height_avg": 48.68817204301075, "ceiling_height_max": 472.0, "ceiling_height_min": 0.0, "ceiling_height_avg": 131.91397849462365, "room_height_max": 400.0, "room_height_min": 0.0, "room_height_avg": 83.2258064516129, "sector_area_max": 1116800.0, "sector_area_min": 256.0, "sector_area_avg": 31118.279569892475, "lines_per_sector_max": 64.0, "lines_per_sector_min": 3.0, "lines_per_sector_avg": 7.360215053763441, "sector_aspect_ratio_max": 14.333333333333334, "sector_aspect_ratio_min": 1.0, "sector_aspect_ratio_avg": 3.875867821877569, "floors": 1, "level_area": 6634, "floors_area_mean": 6634.0, "floors_area_min": 6634, "floors_area_max": 6634, "floors_area_std": 0.0, "level_bbox_area": 15589, "level_convex_area": 11259, "floors_convex_area_mean": 11259.0, "floors_convex_area_min": 11259, "floors_convex_area_max": 11259, "floors_convex_area_std": 0.0, "level_eccentricity": 0.7366498521680073, "floors_eccentricity_mean": 0.7366498521680073, "floors_eccentricity_min": 0.7366498521680073, "floors_eccentricity_max": 0.7366498521680073, "floors_eccentricity_std": 0.0, "level_equivalent_diameter": 91.90577315801804, "floors_equivalent_diameter_mean": 91.90577315801804, "floors_equivalent_diameter_min": 91.90577315801804, "floors_equivalent_diameter_max": 91.90577315801804, "floors_equivalent_diameter_std": 0.0, "level_euler_number": -23, "floors_euler_number_mean": -23.0, "floors_euler_number_min": -23, "floors_euler_number_max": -23, "floors_euler_number_std": 0.0, "level_extent": 0.42555648213483865, "floors_extent_mean": 0.42555648213483865, "floors_extent_min": 0.42555648213483865, "floors_extent_max": 0.42555648213483865, "floors_extent_std": 0.0, "level_filled_area": 7067, "floors_filled_area_mean": 7067.0, "floors_filled_area_min": 7067, "floors_filled_area_max": 7067, "floors_filled_area_std": 0.0, "level_major_axis_length": 138.51105886193585, "floors_major_axis_length_mean": 138.51105886193585, "floors_major_axis_length_min": 138.51105886193585, "floors_major_axis_length_max": 138.51105886193585, "floors_major_axis_length_std": 0.0, "level_minor_axis_length": 93.6714761801508, "floors_minor_axis_length_mean": 93.6714761801508, "floors_minor_axis_length_min": 93.6714761801508, "floors_minor_axis_length_max": 93.6714761801508, "floors_minor_axis_length_std": 0.0, "level_orientation": 0.6521122005662812, "floors_orientation_mean": 0.6521122005662812, "floors_orientation_min": 0.6521122005662812, "floors_orientation_max": 0.6521122005662812, "floors_orientation_std": 0.0, "level_perimeter": 1637.583873865323, "floors_perimeter_mean": 1637.583873865323, "floors_perimeter_min": 1637.583873865323, "floors_perimeter_max": 1637.583873865323, "floors_perimeter_std": 0.0, "level_solidity": 0.5892175148769873, "floors_solidity_mean": 0.5892175148769873, "floors_solidity_min": 0.5892175148769873, "floors_solidity_max": 0.5892175148769873, "floors_solidity_std": 0.0, "level_hu_moment_0": 0.263412523334557, "level_hu_moment_1": 0.009620359949071509, "level_hu_moment_2": 0.0013264515033025396, "level_hu_moment_3": 0.00011266962899229011, "level_hu_moment_4": -3.259389422963685e-08, "level_hu_moment_5": -4.2194954998371446e-06, "level_hu_moment_6": -2.8893477609205587e-08, "level_centroid_x": 62.44920108531806, "level_centroid_y": 57.17048537835394, "number_of_artifacts": 48, "number_of_powerups": 49, "number_of_weapons": 4, "number_of_ammunitions": 44, "number_of_keys": 3, "number_of_monsters": 163, "number_of_obstacles": 36, "number_of_decorations": 11, "walkable_area": 4647, "walkable_percentage": 0.7004823635815496, "start_location_x_px": 36, "start_location_y_px": 66, "artifacts_per_walkable_area": 0.010329244673983214, "powerups_per_walkable_area": 0.010544437271357865, "weapons_per_walkable_area": 0.0008607703894986013, "ammunitions_per_walkable_area": 0.009468474284484614, "keys_per_walkable_area": 0.0006455777921239509, "monsters_per_walkable_area": 0.035076393372068, "obstacles_per_walkable_area": 0.007746933505487412, "decorations_per_walkable_area": 0.0023671185711211535, "nodes": 89, "avg-path-length": 13.564606741573034, "diameter-mean": 34.0, "art-points": 33, "assortativity-mean": 0.07540521494009808, "betw-cen": NaN, "closn-cen": NaN, "distmap-max": 19.924858845171276, "distmap-mean": -Infinity, "distmap-var": 0.0, "distmap-skew": 0, "distmap-kurt": 0.0, "distmap-Q1": 0.018233668978183123, "distmap-Q2": 0.07138192267502613, "distmap-Q3": 0.19997387669801464, "path_wallmap": "DOOM_E3M4_wallmap.png", "path_heightmap": "DOOM_E3M4_heightmap.png", "path_triggermap": "DOOM_E3M4_triggermap.png", "path_thingsmap": "DOOM_E3M4_thingsmap.png", "path_floormap": "DOOM_E3M4_floormap.png", "path_roommap": "DOOM_E3M4_roommap.png", "slot": "E3M4", "path_json": "DOOM_E3M4.json"}