{"number_of_lines": 1094, "number_of_things": 326, "number_of_sectors": 181, "number_of_subsectors": 460, "number_of_vertices": 967, "x_max": 1952, "y_max": 3400, "x_min": -1344, "y_min": -1600, "height": 5001, "width": 3297, "aspect_ratio": 1.5168334849863512, "floor_height_max": 80.0, "floor_height_min": -24.0, "floor_height_avg": 20.331491712707184, "ceiling_height_max": 288.0, "ceiling_height_min": -24.0, "ceiling_height_avg": 88.66298342541437, "room_height_max": 216.0, "room_height_min": 0.0, "room_height_avg": 68.33149171270718, "sector_area_max": 499648.0, "sector_area_min": 256.0, "sector_area_avg": 32162.82872928177, "lines_per_sector_max": 64.0, "lines_per_sector_min": 3.0, "lines_per_sector_avg": 7.314917127071824, "sector_aspect_ratio_max": 28.555555555555557, "sector_aspect_ratio_min": 1.0, "sector_aspect_ratio_avg": 3.595988667812726, "floors": 1, "level_area": 7064, "floors_area_mean": 7064.0, "floors_area_min": 7064, "floors_area_max": 7064, "floors_area_std": 0.0, "level_bbox_area": 16328, "level_convex_area": 13909, "floors_convex_area_mean": 13909.0, "floors_convex_area_min": 13909, "floors_convex_area_max": 13909, "floors_convex_area_std": 0.0, "level_eccentricity": 0.8014155806484123, "floors_eccentricity_mean": 0.8014155806484123, "floors_eccentricity_min": 0.8014155806484123, "floors_eccentricity_max": 0.8014155806484123, "floors_eccentricity_std": 0.0, "level_equivalent_diameter": 94.83756715568568, "floors_equivalent_diameter_mean": 94.83756715568568, "floors_equivalent_diameter_min": 94.83756715568568, "floors_equivalent_diameter_max": 94.83756715568568, "floors_equivalent_diameter_std": 0.0, "level_euler_number": -22, "floors_euler_number_mean": -22.0, "floors_euler_number_min": -22, "floors_euler_number_max": -22, "floors_euler_number_std": 0.0, "level_extent": 0.4326310632043116, "floors_extent_mean": 0.4326310632043116, "floors_extent_min": 0.4326310632043116, "floors_extent_max": 0.4326310632043116, "floors_extent_std": 0.0, "level_filled_area": 7711, "floors_filled_area_mean": 7711.0, "floors_filled_area_min": 7711, "floors_filled_area_max": 7711, "floors_filled_area_std": 0.0, "level_major_axis_length": 163.3852132112671, "floors_major_axis_length_mean": 163.3852132112671, "floors_major_axis_length_min": 163.3852132112671, "floors_major_axis_length_max": 163.3852132112671, "floors_major_axis_length_std": 0.0, "level_minor_axis_length": 97.72198772798073, "floors_minor_axis_length_mean": 97.72198772798073, "floors_minor_axis_length_min": 97.72198772798073, "floors_minor_axis_length_max": 97.72198772798073, "floors_minor_axis_length_std": 0.0, "level_orientation": 1.3899851347038956, "floors_orientation_mean": 1.3899851347038956, "floors_orientation_min": 1.3899851347038956, "floors_orientation_max": 1.3899851347038956, "floors_orientation_std": 0.0, "level_perimeter": 2368.2316728675755, "floors_perimeter_mean": 2368.2316728675755, "floors_perimeter_min": 2368.2316728675755, "floors_perimeter_max": 2368.2316728675755, "floors_perimeter_std": 0.0, "level_solidity": 0.5078726004745129, "floors_solidity_mean": 0.5078726004745129, "floors_solidity_min": 0.5078726004745129, "floors_solidity_max": 0.5078726004745129, "floors_solidity_std": 0.0, "level_hu_moment_0": 0.32067803989947996, "level_hu_moment_1": 0.023011279962078763, "level_hu_moment_2": 0.0021421547066244515, "level_hu_moment_3": 0.00021656025774618128, "level_hu_moment_4": -1.4664166231184883e-07, "level_hu_moment_5": -3.1276601500909726e-05, "level_hu_moment_6": -1.5894234991159685e-08, "level_centroid_x": 52.17100792751982, "level_centroid_y": 79.83281426953567, "number_of_artifacts": 31, "number_of_powerups": 35, "number_of_weapons": 6, "number_of_ammunitions": 51, "number_of_keys": 3, "number_of_monsters": 146, "number_of_obstacles": 31, "number_of_decorations": 11, "walkable_area": 4638, "walkable_percentage": 0.6565685164212911, "start_location_x_px": 22, "start_location_y_px": 85, "artifacts_per_walkable_area": 0.0066839154808106946, "powerups_per_walkable_area": 0.007546356188012074, "weapons_per_walkable_area": 0.00129366106080207, "ammunitions_per_walkable_area": 0.010996119016817595, "keys_per_walkable_area": 0.000646830530401035, "monsters_per_walkable_area": 0.03147908581285037, "obstacles_per_walkable_area": 0.0066839154808106946, "decorations_per_walkable_area": 0.0023717119448037945, "nodes": 163, "avg-path-length": 16.947208967658867, "diameter-mean": 49.0, "art-points": 75, "assortativity-mean": -0.07742629062878816, "betw-cen": NaN, "closn-cen": NaN, "distmap-max": 11.704699910719626, "distmap-mean": -Infinity, "distmap-var": 0.0, "distmap-skew": 0, "distmap-kurt": 0.0, "distmap-Q1": 0.0062431306392659045, "distmap-Q2": 0.025266467295452802, "distmap-Q3": 0.14053114536206324, "path_wallmap": "DOOM_E2M6_wallmap.png", "path_heightmap": "DOOM_E2M6_heightmap.png", "path_triggermap": "DOOM_E2M6_triggermap.png", "path_thingsmap": "DOOM_E2M6_thingsmap.png", "path_floormap": "DOOM_E2M6_floormap.png", "path_roommap": "DOOM_E2M6_roommap.png", "slot": "E2M6", "path_json": "DOOM_E2M6.json"}