{"number_of_lines": 1280, "number_of_things": 315, "number_of_sectors": 223, "number_of_subsectors": 726, "number_of_vertices": 1158, "x_max": 384, "y_max": 800, "x_min": -3296, "y_min": -3752, "height": 4553, "width": 3681, "aspect_ratio": 1.236892148872589, "floor_height_max": 184.0, "floor_height_min": -336.0, "floor_height_avg": -13.309417040358744, "ceiling_height_max": 304.0, "ceiling_height_min": -176.0, "ceiling_height_avg": 129.57847533632287, "room_height_max": 344.0, "room_height_min": 0.0, "room_height_avg": 142.8878923766816, "sector_area_max": 732128.0, "sector_area_min": 0.0, "sector_area_avg": 28259.44394618834, "lines_per_sector_max": 78.0, "lines_per_sector_min": 3.0, "lines_per_sector_avg": 8.556053811659194, "sector_aspect_ratio_max": 15.117647058823529, "sector_aspect_ratio_min": 1.0, "sector_aspect_ratio_avg": 2.850231938729457, "floors": 3, "level_area": 6606, "floors_area_mean": 2202.0, "floors_area_min": 9, "floors_area_max": 3318, "floors_area_std": 1550.766907049541, "level_bbox_area": 16588, "level_convex_area": 12150, "floors_convex_area_mean": 3144.3333333333335, "floors_convex_area_min": 9, "floors_convex_area_max": 5052, "floors_convex_area_std": 2234.3285842109754, "level_eccentricity": 0.8482888741179706, "floors_eccentricity_mean": 0.6004462569020085, "floors_eccentricity_min": 0.0, "floors_eccentricity_max": 0.9366514087197866, "floors_eccentricity_std": 0.42559486727504264, "level_equivalent_diameter": 91.71161558123642, "floors_equivalent_diameter_mean": 44.33200012300285, "floors_equivalent_diameter_min": 3.385137501286538, "floors_equivalent_diameter_max": 64.99699077212168, "floors_equivalent_diameter_std": 28.95422667937972, "level_euler_number": -11, "floors_euler_number_mean": -3.6666666666666665, "floors_euler_number_min": -11, "floors_euler_number_max": 1, "floors_euler_number_std": 5.2493385826745405, "level_extent": 0.39823969134313963, "floors_extent_mean": 0.7363432945181545, "floors_extent_min": 0.583743842364532, "floors_extent_max": 1.0, "floors_extent_std": 0.18720324486142104, "level_filled_area": 6821, "floors_filled_area_mean": 2273.6666666666665, "floors_filled_area_min": 9, "floors_filled_area_max": 3470, "floors_filled_area_std": 1602.2135382720437, "level_major_axis_length": 172.74330372698589, "floors_major_axis_length_mean": 77.81586851683356, "floors_major_axis_length_min": 3.265986323710904, "floors_major_axis_length_max": 130.96644446149546, "floors_major_axis_length_std": 54.28504694718166, "level_minor_axis_length": 91.47340837560175, "floors_minor_axis_length_mean": 32.99183240979955, "floors_minor_axis_length_min": 3.265986323710904, "floors_minor_axis_length_max": 49.836816894893204, "floors_minor_axis_length_std": 21.081556104968985, "level_orientation": -1.0789909130158144, "floors_orientation_mean": -0.1944773618873691, "floors_orientation_min": -1.321926286975965, "floors_orientation_max": 0.7853981633974483, "floors_orientation_std": 0.8666169919222818, "level_perimeter": 1135.6894295625948, "floors_perimeter_mean": 378.5631431875316, "floors_perimeter_min": 8.0, "floors_perimeter_max": 642.1086937588514, "floors_perimeter_std": 269.70728913912865, "level_solidity": 0.5437037037037037, "floors_solidity_mean": 0.8022565320665084, "floors_solidity_min": 0.6567695961995249, "floors_solidity_max": 1.0, "floors_solidity_std": 0.14491339110188725, "level_hu_moment_0": 0.36148608672384297, "level_hu_moment_1": 0.041272698494344985, "level_hu_moment_2": 0.01999452172555921, "level_hu_moment_3": 0.0008782970997083718, "level_hu_moment_4": -3.458985916423693e-06, "level_hu_moment_5": -0.00014738797035297705, "level_hu_moment_6": 1.2578450721965731e-06, "level_centroid_x": 67.61550105964275, "level_centroid_y": 82.25386012715713, "number_of_artifacts": 6, "number_of_powerups": 28, "number_of_weapons": 12, "number_of_ammunitions": 46, "number_of_keys": 1, "number_of_monsters": 130, "number_of_obstacles": 64, "number_of_decorations": 0, "walkable_area": 5382, "walkable_percentage": 0.8147138964577657, "start_location_x_px": 14, "start_location_y_px": 118, "artifacts_per_walkable_area": 0.0011148272017837235, "powerups_per_walkable_area": 0.005202526941657376, "weapons_per_walkable_area": 0.002229654403567447, "ammunitions_per_walkable_area": 0.008547008547008548, "keys_per_walkable_area": 0.0001858045336306206, "monsters_per_walkable_area": 0.024154589371980676, "obstacles_per_walkable_area": 0.011891490152359718, "decorations_per_walkable_area": 0.0, "nodes": 45, "avg-path-length": 4.112690058479532, "diameter-mean": 9.0, "art-points": 16, "assortativity-mean": 0, "betw-cen": NaN, "closn-cen": NaN, "distmap-max": 21.0, "distmap-mean": -Infinity, "distmap-var": 0.0, "distmap-skew": 0, "distmap-kurt": 0.0, "distmap-Q1": 0.001937984496124031, "distmap-Q2": 0.017970401691331926, "distmap-Q3": 0.04756871035940804, "path_wallmap": "DOOM_E4M8_wallmap.png", "path_heightmap": "DOOM_E4M8_heightmap.png", "path_triggermap": "DOOM_E4M8_triggermap.png", "path_thingsmap": "DOOM_E4M8_thingsmap.png", "path_floormap": "DOOM_E4M8_floormap.png", "path_roommap": "DOOM_E4M8_roommap.png", "slot": "E4M8", "path_json": "DOOM_E4M8.json"}