{"number_of_lines": 948, "number_of_things": 548, "number_of_sectors": 163, "number_of_subsectors": 638, "number_of_vertices": 1017, "x_max": 3456, "y_max": 2592, "x_min": -2848, "y_min": -1280, "height": 3873, "width": 6305, "aspect_ratio": 1.6279369997418023, "floor_height_max": 314.0, "floor_height_min": -232.0, "floor_height_avg": 113.20245398773007, "ceiling_height_max": 912.0, "ceiling_height_min": -56.0, "ceiling_height_avg": 283.96932515337426, "room_height_max": 848.0, "room_height_min": 0.0, "room_height_avg": 170.76687116564418, "sector_area_max": 823808.0, "sector_area_min": 224.0, "sector_area_avg": 55893.67177914111, "lines_per_sector_max": 51.0, "lines_per_sector_min": 3.0, "lines_per_sector_avg": 9.0920245398773, "sector_aspect_ratio_max": 14.333333333333334, "sector_aspect_ratio_min": 1.0, "sector_aspect_ratio_avg": 2.110482417557651, "floors": 4, "level_area": 9405, "floors_area_mean": 2351.25, "floors_area_min": 8, "floors_area_max": 8859, "floors_area_std": 3761.6106507053596, "level_bbox_area": 24034, "level_convex_area": 15918, "floors_convex_area_mean": 3909.0, "floors_convex_area_min": 10, "floors_convex_area_max": 15025, "floors_convex_area_std": 6420.990227371476, "level_eccentricity": 0.8465884830924243, "floors_eccentricity_mean": 0.7879857283279915, "floors_eccentricity_min": 0.5595202005374049, "floors_eccentricity_max": 0.9107938595233581, "floors_eccentricity_std": 0.1360540264405475, "level_equivalent_diameter": 109.42951118521093, "floors_equivalent_diameter_mean": 35.725082511922984, "floors_equivalent_diameter_min": 3.1915382432114616, "floors_equivalent_diameter_max": 106.20559837790476, "floors_equivalent_diameter_std": 41.44180207320678, "level_euler_number": -25, "floors_euler_number_mean": -6.25, "floors_euler_number_min": -28, "floors_euler_number_max": 1, "floors_euler_number_std": 12.55736835487436, "level_extent": 0.3913206291087626, "floors_extent_mean": 0.6578720188918241, "floors_extent_min": 0.36860281268203376, "floors_extent_max": 0.8013468013468014, "floors_extent_std": 0.1754337277362815, "level_filled_area": 9539, "floors_filled_area_mean": 2384.75, "floors_filled_area_min": 8, "floors_filled_area_max": 8993, "floors_filled_area_std": 3819.5681284014295, "level_major_axis_length": 180.90628425599184, "floors_major_axis_length_mean": 57.35549743143693, "floors_major_axis_length_min": 4.242640687119285, "floors_major_axis_length_max": 183.28312797357373, "floors_major_axis_length_std": 73.19370093387464, "level_minor_axis_length": 96.28700913682844, "floors_minor_axis_length_mean": 30.82979250469988, "floors_minor_axis_length_min": 2.449489742783178, "floors_minor_axis_length_max": 91.92451064480076, "floors_minor_axis_length_std": 36.14475696651647, "level_orientation": 0.37370825282197534, "floors_orientation_mean": 0.1546862666781977, "floors_orientation_min": -0.49323392916276954, "floors_orientation_max": 0.7853981633974483, "floors_orientation_std": 0.4666566349287695, "level_perimeter": 1459.899674405361, "floors_perimeter_mean": 364.9749186013402, "floors_perimeter_min": 6.414213562373095, "floors_perimeter_max": 1325.3016946589141, "floors_perimeter_std": 555.4184369279151, "level_solidity": 0.5908405578590276, "floors_solidity_mean": 0.7929383589452965, "floors_solidity_min": 0.5896173044925125, "floors_solidity_max": 0.896421845574388, "floors_solidity_std": 0.12319245365578976, "level_hu_moment_0": 0.27909537355014225, "level_hu_moment_1": 0.024296654227533666, "level_hu_moment_2": 0.007445253315095705, "level_hu_moment_3": 0.0014867722559343526, "level_hu_moment_4": 2.3476598512954956e-06, "level_hu_moment_5": 5.0458568059216186e-05, "level_hu_moment_6": -4.353998370163996e-06, "level_centroid_x": 106.22147793726741, "level_centroid_y": 65.2441254651781, "number_of_artifacts": 119, "number_of_powerups": 29, "number_of_weapons": 4, "number_of_ammunitions": 110, "number_of_keys": 3, "number_of_monsters": 183, "number_of_obstacles": 34, "number_of_decorations": 0, "walkable_area": 7956, "walkable_percentage": 0.845933014354067, "start_location_x_px": 99, "start_location_y_px": 10, "artifacts_per_walkable_area": 0.014957264957264958, "powerups_per_walkable_area": 0.0036450477626948216, "weapons_per_walkable_area": 0.0005027652086475615, "ammunitions_per_walkable_area": 0.013826043237807943, "keys_per_walkable_area": 0.0003770739064856712, "monsters_per_walkable_area": 0.023001508295625944, "obstacles_per_walkable_area": 0.004273504273504274, "decorations_per_walkable_area": 0.0, "nodes": 54, "avg-path-length": 2.8698979591836733, "diameter-mean": 8.0, "art-points": 21, "assortativity-mean": 0, "betw-cen": NaN, "closn-cen": NaN, "distmap-max": 14.317821063276353, "distmap-mean": -Infinity, "distmap-var": 0.0, "distmap-skew": 0, "distmap-kurt": 0.0, "distmap-Q1": 9.0711175616836e-05, "distmap-Q2": 0.03057571359458152, "distmap-Q3": 0.1710087082728593, "path_wallmap": "DoomZero_MAP14_wallmap.png", "path_heightmap": "DoomZero_MAP14_heightmap.png", "path_triggermap": "DoomZero_MAP14_triggermap.png", "path_thingsmap": "DoomZero_MAP14_thingsmap.png", "path_floormap": "DoomZero_MAP14_floormap.png", "path_roommap": "DoomZero_MAP14_roommap.png", "slot": "MAP14", "path_json": "DoomZero_MAP14.json"}