{"number_of_lines": 2296, "number_of_things": 378, "number_of_sectors": 409, "number_of_subsectors": 1270, "number_of_vertices": 2194, "x_max": 3232, "y_max": 2520, "x_min": -3360, "y_min": -2560, "height": 5081, "width": 6593, "aspect_ratio": 1.297579216689628, "floor_height_max": 256.0, "floor_height_min": -312.0, "floor_height_avg": -39.63325183374083, "ceiling_height_max": 664.0, "ceiling_height_min": -248.0, "ceiling_height_avg": 155.9877750611247, "room_height_max": 672.0, "room_height_min": 0.0, "room_height_avg": 195.62102689486554, "sector_area_max": 1050880.0, "sector_area_min": 32.0, "sector_area_avg": 33705.176039119804, "lines_per_sector_max": 75.0, "lines_per_sector_min": 3.0, "lines_per_sector_avg": 8.484107579462103, "sector_aspect_ratio_max": 160.5, "sector_aspect_ratio_min": 1.0, "sector_aspect_ratio_avg": 5.41869149974049, "floors": 4, "level_area": 14300, "floors_area_mean": 3575.0, "floors_area_min": 12, "floors_area_max": 14166, "floors_area_std": 6114.783806480815, "level_bbox_area": 32436, "level_convex_area": 26237, "floors_convex_area_mean": 6482.25, "floors_convex_area_min": 14, "floors_convex_area_max": 25780, "floors_convex_area_std": 11141.606266041716, "level_eccentricity": 0.750045831721718, "floors_eccentricity_mean": 0.7450020620849893, "floors_eccentricity_min": 0.5552532031906353, "floors_eccentricity_max": 0.8789290878352761, "floors_eccentricity_std": 0.11960226260069488, "level_equivalent_diameter": 134.9345229721172, "floors_equivalent_diameter_mean": 38.82436637887281, "floors_equivalent_diameter_min": 3.9088200952233594, "floors_equivalent_diameter_max": 134.30082423692832, "floors_equivalent_diameter_std": 55.17698748307357, "level_euler_number": -20, "floors_euler_number_mean": -5.0, "floors_euler_number_min": -23, "floors_euler_number_max": 1, "floors_euler_number_std": 10.392304845413264, "level_extent": 0.4408681711678382, "floors_extent_mean": 0.6510911407503795, "floors_extent_min": 0.43888837252532764, "floors_extent_max": 0.8035714285714286, "floors_extent_std": 0.14419623461873676, "level_filled_area": 15462, "floors_filled_area_mean": 3865.5, "floors_filled_area_min": 12, "floors_filled_area_max": 15328, "floors_filled_area_std": 6617.939464062813, "level_major_axis_length": 221.1103270983572, "floors_major_axis_length_mean": 61.93385641909679, "floors_major_axis_length_min": 5.087748457006686, "floors_major_axis_length_max": 219.49663317863846, "floors_major_axis_length_std": 91.06288261180345, "level_minor_axis_length": 146.23924292495954, "floors_minor_axis_length_mean": 40.83883288624488, "floors_minor_axis_length_min": 3.0374210688242074, "floors_minor_axis_length_max": 146.76335007703025, "floors_minor_axis_length_std": 61.17781450876692, "level_orientation": 0.32816512518614, "floors_orientation_mean": 0.27299552107618447, "floors_orientation_min": -1.1875300881070079, "floors_orientation_max": 1.5596533787653286, "floors_orientation_std": 0.9753881303612912, "level_perimeter": 2684.1261171703036, "floors_perimeter_mean": 671.0315292925759, "floors_perimeter_min": 11.278174593052023, "floors_perimeter_max": 2613.877379828775, "floors_perimeter_std": 1121.7476809673435, "level_solidity": 0.545031825284903, "floors_solidity_mean": 0.8052310761387564, "floors_solidity_min": 0.5494957331264546, "floors_solidity_max": 0.9142857142857143, "floors_solidity_std": 0.14913874555579065, "level_hu_moment_0": 0.3071490075210134, "level_hu_moment_1": 0.014450247160414903, "level_hu_moment_2": 0.004385336736197886, "level_hu_moment_3": 3.524213088234974e-05, "level_hu_moment_4": 6.487057595374635e-09, "level_hu_moment_5": 2.1795138665333552e-06, "level_hu_moment_6": -1.2242085716448669e-08, "level_centroid_x": 108.92601398601398, "level_centroid_y": 88.1034965034965, "number_of_artifacts": 75, "number_of_powerups": 20, "number_of_weapons": 4, "number_of_ammunitions": 74, "number_of_keys": 3, "number_of_monsters": 132, "number_of_obstacles": 15, "number_of_decorations": 13, "walkable_area": 11789, "walkable_percentage": 0.8244055944055944, "start_location_x_px": 52, "start_location_y_px": 26, "artifacts_per_walkable_area": 0.006361862753414199, "powerups_per_walkable_area": 0.0016964967342437867, "weapons_per_walkable_area": 0.00033929934684875734, "ammunitions_per_walkable_area": 0.00627703791670201, "keys_per_walkable_area": 0.000254474510136568, "monsters_per_walkable_area": 0.011196878446008992, "obstacles_per_walkable_area": 0.00127237255068284, "decorations_per_walkable_area": 0.0011027228772584612, "nodes": 107, "avg-path-length": 5.634925257231606, "diameter-mean": 13.0, "art-points": 37, "assortativity-mean": 0, "betw-cen": NaN, "closn-cen": NaN, "distmap-max": 25.179356624028344, "distmap-mean": -Infinity, "distmap-var": 0.0, "distmap-skew": 0, "distmap-kurt": 0.0, "distmap-Q1": 0.0007187780772686433, "distmap-Q2": 0.021383647798742137, "distmap-Q3": 0.07646001796945193, "path_wallmap": "DoomZero_MAP31_wallmap.png", "path_heightmap": "DoomZero_MAP31_heightmap.png", "path_triggermap": "DoomZero_MAP31_triggermap.png", "path_thingsmap": "DoomZero_MAP31_thingsmap.png", "path_floormap": "DoomZero_MAP31_floormap.png", "path_roommap": "DoomZero_MAP31_roommap.png", "slot": "MAP31", "path_json": "DoomZero_MAP31.json"}