{"number_of_lines": 2374, "number_of_things": 373, "number_of_sectors": 373, "number_of_subsectors": 1538, "number_of_vertices": 2451, "x_max": 3656, "y_max": 2375, "x_min": -3682, "y_min": -2490, "height": 4866, "width": 7339, "aspect_ratio": 1.5082203041512536, "floor_height_max": 416.0, "floor_height_min": -128.0, "floor_height_avg": 5.7077747989276135, "ceiling_height_max": 1704.0, "ceiling_height_min": -84.0, "ceiling_height_avg": 224.98123324396784, "room_height_max": 1704.0, "room_height_min": 0.0, "room_height_avg": 219.2734584450402, "sector_area_max": 2100172.5, "sector_area_min": 0.0, "sector_area_avg": 40872.76139410188, "lines_per_sector_max": 148.0, "lines_per_sector_min": 3.0, "lines_per_sector_avg": 9.764075067024129, "sector_aspect_ratio_max": 192.0, "sector_aspect_ratio_min": 1.0, "sector_aspect_ratio_avg": 4.239344794142009, "floors": 2, "level_area": 14204, "floors_area_mean": 7102.0, "floors_area_min": 39, "floors_area_max": 14165, "floors_area_std": 7063.0, "level_bbox_area": 35190, "level_convex_area": 23171, "floors_convex_area_mean": 11356.5, "floors_convex_area_min": 45, "floors_convex_area_max": 22668, "floors_convex_area_std": 11311.5, "level_eccentricity": 0.8667215628960501, "floors_eccentricity_mean": 0.8825624711114635, "floors_eccentricity_min": 0.8693252021114005, "floors_eccentricity_max": 0.8957997401115264, "floors_eccentricity_std": 0.013237269000062946, "level_equivalent_diameter": 134.48083318234703, "floors_equivalent_diameter_mean": 70.67140477052722, "floors_equivalent_diameter_min": 7.046725639945928, "floors_equivalent_diameter_max": 134.29608390110852, "floors_equivalent_diameter_std": 63.6246791305813, "level_euler_number": -49, "floors_euler_number_mean": -24.5, "floors_euler_number_min": -50, "floors_euler_number_max": 1, "floors_euler_number_std": 25.5, "level_extent": 0.4036373969877806, "floors_extent_mean": 0.6009142346634901, "floors_extent_min": 0.42182846932698037, "floors_extent_max": 0.78, "floors_extent_std": 0.17908576533650983, "level_filled_area": 15361, "floors_filled_area_mean": 7680.5, "floors_filled_area_min": 39, "floors_filled_area_max": 15322, "floors_filled_area_std": 7641.5, "level_major_axis_length": 226.18743556189355, "floors_major_axis_length_mean": 118.63315866808941, "floors_major_axis_length_min": 10.76967544251196, "floors_major_axis_length_max": 226.49664189366686, "floors_major_axis_length_std": 107.86348322557745, "level_minor_axis_length": 112.8205452908247, "floors_minor_axis_length_mean": 58.3652428601078, "floors_minor_axis_length_min": 4.786667339870888, "floors_minor_axis_length_max": 111.94381838034471, "floors_minor_axis_length_std": 53.57857552023691, "level_orientation": -0.03728013546155881, "floors_orientation_mean": -0.02583925225112975, "floors_orientation_min": -0.03698350588996268, "floors_orientation_max": -0.014694998612296815, "floors_orientation_std": 0.011144253638832933, "level_perimeter": 2115.5108934811537, "floors_perimeter_mean": 1057.7554467405769, "floors_perimeter_min": 25.31370849898476, "floors_perimeter_max": 2090.197184982169, "floors_perimeter_std": 1032.441738241592, "level_solidity": 0.6130076388589185, "floors_solidity_mean": 0.7457781895182636, "floors_solidity_min": 0.6248897123698606, "floors_solidity_max": 0.8666666666666667, "floors_solidity_std": 0.12088847714840306, "level_hu_moment_0": 0.2811234135005314, "level_hu_moment_1": 0.028597694330063914, "level_hu_moment_2": 0.0009484415795788614, "level_hu_moment_3": 1.8410261844225266e-05, "level_hu_moment_4": -2.128629533808247e-09, "level_hu_moment_5": -2.8930041650703705e-06, "level_hu_moment_6": 1.1777723910650193e-09, "level_centroid_x": 119.55674457899184, "level_centroid_y": 77.49141087017742, "number_of_artifacts": 5, "number_of_powerups": 18, "number_of_weapons": 9, "number_of_ammunitions": 59, "number_of_keys": 4, "number_of_monsters": 228, "number_of_obstacles": 43, "number_of_decorations": 0, "walkable_area": 11766, "walkable_percentage": 0.8283582089552238, "start_location_x_px": 112, "start_location_y_px": 77, "artifacts_per_walkable_area": 0.0004249532551419344, "powerups_per_walkable_area": 0.0015298317185109638, "weapons_per_walkable_area": 0.0007649158592554819, "ammunitions_per_walkable_area": 0.005014448410674826, "keys_per_walkable_area": 0.0003399626041135475, "monsters_per_walkable_area": 0.019377868434472208, "obstacles_per_walkable_area": 0.003654597994220636, "decorations_per_walkable_area": 0.0, "nodes": 100, "avg-path-length": 4.6736469072164954, "diameter-mean": 10.5, "art-points": 11, "assortativity-mean": 0.3760300967395197, "betw-cen": NaN, "closn-cen": NaN, "distmap-max": 14.560219778561036, "distmap-mean": -Infinity, "distmap-var": 0.0, "distmap-skew": 0, "distmap-kurt": 0.0, "distmap-Q1": 0.008476161027181423, "distmap-Q2": 0.03900594869982622, "distmap-Q3": 0.07668239734566262, "path_wallmap": "DoomZero_MAP27_wallmap.png", "path_heightmap": "DoomZero_MAP27_heightmap.png", "path_triggermap": "DoomZero_MAP27_triggermap.png", "path_thingsmap": "DoomZero_MAP27_thingsmap.png", "path_floormap": "DoomZero_MAP27_floormap.png", "path_roommap": "DoomZero_MAP27_roommap.png", "slot": "MAP27", "path_json": "DoomZero_MAP27.json"}