{"number_of_lines": 3943, "number_of_things": 484, "number_of_sectors": 814, "number_of_subsectors": 2453, "number_of_vertices": 3847, "x_max": 5744, "y_max": -1024, "x_min": -3136, "y_min": -9376, "height": 8353, "width": 8881, "aspect_ratio": 1.0632108224589967, "floor_height_max": 680.0, "floor_height_min": -3096.0, "floor_height_avg": -104.86486486486487, "ceiling_height_max": 3046.0, "ceiling_height_min": -3096.0, "ceiling_height_avg": 406.36609336609337, "room_height_max": 3878.0, "room_height_min": 0.0, "room_height_avg": 511.2309582309582, "sector_area_max": 22628352.0, "sector_area_min": 0.0, "sector_area_avg": 92172.77027027027, "lines_per_sector_max": 153.0, "lines_per_sector_min": 2.0, "lines_per_sector_avg": 7.996314496314496, "sector_aspect_ratio_max": 432.5, "sector_aspect_ratio_min": 1.0, "sector_aspect_ratio_avg": 6.792699624107946, "floors": 8, "level_area": 41069, "floors_area_mean": 5133.625, "floors_area_min": 4, "floors_area_max": 22400, "floors_area_std": 8610.421620592977, "level_bbox_area": 72836, "level_convex_area": 63605, "floors_convex_area_mean": 5916.25, "floors_convex_area_min": 5, "floors_convex_area_max": 22400, "floors_convex_area_std": 9461.477708978657, "level_eccentricity": 0.664615496524269, "floors_eccentricity_mean": 0.8597683509345091, "floors_eccentricity_min": 0.6819291968137782, "floors_eccentricity_max": 0.9893002652239736, "floors_eccentricity_std": 0.10442765652373456, "level_equivalent_diameter": 228.67154362256883, "floors_equivalent_diameter_mean": 47.28258186635034, "floors_equivalent_diameter_min": 2.256758334191025, "floors_equivalent_diameter_max": 168.88032982579008, "floors_equivalent_diameter_std": 65.57966003184926, "level_euler_number": -48, "floors_euler_number_mean": -6.0, "floors_euler_number_min": -53, "floors_euler_number_max": 1, "floors_euler_number_std": 17.776388834631177, "level_extent": 0.5638557856005272, "floors_extent_mean": 0.5997334197114887, "floors_extent_min": 0.3055555555555556, "floors_extent_max": 1.0, "floors_extent_std": 0.2009183717978198, "level_filled_area": 43458, "floors_filled_area_mean": 5434.875, "floors_filled_area_min": 4, "floors_filled_area_max": 22400, "floors_filled_area_std": 9057.33969548316, "level_major_axis_length": 322.0221067013547, "floors_major_axis_length_mean": 78.99566114572869, "floors_major_axis_length_min": 3.4641016151377544, "floors_major_axis_length_max": 256.41269096457745, "floors_major_axis_length_std": 97.99109990127575, "level_minor_axis_length": 240.61026397064347, "floors_minor_axis_length_mean": 36.74974236903323, "floors_minor_axis_length_min": 1.4142135623730951, "floors_minor_axis_length_max": 147.79715829473852, "floors_minor_axis_length_std": 54.35114968107474, "level_orientation": 1.1514546263407326, "floors_orientation_mean": 0.316662936037622, "floors_orientation_min": -0.9899122970705001, "floors_orientation_max": 1.5504790408218736, "floors_orientation_std": 0.7979504617654716, "level_perimeter": 3299.9911242215094, "floors_perimeter_mean": 412.4988905276887, "floors_perimeter_min": 3.2071067811865475, "floors_perimeter_max": 2279.3271272970806, "floors_perimeter_std": 735.3824026495779, "level_solidity": 0.6456882320572283, "floors_solidity_mean": 0.7843696444413056, "floors_solidity_min": 0.45232097876934146, "floors_solidity_max": 1.0, "floors_solidity_std": 0.14751513038386288, "level_hu_moment_0": 0.24591470502751683, "level_hu_moment_1": 0.004859106064474521, "level_hu_moment_2": 0.00031111893026570495, "level_hu_moment_3": 0.00026353025310400167, "level_hu_moment_4": 4.142692836710122e-08, "level_hu_moment_5": 7.973790326431405e-06, "level_hu_moment_6": -6.30699215245192e-08, "level_centroid_x": 107.79814458594073, "level_centroid_y": 125.9241520368161, "number_of_artifacts": 72, "number_of_powerups": 28, "number_of_weapons": 9, "number_of_ammunitions": 85, "number_of_keys": 3, "number_of_monsters": 199, "number_of_obstacles": 58, "number_of_decorations": 0, "walkable_area": 37949, "walkable_percentage": 0.9240302904867418, "start_location_x_px": 260, "start_location_y_px": 74, "artifacts_per_walkable_area": 0.0018972831958681388, "powerups_per_walkable_area": 0.0007378323539487206, "weapons_per_walkable_area": 0.00023716039948351735, "ammunitions_per_walkable_area": 0.0022398482173443305, "keys_per_walkable_area": 7.905346649450579e-05, "monsters_per_walkable_area": 0.00524387994413555, "obstacles_per_walkable_area": 0.0015283670188937786, "decorations_per_walkable_area": 0.0, "nodes": 134, "avg-path-length": 4.41953554098011, "diameter-mean": 12.0, "art-points": 35, "assortativity-mean": 0.230795723164107, "betw-cen": NaN, "closn-cen": NaN, "distmap-max": 88.0, "distmap-mean": -Infinity, "distmap-var": 0.0, "distmap-skew": 0, "distmap-kurt": 0.0, "distmap-Q1": 0.001822738664843928, "distmap-Q2": 0.00911369332421964, "distmap-Q3": 0.034373998907042014, "path_wallmap": "DoomZero_MAP28_wallmap.png", "path_heightmap": "DoomZero_MAP28_heightmap.png", "path_triggermap": "DoomZero_MAP28_triggermap.png", "path_thingsmap": "DoomZero_MAP28_thingsmap.png", "path_floormap": "DoomZero_MAP28_floormap.png", "path_roommap": "DoomZero_MAP28_roommap.png", "slot": "MAP28", "path_json": "DoomZero_MAP28.json"}