{"number_of_lines": 921, "number_of_things": 222, "number_of_sectors": 199, "number_of_subsectors": 430, "number_of_vertices": 773, "x_max": 256, "y_max": 1474, "x_min": -2464, "y_min": -1728, "height": 3203, "width": 2721, "aspect_ratio": 1.1771407570746049, "floor_height_max": 152.0, "floor_height_min": -192.0, "floor_height_avg": 7.4120603015075375, "ceiling_height_max": 232.0, "ceiling_height_min": -184.0, "ceiling_height_avg": 136.1859296482412, "room_height_max": 400.0, "room_height_min": 0.0, "room_height_avg": 128.77386934673368, "sector_area_max": 450816.0, "sector_area_min": 0.5, "sector_area_avg": 19347.381909547737, "lines_per_sector_max": 68.0, "lines_per_sector_min": 3.0, "lines_per_sector_avg": 7.075376884422111, "sector_aspect_ratio_max": 21.444444444444443, "sector_aspect_ratio_min": 1.0, "sector_aspect_ratio_avg": 3.5346224370574344, "floors": 2, "level_area": 4225, "floors_area_mean": 2112.5, "floors_area_min": 36, "floors_area_max": 4189, "floors_area_std": 2076.5, "level_bbox_area": 8686, "level_convex_area": 6038, "floors_convex_area_mean": 3037.0, "floors_convex_area_min": 36, "floors_convex_area_max": 6038, "floors_convex_area_std": 3001.0, "level_eccentricity": 0.3848177793842605, "floors_eccentricity_mean": 0.6051896035357469, "floors_eccentricity_min": 0.3938826261437678, "floors_eccentricity_max": 0.816496580927726, "floors_eccentricity_std": 0.21130697739197912, "level_equivalent_diameter": 73.34464586120832, "floors_equivalent_diameter_mean": 39.90088907815948, "floors_equivalent_diameter_min": 6.770275002573076, "floors_equivalent_diameter_max": 73.03150315374589, "floors_equivalent_diameter_std": 33.13061407558641, "level_euler_number": -8, "floors_euler_number_mean": -4.0, "floors_euler_number_min": -9, "floors_euler_number_max": 1, "floors_euler_number_std": 5.0, "level_extent": 0.4864149205618236, "floors_extent_mean": 0.5223851600276307, "floors_extent_min": 0.4822703200552613, "floors_extent_max": 0.5625, "floors_extent_std": 0.04011483997236934, "level_filled_area": 4263, "floors_filled_area_mean": 2131.5, "floors_filled_area_min": 36, "floors_filled_area_max": 4227, "floors_filled_area_std": 2095.5, "level_major_axis_length": 89.60543420214823, "floors_major_axis_length_mean": 49.67928363925394, "floors_major_axis_length_min": 9.66091783079296, "floors_major_axis_length_max": 89.69764944771492, "floors_major_axis_length_std": 40.01836580846098, "level_minor_axis_length": 82.70514963103331, "floors_minor_axis_length_mean": 44.01214594148763, "floors_minor_axis_length_min": 5.57773351022717, "floors_minor_axis_length_max": 82.44655837274809, "floors_minor_axis_length_std": 38.434412431260455, "level_orientation": -1.563992140856693, "floors_orientation_mean": 0.3666038689475428, "floors_orientation_min": -0.7853981633974483, "floors_orientation_max": 1.518605901292534, "floors_orientation_std": 1.152002032344991, "level_perimeter": 747.3574311003804, "floors_perimeter_mean": 373.6787155501902, "floors_perimeter_min": 23.899494936611667, "floors_perimeter_max": 723.4579361637687, "floors_perimeter_std": 349.7792206135785, "level_solidity": 0.6997350115932428, "floors_solidity_mean": 0.8468863862206029, "floors_solidity_min": 0.6937727724412057, "floors_solidity_max": 1.0, "floors_solidity_std": 0.15311361377939714, "level_hu_moment_0": 0.2199596984326498, "level_hu_moment_1": 0.0003093602565624817, "level_hu_moment_2": 0.004081058488684003, "level_hu_moment_3": 4.545561764429122e-05, "level_hu_moment_4": -3.5441946442501966e-09, "level_hu_moment_5": 6.83099968862532e-07, "level_hu_moment_6": -1.9254499801754826e-08, "level_centroid_x": 36.13633136094675, "level_centroid_y": 52.29727810650888, "number_of_artifacts": 51, "number_of_powerups": 17, "number_of_weapons": 3, "number_of_ammunitions": 7, "number_of_keys": 1, "number_of_monsters": 97, "number_of_obstacles": 33, "number_of_decorations": 0, "walkable_area": 3416, "walkable_percentage": 0.8085207100591716, "start_location_x_px": 17, "start_location_y_px": 20, "artifacts_per_walkable_area": 0.014929742388758781, "powerups_per_walkable_area": 0.004976580796252928, "weapons_per_walkable_area": 0.0008782201405152225, "ammunitions_per_walkable_area": 0.0020491803278688526, "keys_per_walkable_area": 0.0002927400468384075, "monsters_per_walkable_area": 0.028395784543325527, "obstacles_per_walkable_area": 0.009660421545667448, "decorations_per_walkable_area": 0.0, "nodes": 24, "avg-path-length": 3.7154150197628457, "diameter-mean": 8.0, "art-points": 12, "assortativity-mean": 0, "betw-cen": NaN, "closn-cen": NaN, "distmap-max": 17.029386365926403, "distmap-mean": -Infinity, "distmap-var": 0.0, "distmap-skew": 0, "distmap-kurt": 0.0, "distmap-Q1": 0.0, "distmap-Q2": 0.08300395256916995, "distmap-Q3": 0.15810276679841895, "path_wallmap": "DoomZero_MAP02_wallmap.png", "path_heightmap": "DoomZero_MAP02_heightmap.png", "path_triggermap": "DoomZero_MAP02_triggermap.png", "path_thingsmap": "DoomZero_MAP02_thingsmap.png", "path_floormap": "DoomZero_MAP02_floormap.png", "path_roommap": "DoomZero_MAP02_roommap.png", "slot": "MAP02", "path_json": "DoomZero_MAP02.json"}