{"number_of_lines": 1610, "number_of_things": 311, "number_of_sectors": 245, "number_of_subsectors": 725, "number_of_vertices": 1537, "x_max": 2816, "y_max": 4608, "x_min": -384, "y_min": -576, "height": 5185, "width": 3201, "aspect_ratio": 1.61980631052796, "floor_height_max": 160.0, "floor_height_min": -48.0, "floor_height_avg": 34.02448979591837, "ceiling_height_max": 320.0, "ceiling_height_min": 0.0, "ceiling_height_avg": 137.534693877551, "room_height_max": 256.0, "room_height_min": 0.0, "room_height_avg": 103.51020408163265, "sector_area_max": 754176.0, "sector_area_min": 256.0, "sector_area_avg": 38032.45714285714, "lines_per_sector_max": 386.0, "lines_per_sector_min": 3.0, "lines_per_sector_avg": 8.473469387755102, "sector_aspect_ratio_max": 16.11111111111111, "sector_aspect_ratio_min": 1.0, "sector_aspect_ratio_avg": 3.3578716305446203, "floors": 17, "level_area": 10445, "floors_area_mean": 614.4117647058823, "floors_area_min": 1, "floors_area_max": 10246, "floors_area_std": 2407.9422520636485, "level_bbox_area": 16463, "level_convex_area": 15120, "floors_convex_area_mean": 869.1764705882352, "floors_convex_area_min": 1, "floors_convex_area_max": 14558, "floors_convex_area_std": 3422.248164331438, "level_eccentricity": 0.8429512279585332, "floors_eccentricity_mean": 0.3968690989301533, "floors_eccentricity_min": 0.0, "floors_eccentricity_max": 1.0, "floors_eccentricity_std": 0.4309725506299885, "level_equivalent_diameter": 115.32123414514247, "floors_equivalent_diameter_mean": 9.895588403186228, "floors_equivalent_diameter_min": 1.1283791670955126, "floors_equivalent_diameter_max": 114.21739086214707, "floors_equivalent_diameter_std": 26.160479462899218, "level_euler_number": -21, "floors_euler_number_mean": -1.2352941176470589, "floors_euler_number_min": -37, "floors_euler_number_max": 1, "floors_euler_number_std": 8.941176470588236, "level_extent": 0.6344530158537326, "floors_extent_mean": 0.9027161663426229, "floors_extent_min": 0.5, "floors_extent_max": 1.0, "floors_extent_std": 0.15885974168224185, "level_filled_area": 11450, "floors_filled_area_mean": 673.5294117647059, "floors_filled_area_min": 1, "floors_filled_area_max": 11251, "floors_filled_area_std": 2644.4087989934105, "level_major_axis_length": 190.53860986988505, "floors_major_axis_length_mean": 14.825029603392094, "floors_major_axis_length_min": 0.0, "floors_major_axis_length_max": 190.1083084525386, "floors_major_axis_length_std": 43.93768301717603, "level_minor_axis_length": 102.50786445425216, "floors_minor_axis_length_mean": 8.334436185066881, "floors_minor_axis_length_min": 0.0, "floors_minor_axis_length_max": 100.55895315180855, "floors_minor_axis_length_std": 23.139576498478206, "level_orientation": 1.423233075889341, "floors_orientation_mean": 0.8919183429836725, "floors_orientation_min": -0.2889509684811228, "floors_orientation_max": 1.5707963267948966, "floors_orientation_std": 0.47468580109872555, "level_perimeter": 2332.57272657703, "floors_perimeter_mean": 137.21016038688413, "floors_perimeter_min": 0.0, "floors_perimeter_max": 2200.6376977344858, "floors_perimeter_std": 515.9265143206055, "level_solidity": 0.6908068783068783, "floors_solidity_mean": 0.9490158678528424, "floors_solidity_min": 0.7038054677840363, "floors_solidity_max": 1.0, "floors_solidity_std": 0.09548335634658867, "level_hu_moment_0": 0.280115031870031, "level_hu_moment_1": 0.02382785266904993, "level_hu_moment_2": 0.0010665209598975124, "level_hu_moment_3": 0.00037049807338804323, "level_hu_moment_4": 1.8635071453695715e-07, "level_hu_moment_5": 4.530853236699196e-05, "level_hu_moment_6": -1.396937986184019e-07, "level_centroid_x": 52.94380086165629, "level_centroid_y": 76.88578267113452, "number_of_artifacts": 47, "number_of_powerups": 50, "number_of_weapons": 7, "number_of_ammunitions": 45, "number_of_keys": 3, "number_of_monsters": 115, "number_of_obstacles": 19, "number_of_decorations": 13, "walkable_area": 7576, "walkable_percentage": 0.7253231211105792, "start_location_x_px": 9, "start_location_y_px": 89, "artifacts_per_walkable_area": 0.006203801478352693, "powerups_per_walkable_area": 0.006599788806758183, "weapons_per_walkable_area": 0.0009239704329461457, "ammunitions_per_walkable_area": 0.005939809926082365, "keys_per_walkable_area": 0.00039598732840549105, "monsters_per_walkable_area": 0.015179514255543822, "obstacles_per_walkable_area": 0.00250791974656811, "decorations_per_walkable_area": 0.0017159450897571277, "nodes": 153, "avg-path-length": 4.030292979546711, "diameter-mean": 11.0, "art-points": 26, "assortativity-mean": 0, "betw-cen": NaN, "closn-cen": NaN, "distmap-max": 14.317821063276353, "distmap-mean": -Infinity, "distmap-var": 0.0, "distmap-skew": 0, "distmap-kurt": 0.0, "distmap-Q1": 0.0029635346644757573, "distmap-Q2": 0.021391122674235253, "distmap-Q3": 0.06268796992481195, "path_wallmap": "DOOM_E2M2_wallmap.png", "path_heightmap": "DOOM_E2M2_heightmap.png", "path_triggermap": "DOOM_E2M2_triggermap.png", "path_thingsmap": "DOOM_E2M2_thingsmap.png", "path_floormap": "DOOM_E2M2_floormap.png", "path_roommap": "DOOM_E2M2_roommap.png", "slot": "E2M2", "path_json": "DOOM_E2M2.json"}