{"number_of_lines": 955, "number_of_things": 232, "number_of_sectors": 221, "number_of_subsectors": 505, "number_of_vertices": 865, "x_max": 1417, "y_max": 3316, "x_min": -2941, "y_min": -512, "height": 3829, "width": 4359, "aspect_ratio": 1.138417341342387, "floor_height_max": 108.0, "floor_height_min": -212.0, "floor_height_avg": -52.36199095022624, "ceiling_height_max": 1200.0, "ceiling_height_min": -144.0, "ceiling_height_avg": 142.34389140271495, "room_height_max": 1232.0, "room_height_min": 0.0, "room_height_avg": 194.7058823529412, "sector_area_max": 200676.0, "sector_area_min": 16.0, "sector_area_avg": 25616.74660633484, "lines_per_sector_max": 36.0, "lines_per_sector_min": 3.0, "lines_per_sector_avg": 6.4343891402714934, "sector_aspect_ratio_max": 32.5, "sector_aspect_ratio_min": 1.0, "sector_aspect_ratio_avg": 2.4036136369543666, "floors": 3, "level_area": 6114, "floors_area_mean": 2038.0, "floors_area_min": 31, "floors_area_max": 4589, "floors_area_std": 1900.1391177139285, "level_bbox_area": 16440, "level_convex_area": 11032, "floors_convex_area_mean": 3323.6666666666665, "floors_convex_area_min": 31, "floors_convex_area_max": 8373, "floors_convex_area_std": 3625.0654553477457, "level_eccentricity": 0.4942041342026543, "floors_eccentricity_mean": 0.5698800049626492, "floors_eccentricity_min": 0.1255024030568416, "floors_eccentricity_max": 0.8907623665495694, "floors_eccentricity_std": 0.3243907198809152, "level_equivalent_diameter": 88.23030418462119, "floors_equivalent_diameter_mean": 42.11194505047927, "floors_equivalent_diameter_min": 6.282549314314218, "floors_equivalent_diameter_max": 76.43884006700823, "floors_equivalent_diameter_std": 28.660884079799015, "level_euler_number": -44, "floors_euler_number_mean": -14.666666666666666, "floors_euler_number_min": -28, "floors_euler_number_max": 1, "floors_euler_number_std": 11.953614051360738, "level_extent": 0.3718978102189781, "floors_extent_mean": 0.6595890146692286, "floors_extent_min": 0.32135854341736697, "floors_extent_max": 0.8857142857142857, "floors_extent_std": 0.24365280339167358, "level_filled_area": 6307, "floors_filled_area_mean": 2102.3333333333335, "floors_filled_area_min": 31, "floors_filled_area_max": 4753, "floors_filled_area_std": 1970.7936359638359, "level_major_axis_length": 136.32770398782344, "floors_major_axis_length_mean": 68.81309442563669, "floors_major_axis_length_min": 7.326487518234008, "floors_major_axis_length_max": 154.8201251872558, "floors_major_axis_length_std": 62.660629200495535, "level_minor_axis_length": 118.51592894145423, "floors_minor_axis_length_mean": 39.86092099087461, "floors_minor_axis_length_min": 5.279296140768718, "floors_minor_axis_length_max": 70.3610044285737, "floors_minor_axis_length_std": 26.725785596693314, "level_orientation": -0.8275437486477775, "floors_orientation_mean": 0.0041763400426360064, "floors_orientation_min": -0.8620236172218987, "floors_orientation_max": 0.8745526373498067, "floors_orientation_std": 0.7089604377056532, "level_perimeter": 1162.0052301026326, "floors_perimeter_mean": 387.33507670087755, "floors_perimeter_min": 17.65685424949238, "floors_perimeter_max": 853.056961930742, "floors_perimeter_std": 347.7466739341447, "level_solidity": 0.5542059463379261, "floors_solidity_mean": 0.8338284494586876, "floors_solidity_min": 0.5480711811775947, "floors_solidity_max": 1.0, "floors_solidity_std": 0.2029539721809808, "level_hu_moment_0": 0.33357119201267016, "level_hu_moment_1": 0.0021531344225819028, "level_hu_moment_2": 0.028123505151912927, "level_hu_moment_3": 0.0016955246094634854, "level_hu_moment_4": 1.1432041202534364e-05, "level_hu_moment_5": 4.6518699959924146e-05, "level_hu_moment_6": -2.5280124603427126e-06, "level_centroid_x": 80.71393523061825, "level_centroid_y": 69.10173372587504, "number_of_artifacts": 14, "number_of_powerups": 13, "number_of_weapons": 4, "number_of_ammunitions": 49, "number_of_keys": 0, "number_of_monsters": 65, "number_of_obstacles": 9, "number_of_decorations": 2, "walkable_area": 4806, "walkable_percentage": 0.7860647693817469, "start_location_x_px": 89, "start_location_y_px": 4, "artifacts_per_walkable_area": 0.002913025384935497, "powerups_per_walkable_area": 0.0027049521431543903, "weapons_per_walkable_area": 0.0008322929671244278, "ammunitions_per_walkable_area": 0.01019558884727424, "keys_per_walkable_area": 0.0, "monsters_per_walkable_area": 0.013524760715771952, "obstacles_per_walkable_area": 0.0018726591760299626, "decorations_per_walkable_area": 0.0004161464835622139, "nodes": 53, "avg-path-length": 3.6757759784075574, "diameter-mean": 9.0, "art-points": 9, "assortativity-mean": 0.15809167446211372, "betw-cen": NaN, "closn-cen": NaN, "distmap-max": 16.278820596099706, "distmap-mean": -Infinity, "distmap-var": 0.0, "distmap-skew": 0, "distmap-kurt": 0.0, "distmap-Q1": 0.000942684766214178, "distmap-Q2": 0.016842634489693312, "distmap-Q3": 0.047259929612870795, "path_wallmap": "DoomZero_MAP12_wallmap.png", "path_heightmap": "DoomZero_MAP12_heightmap.png", "path_triggermap": "DoomZero_MAP12_triggermap.png", "path_thingsmap": "DoomZero_MAP12_thingsmap.png", "path_floormap": "DoomZero_MAP12_floormap.png", "path_roommap": "DoomZero_MAP12_roommap.png", "slot": "MAP12", "path_json": "DoomZero_MAP12.json"}