{"number_of_lines": 685, "number_of_things": 227, "number_of_sectors": 122, "number_of_subsectors": 400, "number_of_vertices": 611, "x_max": 1368, "y_max": 2520, "x_min": -832, "y_min": -128, "height": 2649, "width": 2201, "aspect_ratio": 1.2035438437074057, "floor_height_max": 232.0, "floor_height_min": -128.0, "floor_height_avg": 22.295081967213115, "ceiling_height_max": 440.0, "ceiling_height_min": -128.0, "ceiling_height_avg": 185.24590163934425, "room_height_max": 384.0, "room_height_min": 0.0, "room_height_avg": 162.95081967213116, "sector_area_max": 865312.0, "sector_area_min": 256.0, "sector_area_avg": 22902.819672131147, "lines_per_sector_max": 135.0, "lines_per_sector_min": 3.0, "lines_per_sector_avg": 8.311475409836065, "sector_aspect_ratio_max": 10.28, "sector_aspect_ratio_min": 1.0, "sector_aspect_ratio_avg": 2.180994694367975, "floors": 2, "level_area": 2997, "floors_area_mean": 1498.5, "floors_area_min": 223, "floors_area_max": 2774, "floors_area_std": 1275.5, "level_bbox_area": 5727, "level_convex_area": 4167, "floors_convex_area_mean": 1842.5, "floors_convex_area_min": 259, "floors_convex_area_max": 3426, "floors_convex_area_std": 1583.5, "level_eccentricity": 0.45124846859053896, "floors_eccentricity_mean": 0.7367131161137113, "floors_eccentricity_min": 0.6256263919216655, "floors_eccentricity_max": 0.8477998403057571, "floors_eccentricity_std": 0.1110867241920458, "level_equivalent_diameter": 61.77296265819928, "floors_equivalent_diameter_mean": 38.140322140170916, "floors_equivalent_diameter_min": 16.85029431422316, "floors_equivalent_diameter_max": 59.43034996611867, "floors_equivalent_diameter_std": 21.290027825947753, "level_euler_number": -18, "floors_euler_number_mean": -9.0, "floors_euler_number_min": -19, "floors_euler_number_max": 1, "floors_euler_number_std": 10.0, "level_extent": 0.5233106338397067, "floors_extent_mean": 0.702441654330464, "floors_extent_min": 0.659063910667617, "floors_extent_max": 0.745819397993311, "floors_extent_std": 0.04337774366284697, "level_filled_area": 3100, "floors_filled_area_mean": 1550.0, "floors_filled_area_min": 223, "floors_filled_area_max": 2877, "floors_filled_area_std": 1327.0, "level_major_axis_length": 72.14694593490658, "floors_major_axis_length_mean": 47.72211305121219, "floors_major_axis_length_min": 23.996860572027163, "floors_major_axis_length_max": 71.44736553039722, "floors_major_axis_length_std": 23.725252479185027, "level_minor_axis_length": 64.38381569223752, "floors_minor_axis_length_mean": 34.231823970096684, "floors_minor_axis_length_min": 12.725927503233605, "floors_minor_axis_length_max": 55.73772043695976, "floors_minor_axis_length_std": 21.505896466863078, "level_orientation": -0.8035804398621582, "floors_orientation_mean": -0.8918008227970838, "floors_orientation_min": -1.5600098051766638, "floors_orientation_max": -0.2235918404175039, "floors_orientation_std": 0.6682089823795799, "level_perimeter": 580.8132752230962, "floors_perimeter_mean": 290.4066376115481, "floors_perimeter_min": 65.94112549695429, "floors_perimeter_max": 514.8721497261419, "floors_perimeter_std": 224.4655121145938, "level_solidity": 0.7192224622030238, "floors_solidity_mean": 0.8353472311440788, "floors_solidity_min": 0.8096906012842966, "floors_solidity_max": 0.861003861003861, "floors_solidity_std": 0.025656629859782176, "level_hu_moment_0": 0.19499619475363578, "level_hu_moment_1": 0.0004885638388803364, "level_hu_moment_2": 0.0006328954617526681, "level_hu_moment_3": 6.376137633775114e-05, "level_hu_moment_4": 2.476612661656186e-09, "level_hu_moment_5": -7.998555060617938e-07, "level_hu_moment_6": 1.2566911611877517e-08, "level_centroid_x": 32.752752752752755, "level_centroid_y": 33.9336002669336, "number_of_artifacts": 22, "number_of_powerups": 23, "number_of_weapons": 5, "number_of_ammunitions": 36, "number_of_keys": 2, "number_of_monsters": 88, "number_of_obstacles": 35, "number_of_decorations": 0, "walkable_area": 2364, "walkable_percentage": 0.7887887887887888, "start_location_x_px": 10, "start_location_y_px": 43, "artifacts_per_walkable_area": 0.009306260575296108, "powerups_per_walkable_area": 0.00972927241962775, "weapons_per_walkable_area": 0.0021150592216582064, "ammunitions_per_walkable_area": 0.015228426395939087, "keys_per_walkable_area": 0.0008460236886632825, "monsters_per_walkable_area": 0.03722504230118443, "obstacles_per_walkable_area": 0.014805414551607445, "decorations_per_walkable_area": 0.0, "nodes": 27, "avg-path-length": 2.105, "diameter-mean": 4.5, "art-points": 4, "assortativity-mean": -0.08730158730158696, "betw-cen": NaN, "closn-cen": NaN, "distmap-max": 14.560219778561036, "distmap-mean": -Infinity, "distmap-var": 0.0, "distmap-skew": 0, "distmap-kurt": 0.0, "distmap-Q1": 0.0, "distmap-Q2": 0.041846153846153845, "distmap-Q3": 0.10538461538461538, "path_wallmap": "DOOM_E4M2_wallmap.png", "path_heightmap": "DOOM_E4M2_heightmap.png", "path_triggermap": "DOOM_E4M2_triggermap.png", "path_thingsmap": "DOOM_E4M2_thingsmap.png", "path_floormap": "DOOM_E4M2_floormap.png", "path_roommap": "DOOM_E4M2_roommap.png", "slot": "E4M2", "path_json": "DOOM_E4M2.json"}