{"number_of_lines": 2313, "number_of_things": 509, "number_of_sectors": 424, "number_of_subsectors": 1513, "number_of_vertices": 2303, "x_max": 4256, "y_max": 5504, "x_min": -3312, "y_min": -1536, "height": 7041, "width": 7569, "aspect_ratio": 1.0749893481039625, "floor_height_max": 256.0, "floor_height_min": -2592.0, "floor_height_avg": -167.8254716981132, "ceiling_height_max": 452.0, "ceiling_height_min": -2592.0, "ceiling_height_avg": 127.35613207547169, "room_height_max": 2232.0, "room_height_min": 0.0, "room_height_avg": 295.1816037735849, "sector_area_max": 12871128.0, "sector_area_min": 0.0, "sector_area_avg": 64179.310141509435, "lines_per_sector_max": 87.0, "lines_per_sector_min": 3.0, "lines_per_sector_avg": 8.540094339622641, "sector_aspect_ratio_max": 64.5, "sector_aspect_ratio_min": 1.0, "sector_aspect_ratio_avg": 2.7836229049448957, "floors": 5, "level_area": 25669, "floors_area_mean": 5133.8, "floors_area_min": 1, "floors_area_max": 23802, "floors_area_std": 9361.589638517597, "level_bbox_area": 52140, "level_convex_area": 45248, "floors_convex_area_mean": 7426.8, "floors_convex_area_min": 1, "floors_convex_area_max": 34640, "floors_convex_area_std": 13640.404823904604, "level_eccentricity": 0.4840843579693891, "floors_eccentricity_mean": 0.4895784410462213, "floors_eccentricity_min": 0.0, "floors_eccentricity_max": 1.0, "floors_eccentricity_std": 0.4345512306961745, "level_equivalent_diameter": 180.78380976682314, "floors_equivalent_diameter_mean": 45.758684774778246, "floors_equivalent_diameter_min": 1.1283791670955126, "floors_equivalent_diameter_max": 174.08517353234404, "floors_equivalent_diameter_std": 66.65358161752343, "level_euler_number": -30, "floors_euler_number_mean": -6.0, "floors_euler_number_min": -33, "floors_euler_number_max": 1, "floors_euler_number_std": 13.505554412907307, "level_extent": 0.4923091676256233, "floors_extent_mean": 0.7899492640767927, "floors_extent_min": 0.46930083993848337, "floors_extent_max": 1.0, "floors_extent_std": 0.25728270014523796, "level_filled_area": 27631, "floors_filled_area_mean": 5526.2, "floors_filled_area_min": 1, "floors_filled_area_max": 25758, "floors_filled_area_std": 10141.435192318688, "level_major_axis_length": 238.47752592835312, "floors_major_axis_length_mean": 64.9946667061761, "floors_major_axis_length_min": 0.0, "floors_major_axis_length_max": 226.16606948537873, "floors_major_axis_length_std": 88.08427191016845, "level_minor_axis_length": 208.67292278702382, "floors_minor_axis_length_mean": 45.970124470843885, "floors_minor_axis_length_min": 0.0, "floors_minor_axis_length_max": 194.9861260821024, "floors_minor_axis_length_std": 75.44860521282989, "level_orientation": 0.06757722145856719, "floors_orientation_mean": 0.4744646776781495, "floors_orientation_min": -1.5337611436515641, "floors_orientation_max": 1.5707963267948966, "floors_orientation_std": 1.0499894358118629, "level_perimeter": 2825.803353424079, "floors_perimeter_mean": 565.1606706848157, "floors_perimeter_min": 0.0, "floors_perimeter_max": 2462.6957056857536, "floors_perimeter_std": 958.5408350029481, "level_solidity": 0.5672957920792079, "floors_solidity_mean": 0.8869011711109829, "floors_solidity_min": 0.6871247113163972, "floors_solidity_max": 1.0, "floors_solidity_std": 0.13982167719974808, "level_hu_moment_0": 0.2444970564625315, "level_hu_moment_1": 0.0010529704011198293, "level_hu_moment_2": 0.0015690460731526074, "level_hu_moment_3": 8.821085993431257e-05, "level_hu_moment_4": 3.69746624990796e-09, "level_hu_moment_5": 2.6525562369210965e-06, "level_hu_moment_6": -3.260819565433654e-08, "level_centroid_x": 107.21882426272936, "level_centroid_y": 103.32116560832132, "number_of_artifacts": 67, "number_of_powerups": 20, "number_of_weapons": 17, "number_of_ammunitions": 122, "number_of_keys": 2, "number_of_monsters": 111, "number_of_obstacles": 152, "number_of_decorations": 0, "walkable_area": 22708, "walkable_percentage": 0.8846468502863376, "start_location_x_px": 111, "start_location_y_px": 67, "artifacts_per_walkable_area": 0.0029505020257178088, "powerups_per_walkable_area": 0.0008807468733485996, "weapons_per_walkable_area": 0.0007486348423463096, "ammunitions_per_walkable_area": 0.005372555927426458, "keys_per_walkable_area": 8.807468733485996e-05, "monsters_per_walkable_area": 0.004888145147084728, "obstacles_per_walkable_area": 0.006693676237449357, "decorations_per_walkable_area": 0.0, "nodes": 114, "avg-path-length": 7.453740719588806, "diameter-mean": 18.0, "art-points": 28, "assortativity-mean": 0.05115933964014032, "betw-cen": NaN, "closn-cen": NaN, "distmap-max": 35.0, "distmap-mean": -Infinity, "distmap-var": 0.0, "distmap-skew": 0, "distmap-kurt": 0.0, "distmap-Q1": 0.001995101137800253, "distmap-Q2": 0.030749578592499018, "distmap-Q3": 0.08072455752212383, "path_wallmap": "DoomZero_MAP23_wallmap.png", "path_heightmap": "DoomZero_MAP23_heightmap.png", "path_triggermap": "DoomZero_MAP23_triggermap.png", "path_thingsmap": "DoomZero_MAP23_thingsmap.png", "path_floormap": "DoomZero_MAP23_floormap.png", "path_roommap": "DoomZero_MAP23_roommap.png", "slot": "MAP23", "path_json": "DoomZero_MAP23.json"}