{"number_of_lines": 415, "number_of_things": 127, "number_of_sectors": 92, "number_of_subsectors": 180, "number_of_vertices": 371, "x_max": 2288, "y_max": 640, "x_min": -288, "y_min": -1344, "height": 1985, "width": 2577, "aspect_ratio": 1.2982367758186397, "floor_height_max": 128.0, "floor_height_min": -88.0, "floor_height_avg": -23.82608695652174, "ceiling_height_max": 384.0, "ceiling_height_min": -88.0, "ceiling_height_avg": 131.56521739130434, "room_height_max": 384.0, "room_height_min": 0.0, "room_height_avg": 155.3913043478261, "sector_area_max": 272384.0, "sector_area_min": 448.0, "sector_area_avg": 38337.04347826087, "lines_per_sector_max": 26.0, "lines_per_sector_min": 3.0, "lines_per_sector_avg": 5.978260869565218, "sector_aspect_ratio_max": 13.8, "sector_aspect_ratio_min": 1.0, "sector_aspect_ratio_avg": 2.5576939506939778, "floors": 2, "level_area": 3801, "floors_area_mean": 1900.5, "floors_area_min": 9, "floors_area_max": 3792, "floors_area_std": 1891.5, "level_bbox_area": 5103, "level_convex_area": 4597, "floors_convex_area_mean": 2276.5, "floors_convex_area_min": 9, "floors_convex_area_max": 4544, "floors_convex_area_std": 2267.5, "level_eccentricity": 0.7301384141438862, "floors_eccentricity_mean": 0.3664031422748325, "floors_eccentricity_min": 0.0, "floors_eccentricity_max": 0.732806284549665, "floors_eccentricity_std": 0.3664031422748325, "level_equivalent_diameter": 69.56711514457355, "floors_equivalent_diameter_mean": 36.43492169929852, "floors_equivalent_diameter_min": 3.385137501286538, "floors_equivalent_diameter_max": 69.4847058973105, "floors_equivalent_diameter_std": 33.049784198011984, "level_euler_number": -16, "floors_euler_number_mean": -8.0, "floors_euler_number_min": -17, "floors_euler_number_max": 1, "floors_euler_number_std": 9.0, "level_extent": 0.7448559670781894, "floors_extent_mean": 0.8775388291517323, "floors_extent_min": 0.7550776583034647, "floors_extent_max": 1.0, "floors_extent_std": 0.12246117084826763, "level_filled_area": 3886, "floors_filled_area_mean": 1943.0, "floors_filled_area_min": 9, "floors_filled_area_max": 3877, "floors_filled_area_std": 1934.0, "level_major_axis_length": 89.85751228516834, "floors_major_axis_length_mean": 46.61489711675982, "floors_major_axis_length_min": 3.265986323710904, "floors_major_axis_length_max": 89.96380790980874, "floors_major_axis_length_std": 43.348910793048915, "level_minor_axis_length": 61.39957279891811, "floors_minor_axis_length_mean": 32.24035943248151, "floors_minor_axis_length_min": 3.265986323710904, "floors_minor_axis_length_max": 61.21473254125212, "floors_minor_axis_length_std": 28.974373108770607, "level_orientation": -0.04691661053518143, "floors_orientation_mean": 0.3693419797849164, "floors_orientation_min": -0.04671420382761545, "floors_orientation_max": 0.7853981633974483, "floors_orientation_std": 0.4160561836125319, "level_perimeter": 634.8244225113893, "floors_perimeter_mean": 317.4122112556947, "floors_perimeter_min": 8.0, "floors_perimeter_max": 626.8244225113893, "floors_perimeter_std": 309.4122112556947, "level_solidity": 0.8268435936480313, "floors_solidity_mean": 0.9172535211267605, "floors_solidity_min": 0.8345070422535211, "floors_solidity_max": 1.0, "floors_solidity_std": 0.08274647887323944, "level_hu_moment_0": 0.19475598615444656, "level_hu_moment_1": 0.005009595406300201, "level_hu_moment_2": 0.00019334270452459312, "level_hu_moment_3": 5.5162397755385094e-06, "level_hu_moment_4": -1.716243240611738e-10, "level_hu_moment_5": 3.9042677338446066e-07, "level_hu_moment_6": 5.4756430645807015e-11, "level_centroid_x": 38.54959221257564, "level_centroid_y": 29.8121546961326, "number_of_artifacts": 16, "number_of_powerups": 15, "number_of_weapons": 3, "number_of_ammunitions": 8, "number_of_keys": 2, "number_of_monsters": 55, "number_of_obstacles": 0, "number_of_decorations": 7, "walkable_area": 2959, "walkable_percentage": 0.778479347540121, "start_location_x_px": 7, "start_location_y_px": 42, "artifacts_per_walkable_area": 0.005407232173031429, "powerups_per_walkable_area": 0.005069280162216965, "weapons_per_walkable_area": 0.001013856032443393, "ammunitions_per_walkable_area": 0.0027036160865157146, "keys_per_walkable_area": 0.0006759040216289286, "monsters_per_walkable_area": 0.01858736059479554, "obstacles_per_walkable_area": 0.0, "decorations_per_walkable_area": 0.0023656640757012504, "nodes": 24, "avg-path-length": 3.398550724637681, "diameter-mean": 8.0, "art-points": 7, "assortativity-mean": -0.012936103488829287, "betw-cen": NaN, "closn-cen": NaN, "distmap-max": 13.892443989449804, "distmap-mean": -Infinity, "distmap-var": 0.0, "distmap-skew": 0, "distmap-kurt": 0.0, "distmap-Q1": 0.001976284584980237, "distmap-Q2": 0.02608695652173913, "distmap-Q3": 0.10869565217391303, "path_wallmap": "DOOM_E2M1_wallmap.png", "path_heightmap": "DOOM_E2M1_heightmap.png", "path_triggermap": "DOOM_E2M1_triggermap.png", "path_thingsmap": "DOOM_E2M1_thingsmap.png", "path_floormap": "DOOM_E2M1_floormap.png", "path_roommap": "DOOM_E2M1_roommap.png", "slot": "E2M1", "path_json": "DOOM_E2M1.json"}