{"number_of_lines": 1151, "number_of_things": 195, "number_of_sectors": 227, "number_of_subsectors": 599, "number_of_vertices": 1017, "x_max": 4128, "y_max": 2336, "x_min": -448, "y_min": -224, "height": 2561, "width": 4577, "aspect_ratio": 1.7871925029285436, "floor_height_max": 168.0, "floor_height_min": -328.0, "floor_height_avg": 51.68722466960352, "ceiling_height_max": 296.0, "ceiling_height_min": -328.0, "ceiling_height_avg": 188.03964757709252, "room_height_max": 624.0, "room_height_min": 0.0, "room_height_avg": 136.352422907489, "sector_area_max": 1871034.5, "sector_area_min": 0.5, "sector_area_avg": 32493.297356828192, "lines_per_sector_max": 132.0, "lines_per_sector_min": 3.0, "lines_per_sector_avg": 7.577092511013216, "sector_aspect_ratio_max": 48.5, "sector_aspect_ratio_min": 1.0, "sector_aspect_ratio_avg": 4.0044432107418695, "floors": 2, "level_area": 7126, "floors_area_mean": 3563.0, "floors_area_min": 89, "floors_area_max": 7037, "floors_area_std": 3474.0, "level_bbox_area": 11664, "level_convex_area": 8580, "floors_convex_area_mean": 4277.0, "floors_convex_area_min": 98, "floors_convex_area_max": 8456, "floors_convex_area_std": 4179.0, "level_eccentricity": 0.8529434985983827, "floors_eccentricity_mean": 0.8667498129175792, "floors_eccentricity_min": 0.8451289576134088, "floors_eccentricity_max": 0.8883706682217496, "floors_eccentricity_std": 0.021620855304170405, "level_equivalent_diameter": 95.25284770432204, "floors_equivalent_diameter_mean": 52.6506287368122, "floors_equivalent_diameter_min": 10.645107772184812, "floors_equivalent_diameter_max": 94.65614970143959, "floors_equivalent_diameter_std": 42.005520964627394, "level_euler_number": -18, "floors_euler_number_mean": -9.0, "floors_euler_number_min": -19, "floors_euler_number_max": 1, "floors_euler_number_std": 10.0, "level_extent": 0.6109396433470508, "floors_extent_mean": 0.7557362965762437, "floors_extent_min": 0.6033093278463649, "floors_extent_max": 0.9081632653061225, "floors_extent_std": 0.15242696872987876, "level_filled_area": 7764, "floors_filled_area_mean": 3882.0, "floors_filled_area_min": 89, "floors_filled_area_max": 7675, "floors_filled_area_std": 3793.0, "level_major_axis_length": 143.03421763978088, "floors_major_axis_length_mean": 78.55634785818249, "floors_major_axis_length_min": 16.576149437212553, "floors_major_axis_length_max": 140.53654627915242, "floors_major_axis_length_std": 61.980198420969934, "level_minor_axis_length": 74.66432580993018, "floors_minor_axis_length_mean": 41.36806081702198, "floors_minor_axis_length_min": 7.6105569271172, "floors_minor_axis_length_max": 75.12556470692675, "floors_minor_axis_length_std": 33.757503889904775, "level_orientation": 0.28173818099411385, "floors_orientation_mean": 0.11581552492214751, "floors_orientation_min": -0.04882309937593319, "floors_orientation_max": 0.2804541492202282, "floors_orientation_std": 0.16463862429808068, "level_perimeter": 904.6183617507293, "floors_perimeter_mean": 452.3091808753647, "floors_perimeter_min": 40.24264068711929, "floors_perimeter_max": 864.3757210636101, "floors_perimeter_std": 412.0665401882454, "level_solidity": 0.8305361305361305, "floors_solidity_mean": 0.8701767130693336, "floors_solidity_min": 0.8321901608325449, "floors_solidity_max": 0.9081632653061225, "floors_solidity_std": 0.03798655223678876, "level_hu_moment_0": 0.228332417945513, "level_hu_moment_1": 0.01704155540611798, "level_hu_moment_2": 3.319507944160105e-05, "level_hu_moment_3": 1.7388115629099904e-06, "level_hu_moment_4": -7.285295824236794e-12, "level_hu_moment_5": 2.2640564588400763e-07, "level_hu_moment_6": -1.1019930388112337e-11, "level_centroid_x": 73.23421274207129, "level_centroid_y": 34.62180746561886, "number_of_artifacts": 55, "number_of_powerups": 10, "number_of_weapons": 1, "number_of_ammunitions": 10, "number_of_keys": 4, "number_of_monsters": 66, "number_of_obstacles": 39, "number_of_decorations": 2, "walkable_area": 6009, "walkable_percentage": 0.8432500701655908, "start_location_x_px": 102, "start_location_y_px": 9, "artifacts_per_walkable_area": 0.009152937260775504, "powerups_per_walkable_area": 0.0016641704110500915, "weapons_per_walkable_area": 0.00016641704110500916, "ammunitions_per_walkable_area": 0.0016641704110500915, "keys_per_walkable_area": 0.0006656681644200366, "monsters_per_walkable_area": 0.010983524712930605, "obstacles_per_walkable_area": 0.006490264603095357, "decorations_per_walkable_area": 0.0003328340822100183, "nodes": 32, "avg-path-length": 2.3034482758620687, "diameter-mean": 4.5, "art-points": 2, "assortativity-mean": 0.06487294469357203, "betw-cen": NaN, "closn-cen": NaN, "distmap-max": 22.0, "distmap-mean": -Infinity, "distmap-var": 0.0, "distmap-skew": 0, "distmap-kurt": 0.0, "distmap-Q1": 0.015519713261648749, "distmap-Q2": 0.04817204301075269, "distmap-Q3": 0.082078853046595, "path_wallmap": "DoomZero_MAP01_wallmap.png", "path_heightmap": "DoomZero_MAP01_heightmap.png", "path_triggermap": "DoomZero_MAP01_triggermap.png", "path_thingsmap": "DoomZero_MAP01_thingsmap.png", "path_floormap": "DoomZero_MAP01_floormap.png", "path_roommap": "DoomZero_MAP01_roommap.png", "slot": "MAP01", "path_json": "DoomZero_MAP01.json"}