{"number_of_lines": 2015, "number_of_things": 443, "number_of_sectors": 362, "number_of_subsectors": 1203, "number_of_vertices": 1973, "x_max": 2698, "y_max": 2730, "x_min": -2756, "y_min": -1920, "height": 4651, "width": 5455, "aspect_ratio": 1.172866050311761, "floor_height_max": 136.0, "floor_height_min": -192.0, "floor_height_avg": 21.43646408839779, "ceiling_height_max": 672.0, "ceiling_height_min": -23.0, "ceiling_height_avg": 150.83977900552486, "room_height_max": 672.0, "room_height_min": -4.0, "room_height_avg": 129.40331491712706, "sector_area_max": 526592.0, "sector_area_min": 1.0, "sector_area_avg": 34057.83425414364, "lines_per_sector_max": 75.0, "lines_per_sector_min": 3.0, "lines_per_sector_avg": 8.477900552486188, "sector_aspect_ratio_max": 144.0, "sector_aspect_ratio_min": 1.0, "sector_aspect_ratio_avg": 4.241551403252002, "floors": 5, "level_area": 13016, "floors_area_mean": 2603.2, "floors_area_min": 4, "floors_area_max": 11723, "floors_area_std": 4569.594266452986, "level_bbox_area": 24966, "level_convex_area": 20137, "floors_convex_area_mean": 3972.4, "floors_convex_area_min": 4, "floors_convex_area_max": 18195, "floors_convex_area_std": 7123.727271590344, "level_eccentricity": 0.5504111228159172, "floors_eccentricity_mean": 0.5809311955387768, "floors_eccentricity_min": 0.0, "floors_eccentricity_max": 0.9860193313633783, "floors_eccentricity_std": 0.3531999568216755, "level_equivalent_diameter": 128.73416762566524, "floors_equivalent_diameter_mean": 37.01776520151971, "floors_equivalent_diameter_min": 2.256758334191025, "floors_equivalent_diameter_max": 122.17277594836877, "floors_equivalent_diameter_std": 44.09288199176521, "level_euler_number": -66, "floors_euler_number_mean": -13.2, "floors_euler_number_min": -70, "floors_euler_number_max": 1, "floors_euler_number_std": 28.4, "level_extent": 0.5213490346871745, "floors_extent_mean": 0.748359143356595, "floors_extent_min": 0.469558599695586, "floors_extent_max": 1.0, "floors_extent_std": 0.23358422128157924, "level_filled_area": 14289, "floors_filled_area_mean": 2857.8, "floors_filled_area_min": 4, "floors_filled_area_max": 12996, "floors_filled_area_std": 5077.822226112293, "level_major_axis_length": 166.49523272647676, "floors_major_axis_length_mean": 56.97642631045717, "floors_major_axis_length_min": 2.0, "floors_major_axis_length_max": 155.52962169204724, "floors_major_axis_length_std": 55.76875772334201, "level_minor_axis_length": 139.00583141087978, "floors_minor_axis_length_mean": 35.42874423195996, "floors_minor_axis_length_min": 2.0, "floors_minor_axis_length_max": 136.1480333643453, "floors_minor_axis_length_std": 51.00370190214516, "level_orientation": 0.2971564272815004, "floors_orientation_mean": 0.35372989843304675, "floors_orientation_min": -0.7853981633974483, "floors_orientation_max": 1.5703355583293128, "floors_orientation_std": 0.8248201117205959, "level_perimeter": 2564.4774516162743, "floors_perimeter_mean": 512.8954903232549, "floors_perimeter_min": 4.0, "floors_perimeter_max": 2216.2043276571058, "floors_perimeter_std": 855.0656568058803, "level_solidity": 0.6463723494065651, "floors_solidity_mean": 0.8620197499669882, "floors_solidity_min": 0.6442978840340753, "floors_solidity_max": 1.0, "floors_solidity_std": 0.1621904872931571, "level_hu_moment_0": 0.22589161266361393, "level_hu_moment_1": 0.0016261513822434968, "level_hu_moment_2": 6.041395540487123e-05, "level_hu_moment_3": 2.57712896207741e-05, "level_hu_moment_4": 9.116657456163817e-10, "level_hu_moment_5": 3.8645937093198127e-07, "level_hu_moment_6": -4.5047257018575495e-10, "level_centroid_x": 87.42977873386602, "level_centroid_y": 73.94629686539643, "number_of_artifacts": 56, "number_of_powerups": 26, "number_of_weapons": 9, "number_of_ammunitions": 106, "number_of_keys": 1, "number_of_monsters": 189, "number_of_obstacles": 22, "number_of_decorations": 1, "walkable_area": 10613, "walkable_percentage": 0.8153810694529809, "start_location_x_px": 101, "start_location_y_px": 129, "artifacts_per_walkable_area": 0.0052765476302647695, "powerups_per_walkable_area": 0.0024498256854800717, "weapons_per_walkable_area": 0.0008480165834354094, "ammunitions_per_walkable_area": 0.009987750871572599, "keys_per_walkable_area": 9.422406482615661e-05, "monsters_per_walkable_area": 0.017808348252143596, "obstacles_per_walkable_area": 0.002072929426175445, "decorations_per_walkable_area": 9.422406482615661e-05, "nodes": 106, "avg-path-length": 3.916480979624611, "diameter-mean": 10.666666666666666, "art-points": 26, "assortativity-mean": -0.11742319340343263, "betw-cen": NaN, "closn-cen": NaN, "distmap-max": 14.142135623730951, "distmap-mean": -Infinity, "distmap-var": 0.0, "distmap-skew": 0, "distmap-kurt": 0.0, "distmap-Q1": 4.578754578754579e-05, "distmap-Q2": 0.012680012295396913, "distmap-Q3": 0.04486767963416316, "path_wallmap": "DoomZero_MAP24_wallmap.png", "path_heightmap": "DoomZero_MAP24_heightmap.png", "path_triggermap": "DoomZero_MAP24_triggermap.png", "path_thingsmap": "DoomZero_MAP24_thingsmap.png", "path_floormap": "DoomZero_MAP24_floormap.png", "path_roommap": "DoomZero_MAP24_roommap.png", "slot": "MAP24", "path_json": "DoomZero_MAP24.json"}