{"number_of_lines": 1635, "number_of_things": 497, "number_of_sectors": 183, "number_of_subsectors": 1373, "number_of_vertices": 1842, "x_max": 2986, "y_max": 1824, "x_min": -1967, "y_min": -4320, "height": 6145, "width": 4954, "aspect_ratio": 1.2404117884537746, "floor_height_max": 160.0, "floor_height_min": -2664.0, "floor_height_avg": -129.28415300546447, "ceiling_height_max": 784.0, "ceiling_height_min": -2664.0, "ceiling_height_avg": 140.45901639344262, "room_height_max": 2888.0, "room_height_min": 0.0, "room_height_avg": 269.7431693989071, "sector_area_max": 2144594.0, "sector_area_min": 41.0, "sector_area_avg": 72145.81967213115, "lines_per_sector_max": 88.0, "lines_per_sector_min": 3.0, "lines_per_sector_avg": 14.448087431693988, "sector_aspect_ratio_max": 208.5, "sector_aspect_ratio_min": 1.0, "sector_aspect_ratio_avg": 2.8619406526760525, "floors": 3, "level_area": 13472, "floors_area_mean": 4490.666666666667, "floors_area_min": 53, "floors_area_max": 13157, "floors_area_std": 6128.617045377275, "level_bbox_area": 29915, "level_convex_area": 20148, "floors_convex_area_mean": 6770.666666666667, "floors_convex_area_min": 91, "floors_convex_area_max": 19905, "floors_convex_area_std": 9287.830400882413, "level_eccentricity": 0.8535140847096226, "floors_eccentricity_mean": 0.6463129108739692, "floors_eccentricity_min": 0.460746057824281, "floors_eccentricity_max": 0.8646174503738767, "floors_eccentricity_std": 0.16649693193483986, "level_equivalent_diameter": 130.96977951677292, "floors_equivalent_diameter_mean": 51.96956775543387, "floors_equivalent_diameter_min": 8.214724333230155, "floors_equivalent_diameter_max": 129.4295665220298, "floors_equivalent_diameter_std": 54.925935672844076, "level_euler_number": -53, "floors_euler_number_mean": -17.666666666666668, "floors_euler_number_min": -55, "floors_euler_number_max": 1, "floors_euler_number_std": 26.398653164297773, "level_extent": 0.4503426374728397, "floors_extent_mean": 0.501382238214667, "floors_extent_min": 0.4076923076923077, "floors_extent_max": 0.656641604010025, "floors_extent_std": 0.11056531871597788, "level_filled_area": 14835, "floors_filled_area_mean": 4962.666666666667, "floors_filled_area_min": 53, "floors_filled_area_max": 14573, "floors_filled_area_std": 6796.067506694997, "level_major_axis_length": 218.1093211221201, "floors_major_axis_length_mean": 83.45558059043366, "floors_major_axis_length_min": 11.564610710162155, "floors_major_axis_length_max": 219.10923337410898, "floors_major_axis_length_std": 95.97899908299398, "level_minor_axis_length": 113.65017420937592, "floors_minor_axis_length_mean": 45.565710313808474, "floors_minor_axis_length_min": 9.131836102328872, "floors_minor_axis_length_max": 110.08721775639623, "floors_minor_axis_length_std": 45.75065483410074, "level_orientation": -1.2890081517926555, "floors_orientation_mean": -0.38059224318387125, "floors_orientation_min": -1.3624330155978899, "floors_orientation_max": 1.5285492865437746, "floors_orientation_std": 1.3501505320296447, "level_perimeter": 1883.6652224137047, "floors_perimeter_mean": 627.8884074712349, "floors_perimeter_min": 31.899494936611667, "floors_perimeter_max": 1781.481456229631, "floors_perimeter_std": 815.8639753336652, "level_solidity": 0.6686519753821719, "floors_solidity_mean": 0.6908404025161153, "floors_solidity_min": 0.5824175824175825, "floors_solidity_max": 0.8291139240506329, "floors_solidity_std": 0.10290147237672843, "level_hu_moment_0": 0.28061923831916935, "level_hu_moment_1": 0.02584851270502167, "level_hu_moment_2": 0.002770520402667973, "level_hu_moment_3": 0.00017260567290883615, "level_hu_moment_4": -6.2883403082334836e-09, "level_hu_moment_5": -6.800113072410443e-07, "level_hu_moment_6": -1.1919546663641089e-07, "level_centroid_x": 78.71845308788599, "level_centroid_y": 98.04045427553444, "number_of_artifacts": 88, "number_of_powerups": 21, "number_of_weapons": 8, "number_of_ammunitions": 134, "number_of_keys": 2, "number_of_monsters": 144, "number_of_obstacles": 83, "number_of_decorations": 0, "walkable_area": 11841, "walkable_percentage": 0.8789340855106889, "start_location_x_px": 62, "start_location_y_px": 132, "artifacts_per_walkable_area": 0.007431804746220758, "powerups_per_walkable_area": 0.00177349885989359, "weapons_per_walkable_area": 0.0006756186132927962, "ammunitions_per_walkable_area": 0.011316611772654337, "keys_per_walkable_area": 0.00016890465332319906, "monsters_per_walkable_area": 0.012161135039270332, "obstacles_per_walkable_area": 0.007009543112912761, "decorations_per_walkable_area": 0.0, "nodes": 68, "avg-path-length": 3.642609126984127, "diameter-mean": 8.0, "art-points": 8, "assortativity-mean": 0, "betw-cen": NaN, "closn-cen": NaN, "distmap-max": 18.35755975068582, "distmap-mean": -Infinity, "distmap-var": 0.0, "distmap-skew": 0, "distmap-kurt": 0.0, "distmap-Q1": 0.0032017940600030156, "distmap-Q2": 0.029926126941052317, "distmap-Q3": 0.07061661390019597, "path_wallmap": "DoomZero_MAP26_wallmap.png", "path_heightmap": "DoomZero_MAP26_heightmap.png", "path_triggermap": "DoomZero_MAP26_triggermap.png", "path_thingsmap": "DoomZero_MAP26_thingsmap.png", "path_floormap": "DoomZero_MAP26_floormap.png", "path_roommap": "DoomZero_MAP26_roommap.png", "slot": "MAP26", "path_json": "DoomZero_MAP26.json"}