{"number_of_lines": 2308, "number_of_things": 344, "number_of_sectors": 449, "number_of_subsectors": 1116, "number_of_vertices": 2223, "x_max": 3360, "y_max": 2336, "x_min": -2400, "y_min": -4128, "height": 6465, "width": 5761, "aspect_ratio": 1.122201006769658, "floor_height_max": 442.0, "floor_height_min": -579.0, "floor_height_avg": 114.29844097995546, "ceiling_height_max": 442.0, "ceiling_height_min": 0.0, "ceiling_height_avg": 298.8596881959911, "room_height_max": 1021.0, "room_height_min": 0.0, "room_height_avg": 184.56124721603564, "sector_area_max": 1078088.0, "sector_area_min": 16.0, "sector_area_avg": 31644.30289532294, "lines_per_sector_max": 155.0, "lines_per_sector_min": 3.0, "lines_per_sector_avg": 8.21380846325167, "sector_aspect_ratio_max": 96.5, "sector_aspect_ratio_min": 1.0, "sector_aspect_ratio_avg": 4.862260565096434, "floors": 1, "level_area": 14500, "floors_area_mean": 14500.0, "floors_area_min": 14500, "floors_area_max": 14500, "floors_area_std": 0.0, "level_bbox_area": 36743, "level_convex_area": 27334, "floors_convex_area_mean": 27334.0, "floors_convex_area_min": 27334, "floors_convex_area_max": 27334, "floors_convex_area_std": 0.0, "level_eccentricity": 0.6313185144870871, "floors_eccentricity_mean": 0.6313185144870871, "floors_eccentricity_min": 0.6313185144870871, "floors_eccentricity_max": 0.6313185144870871, "floors_eccentricity_std": 0.0, "level_equivalent_diameter": 135.8748446131949, "floors_equivalent_diameter_mean": 135.8748446131949, "floors_equivalent_diameter_min": 135.8748446131949, "floors_equivalent_diameter_max": 135.8748446131949, "floors_equivalent_diameter_std": 0.0, "level_euler_number": -10, "floors_euler_number_mean": -10.0, "floors_euler_number_min": -10, "floors_euler_number_max": -10, "floors_euler_number_std": 0.0, "level_extent": 0.39463299131807417, "floors_extent_mean": 0.39463299131807417, "floors_extent_min": 0.39463299131807417, "floors_extent_max": 0.39463299131807417, "floors_extent_std": 0.0, "level_filled_area": 15701, "floors_filled_area_mean": 15701.0, "floors_filled_area_min": 15701, "floors_filled_area_max": 15701, "floors_filled_area_std": 0.0, "level_major_axis_length": 194.83615425008534, "floors_major_axis_length_mean": 194.83615425008534, "floors_major_axis_length_min": 194.83615425008534, "floors_major_axis_length_max": 194.83615425008534, "floors_major_axis_length_std": 0.0, "level_minor_axis_length": 151.10004569150968, "floors_minor_axis_length_mean": 151.10004569150968, "floors_minor_axis_length_min": 151.10004569150968, "floors_minor_axis_length_max": 151.10004569150968, "floors_minor_axis_length_std": 0.0, "level_orientation": 0.6732856893673589, "floors_orientation_mean": 0.6732856893673589, "floors_orientation_min": 0.6732856893673589, "floors_orientation_max": 0.6732856893673589, "floors_orientation_std": 0.0, "level_perimeter": 1971.0092347159894, "floors_perimeter_mean": 1971.0092347159894, "floors_perimeter_min": 1971.0092347159894, "floors_perimeter_max": 1971.0092347159894, "floors_perimeter_std": 0.0, "level_solidity": 0.5304748664666715, "floors_solidity_mean": 0.5304748664666715, "floors_solidity_min": 0.5304748664666715, "floors_solidity_max": 0.5304748664666715, "floors_solidity_std": 0.0, "level_hu_moment_0": 0.26203599487473866, "level_hu_moment_1": 0.004253009265191551, "level_hu_moment_2": 0.004513225406341505, "level_hu_moment_3": 0.00031190817267658306, "level_hu_moment_4": -2.4929689698211364e-07, "level_hu_moment_5": -1.7717104734780236e-05, "level_hu_moment_6": -2.7350084632618456e-07, "level_centroid_x": 85.12689655172414, "level_centroid_y": 114.2451724137931, "number_of_artifacts": 78, "number_of_powerups": 17, "number_of_weapons": 5, "number_of_ammunitions": 44, "number_of_keys": 3, "number_of_monsters": 94, "number_of_obstacles": 93, "number_of_decorations": 0, "walkable_area": 12299, "walkable_percentage": 0.8482068965517241, "start_location_x_px": 116, "start_location_y_px": 154, "artifacts_per_walkable_area": 0.006341979022684771, "powerups_per_walkable_area": 0.0013822261972518091, "weapons_per_walkable_area": 0.0004065371168387674, "ammunitions_per_walkable_area": 0.003577526628181153, "keys_per_walkable_area": 0.00024392227010326044, "monsters_per_walkable_area": 0.007642897796568827, "obstacles_per_walkable_area": 0.007561590373201073, "decorations_per_walkable_area": 0.0, "nodes": 101, "avg-path-length": 11.552673267326732, "diameter-mean": 31.0, "art-points": 37, "assortativity-mean": 0.14536741214057655, "betw-cen": NaN, "closn-cen": NaN, "distmap-max": 20.396078054371138, "distmap-mean": -Infinity, "distmap-var": 0.0, "distmap-skew": 0, "distmap-kurt": 0.0, "distmap-Q1": 0.02, "distmap-Q2": 0.061414141414141414, "distmap-Q3": 0.16545454545454547, "path_wallmap": "DoomZero_MAP11_wallmap.png", "path_heightmap": "DoomZero_MAP11_heightmap.png", "path_triggermap": "DoomZero_MAP11_triggermap.png", "path_thingsmap": "DoomZero_MAP11_thingsmap.png", "path_floormap": "DoomZero_MAP11_floormap.png", "path_roommap": "DoomZero_MAP11_roommap.png", "slot": "MAP11", "path_json": "DoomZero_MAP11.json"}