{"number_of_lines": 653, "number_of_things": 237, "number_of_sectors": 147, "number_of_subsectors": 288, "number_of_vertices": 581, "x_max": 2688, "y_max": 1728, "x_min": -704, "y_min": -1472, "height": 3201, "width": 3393, "aspect_ratio": 1.0599812558575445, "floor_height_max": 208.0, "floor_height_min": -168.0, "floor_height_avg": 50.34013605442177, "ceiling_height_max": 304.0, "ceiling_height_min": -72.0, "ceiling_height_avg": 212.89795918367346, "room_height_max": 304.0, "room_height_min": 0.0, "room_height_avg": 162.5578231292517, "sector_area_max": 589824.0, "sector_area_min": 256.0, "sector_area_avg": 36922.55782312925, "lines_per_sector_max": 36.0, "lines_per_sector_min": 3.0, "lines_per_sector_avg": 6.136054421768708, "sector_aspect_ratio_max": 11.352941176470589, "sector_aspect_ratio_min": 1.0, "sector_aspect_ratio_avg": 2.297362633539197, "floors": 1, "level_area": 5401, "floors_area_mean": 5401.0, "floors_area_min": 5401, "floors_area_max": 5401, "floors_area_std": 0.0, "level_bbox_area": 10807, "level_convex_area": 9313, "floors_convex_area_mean": 9313.0, "floors_convex_area_min": 9313, "floors_convex_area_max": 9313, "floors_convex_area_std": 0.0, "level_eccentricity": 0.3257789949271394, "floors_eccentricity_mean": 0.3257789949271394, "floors_eccentricity_min": 0.3257789949271394, "floors_eccentricity_max": 0.3257789949271394, "floors_eccentricity_std": 0.0, "level_equivalent_diameter": 82.9262731654728, "floors_equivalent_diameter_mean": 82.9262731654728, "floors_equivalent_diameter_min": 82.9262731654728, "floors_equivalent_diameter_max": 82.9262731654728, "floors_equivalent_diameter_std": 0.0, "level_euler_number": -12, "floors_euler_number_mean": -12.0, "floors_euler_number_min": -12, "floors_euler_number_max": -12, "floors_euler_number_std": 0.0, "level_extent": 0.4997686684556306, "floors_extent_mean": 0.4997686684556306, "floors_extent_min": 0.4997686684556306, "floors_extent_max": 0.4997686684556306, "floors_extent_std": 0.0, "level_filled_area": 6397, "floors_filled_area_mean": 6397.0, "floors_filled_area_min": 6397, "floors_filled_area_max": 6397, "floors_filled_area_std": 0.0, "level_major_axis_length": 115.09800194121313, "floors_major_axis_length_mean": 115.09800194121313, "floors_major_axis_length_min": 115.09800194121313, "floors_major_axis_length_max": 115.09800194121313, "floors_major_axis_length_std": 0.0, "level_minor_axis_length": 108.81893991580385, "floors_minor_axis_length_mean": 108.81893991580385, "floors_minor_axis_length_min": 108.81893991580385, "floors_minor_axis_length_max": 108.81893991580385, "floors_minor_axis_length_std": 0.0, "level_orientation": -0.4343827191263078, "floors_orientation_mean": -0.4343827191263078, "floors_orientation_min": -0.4343827191263078, "floors_orientation_max": -0.4343827191263078, "floors_orientation_std": 0.0, "level_perimeter": 1176.445742854949, "floors_perimeter_mean": 1176.445742854949, "floors_perimeter_min": 1176.445742854949, "floors_perimeter_max": 1176.445742854949, "floors_perimeter_std": 0.0, "level_solidity": 0.579942016536025, "floors_solidity_mean": 0.579942016536025, "floors_solidity_min": 0.579942016536025, "floors_solidity_max": 0.579942016536025, "floors_solidity_std": 0.0, "level_hu_moment_0": 0.29032947295939215, "level_hu_moment_1": 0.00026471291749460845, "level_hu_moment_2": 0.00252368996098969, "level_hu_moment_3": 2.8541942826361417e-05, "level_hu_moment_4": 6.173507061517165e-09, "level_hu_moment_5": -3.193295455232278e-08, "level_hu_moment_6": 4.535122531600042e-09, "level_centroid_x": 46.6469172375486, "level_centroid_y": 48.02851323828921, "number_of_artifacts": 44, "number_of_powerups": 14, "number_of_weapons": 4, "number_of_ammunitions": 15, "number_of_keys": 3, "number_of_monsters": 103, "number_of_obstacles": 32, "number_of_decorations": 7, "walkable_area": 4175, "walkable_percentage": 0.7730049990742455, "start_location_x_px": 3, "start_location_y_px": 6, "artifacts_per_walkable_area": 0.010538922155688623, "powerups_per_walkable_area": 0.0033532934131736527, "weapons_per_walkable_area": 0.0009580838323353293, "ammunitions_per_walkable_area": 0.003592814371257485, "keys_per_walkable_area": 0.000718562874251497, "monsters_per_walkable_area": 0.02467065868263473, "obstacles_per_walkable_area": 0.007664670658682635, "decorations_per_walkable_area": 0.0016766467065868263, "nodes": 53, "avg-path-length": 6.4252539912917275, "diameter-mean": 15.0, "art-points": 15, "assortativity-mean": -0.37995972995380756, "betw-cen": NaN, "closn-cen": NaN, "distmap-max": 13.341664064126334, "distmap-mean": -Infinity, "distmap-var": 0.0, "distmap-skew": 0, "distmap-kurt": 0.0, "distmap-Q1": 0.0003770739064856712, "distmap-Q2": 0.043866264454499745, "distmap-Q3": 0.17722473604826547, "path_wallmap": "DOOM_E1M9_wallmap.png", "path_heightmap": "DOOM_E1M9_heightmap.png", "path_triggermap": "DOOM_E1M9_triggermap.png", "path_thingsmap": "DOOM_E1M9_thingsmap.png", "path_floormap": "DOOM_E1M9_floormap.png", "path_roommap": "DOOM_E1M9_roommap.png", "slot": "E1M9", "path_json": "DOOM_E1M9.json"}