{"number_of_lines": 1532, "number_of_things": 365, "number_of_sectors": 266, "number_of_subsectors": 676, "number_of_vertices": 1366, "x_max": 704, "y_max": 3793, "x_min": -4384, "y_min": -704, "height": 4498, "width": 5089, "aspect_ratio": 1.1313917296576257, "floor_height_max": 240.0, "floor_height_min": -168.0, "floor_height_avg": 73.24436090225564, "ceiling_height_max": 984.0, "ceiling_height_min": 0.0, "ceiling_height_avg": 215.28195488721803, "room_height_max": 904.0, "room_height_min": 0.0, "room_height_avg": 142.0375939849624, "sector_area_max": 440720.0, "sector_area_min": 0.5, "sector_area_avg": 18936.505639097744, "lines_per_sector_max": 67.0, "lines_per_sector_min": 3.0, "lines_per_sector_avg": 8.342105263157896, "sector_aspect_ratio_max": 51.73076923076923, "sector_aspect_ratio_min": 1.0, "sector_aspect_ratio_avg": 3.207858705593272, "floors": 3, "level_area": 5626, "floors_area_mean": 1875.3333333333333, "floors_area_min": 55, "floors_area_max": 5506, "floors_area_std": 2567.2722662173737, "level_bbox_area": 22560, "level_convex_area": 15005, "floors_convex_area_mean": 5047.0, "floors_convex_area_min": 64, "floors_convex_area_max": 15005, "floors_convex_area_std": 7041.370084484032, "level_eccentricity": 0.8601015492849282, "floors_eccentricity_mean": 0.8749646552026693, "floors_eccentricity_min": 0.8301338742657185, "floors_eccentricity_max": 0.9356183611466037, "floors_eccentricity_std": 0.044493579761304705, "level_equivalent_diameter": 84.63595972563922, "floors_equivalent_diameter_mean": 33.73134633883769, "floors_equivalent_diameter_min": 8.368283871884005, "floors_equivalent_diameter_max": 83.7284714616946, "floors_equivalent_diameter_std": 35.354558881838564, "level_euler_number": -36, "floors_euler_number_mean": -12.0, "floors_euler_number_min": -38, "floors_euler_number_max": 1, "floors_euler_number_std": 18.384776310850235, "level_extent": 0.24937943262411347, "floors_extent_mean": 0.5184626150051682, "floors_extent_min": 0.24406028368794327, "floors_extent_max": 0.6565656565656566, "floors_extent_std": 0.19403314657447654, "level_filled_area": 5949, "floors_filled_area_mean": 2001.3333333333333, "floors_filled_area_min": 55, "floors_filled_area_max": 5884, "floors_filled_area_std": 2745.4629643994267, "level_major_axis_length": 165.29559696536367, "floors_major_axis_length_mean": 63.96748419620034, "floors_major_axis_length_min": 12.277951082350116, "floors_major_axis_length_max": 164.93502101477375, "floors_major_axis_length_std": 71.40161756771927, "level_minor_axis_length": 84.32106147420448, "floors_minor_axis_length_mean": 32.144931766156354, "floors_minor_axis_length_min": 5.185579742967782, "floors_minor_axis_length_max": 84.40347053310049, "floors_minor_axis_length_std": 36.95858215832881, "level_orientation": -0.22045106112062463, "floors_orientation_mean": -0.758793605202149, "floors_orientation_min": -1.5694522440109528, "floors_orientation_max": -0.21934341320614473, "floors_orientation_std": 0.5835888849588323, "level_perimeter": 1404.1585130146568, "floors_perimeter_mean": 468.05283767155225, "floors_perimeter_min": 30.970562748477143, "floors_perimeter_max": 1340.288455329568, "floors_perimeter_std": 616.7642227671186, "level_solidity": 0.3749416861046318, "floors_solidity_mean": 0.7096990432201612, "floors_solidity_min": 0.36694435188270574, "floors_solidity_max": 0.9027777777777778, "floors_solidity_std": 0.24301102047037915, "level_hu_moment_0": 0.38251728341930896, "level_hu_moment_1": 0.05042020881247706, "level_hu_moment_2": 0.0009067532152604667, "level_hu_moment_3": 0.007710560177583717, "level_hu_moment_4": 6.597117873452386e-06, "level_hu_moment_5": 0.0010143573479365125, "level_hu_moment_6": -1.929109452651019e-05, "level_centroid_x": 90.83753999289016, "level_centroid_y": 50.66672591539282, "number_of_artifacts": 68, "number_of_powerups": 22, "number_of_weapons": 5, "number_of_ammunitions": 61, "number_of_keys": 3, "number_of_monsters": 134, "number_of_obstacles": 33, "number_of_decorations": 1, "walkable_area": 4109, "walkable_percentage": 0.7303590472804835, "start_location_x_px": 129, "start_location_y_px": 11, "artifacts_per_walkable_area": 0.016549038695546362, "powerups_per_walkable_area": 0.00535410075444147, "weapons_per_walkable_area": 0.0012168410805548796, "ammunitions_per_walkable_area": 0.01484546118276953, "keys_per_walkable_area": 0.0007301046483329277, "monsters_per_walkable_area": 0.03261134095887077, "obstacles_per_walkable_area": 0.008031151131662206, "decorations_per_walkable_area": 0.0002433682161109759, "nodes": 82, "avg-path-length": 4.610427584111795, "diameter-mean": 12.666666666666666, "art-points": 35, "assortativity-mean": 0.09745214094145939, "betw-cen": NaN, "closn-cen": NaN, "distmap-max": 12.529964086141668, "distmap-mean": -Infinity, "distmap-var": 0.0, "distmap-skew": 0, "distmap-kurt": 0.0, "distmap-Q1": 0.003871435920047031, "distmap-Q2": 0.0381764403292181, "distmap-Q3": 0.21564226925338031, "path_wallmap": "DoomZero_MAP17_wallmap.png", "path_heightmap": "DoomZero_MAP17_heightmap.png", "path_triggermap": "DoomZero_MAP17_triggermap.png", "path_thingsmap": "DoomZero_MAP17_thingsmap.png", "path_floormap": "DoomZero_MAP17_floormap.png", "path_roommap": "DoomZero_MAP17_roommap.png", "slot": "MAP17", "path_json": "DoomZero_MAP17.json"}