{"number_of_lines": 1075, "number_of_things": 166, "number_of_sectors": 146, "number_of_subsectors": 724, "number_of_vertices": 1123, "x_max": 2264, "y_max": 2765, "x_min": -736, "y_min": -776, "height": 3542, "width": 3001, "aspect_ratio": 1.1802732422525826, "floor_height_max": 235.0, "floor_height_min": -800.0, "floor_height_avg": -244.67808219178082, "ceiling_height_max": 1027.0, "ceiling_height_min": -711.0, "ceiling_height_avg": 13.36986301369863, "room_height_max": 1080.0, "room_height_min": 0.0, "room_height_avg": 258.04794520547944, "sector_area_max": 284800.0, "sector_area_min": 240.0, "sector_area_avg": 29794.74315068493, "lines_per_sector_max": 69.0, "lines_per_sector_min": 3.0, "lines_per_sector_avg": 11.335616438356164, "sector_aspect_ratio_max": 10.470588235294118, "sector_aspect_ratio_min": 1.0, "sector_aspect_ratio_avg": 1.8122231907471091, "floors": 1, "level_area": 4683, "floors_area_mean": 4683.0, "floors_area_min": 4683, "floors_area_max": 4683, "floors_area_std": 0.0, "level_bbox_area": 10434, "level_convex_area": 8184, "floors_convex_area_mean": 8184.0, "floors_convex_area_min": 8184, "floors_convex_area_max": 8184, "floors_convex_area_std": 0.0, "level_eccentricity": 0.4290715136870096, "floors_eccentricity_mean": 0.4290715136870096, "floors_eccentricity_min": 0.4290715136870096, "floors_eccentricity_max": 0.4290715136870096, "floors_eccentricity_std": 0.0, "level_equivalent_diameter": 77.21774917721163, "floors_equivalent_diameter_mean": 77.21774917721163, "floors_equivalent_diameter_min": 77.21774917721163, "floors_equivalent_diameter_max": 77.21774917721163, "floors_equivalent_diameter_std": 0.0, "level_euler_number": -8, "floors_euler_number_mean": -8.0, "floors_euler_number_min": -8, "floors_euler_number_max": -8, "floors_euler_number_std": 0.0, "level_extent": 0.44882116158711904, "floors_extent_mean": 0.44882116158711904, "floors_extent_min": 0.44882116158711904, "floors_extent_max": 0.44882116158711904, "floors_extent_std": 0.0, "level_filled_area": 5090, "floors_filled_area_mean": 5090.0, "floors_filled_area_min": 5090, "floors_filled_area_max": 5090, "floors_filled_area_std": 0.0, "level_major_axis_length": 110.76953938761329, "floors_major_axis_length_mean": 110.76953938761329, "floors_major_axis_length_min": 110.76953938761329, "floors_major_axis_length_max": 110.76953938761329, "floors_major_axis_length_std": 0.0, "level_minor_axis_length": 100.05485967834042, "floors_minor_axis_length_mean": 100.05485967834042, "floors_minor_axis_length_min": 100.05485967834042, "floors_minor_axis_length_max": 100.05485967834042, "floors_minor_axis_length_std": 0.0, "level_orientation": -1.2769887052794269, "floors_orientation_mean": -1.2769887052794269, "floors_orientation_min": -1.2769887052794269, "floors_orientation_max": -1.2769887052794269, "floors_orientation_std": 0.0, "level_perimeter": 1262.916918348064, "floors_perimeter_mean": 1262.916918348064, "floors_perimeter_min": 1262.916918348064, "floors_perimeter_max": 1262.916918348064, "floors_perimeter_std": 0.0, "level_solidity": 0.5722140762463344, "floors_solidity_mean": 0.5722140762463344, "floors_solidity_min": 0.5722140762463344, "floors_solidity_max": 0.5722140762463344, "floors_solidity_std": 0.0, "level_hu_moment_0": 0.29736367981791056, "level_hu_moment_1": 0.0009088910941519539, "level_hu_moment_2": 0.003595985454089773, "level_hu_moment_3": 0.00011011267081069176, "level_hu_moment_4": 3.583887580009011e-08, "level_hu_moment_5": 5.70548159035219e-07, "level_hu_moment_6": -5.930054040790409e-08, "level_centroid_x": 43.64467221866325, "level_centroid_y": 49.751654922058506, "number_of_artifacts": 1, "number_of_powerups": 0, "number_of_weapons": 4, "number_of_ammunitions": 22, "number_of_keys": 0, "number_of_monsters": 66, "number_of_obstacles": 23, "number_of_decorations": 38, "walkable_area": 3556, "walkable_percentage": 0.7593423019431988, "start_location_x_px": 17, "start_location_y_px": 16, "artifacts_per_walkable_area": 0.00028121484814398203, "powerups_per_walkable_area": 0.0, "weapons_per_walkable_area": 0.0011248593925759281, "ammunitions_per_walkable_area": 0.006186726659167604, "keys_per_walkable_area": 0.0, "monsters_per_walkable_area": 0.01856017997750281, "obstacles_per_walkable_area": 0.0064679415073115865, "decorations_per_walkable_area": 0.010686164229471317, "nodes": 59, "avg-path-length": 10.86323787258913, "diameter-mean": 29.0, "art-points": 27, "assortativity-mean": 0.0255573681348559, "betw-cen": NaN, "closn-cen": NaN, "distmap-max": 13.341664064126334, "distmap-mean": -Infinity, "distmap-var": 0.0, "distmap-skew": 0, "distmap-kurt": 0.0, "distmap-Q1": 0.032062915910465825, "distmap-Q2": 0.08892921960072596, "distmap-Q3": 0.3545069570477919, "path_wallmap": "DoomZero_MAP30_wallmap.png", "path_heightmap": "DoomZero_MAP30_heightmap.png", "path_triggermap": "DoomZero_MAP30_triggermap.png", "path_thingsmap": "DoomZero_MAP30_thingsmap.png", "path_floormap": "DoomZero_MAP30_floormap.png", "path_roommap": "DoomZero_MAP30_roommap.png", "slot": "MAP30", "path_json": "DoomZero_MAP30.json"}