{"number_of_lines": 1622, "number_of_things": 306, "number_of_sectors": 324, "number_of_subsectors": 917, "number_of_vertices": 1516, "x_max": 2480, "y_max": 736, "x_min": -2592, "y_min": -3328, "height": 4065, "width": 5073, "aspect_ratio": 1.247970479704797, "floor_height_max": 312.0, "floor_height_min": -896.0, "floor_height_avg": -52.41975308641975, "ceiling_height_max": 352.0, "ceiling_height_min": -896.0, "ceiling_height_avg": 98.60493827160494, "room_height_max": 1048.0, "room_height_min": 0.0, "room_height_avg": 151.02469135802468, "sector_area_max": 807424.0, "sector_area_min": 2.0, "sector_area_avg": 26327.45987654321, "lines_per_sector_max": 86.0, "lines_per_sector_min": 3.0, "lines_per_sector_avg": 7.824074074074074, "sector_aspect_ratio_max": 48.5, "sector_aspect_ratio_min": 1.0, "sector_aspect_ratio_avg": 3.087707169036115, "floors": 8, "level_area": 8894, "floors_area_mean": 1111.75, "floors_area_min": 4, "floors_area_max": 8736, "floors_area_std": 2881.7874986716142, "level_bbox_area": 19968, "level_convex_area": 13890, "floors_convex_area_mean": 1716.0, "floors_convex_area_min": 4, "floors_convex_area_max": 13535, "floors_convex_area_std": 4467.281751803886, "level_eccentricity": 0.7461934015806789, "floors_eccentricity_mean": 0.4701386248459911, "floors_eccentricity_min": 0.0, "floors_eccentricity_max": 0.99934186496309, "floors_eccentricity_std": 0.38383357320337924, "level_equivalent_diameter": 106.4151892864667, "floors_equivalent_diameter_mean": 17.289389170806896, "floors_equivalent_diameter_min": 2.256758334191025, "floors_equivalent_diameter_max": 105.46573217309205, "floors_equivalent_diameter_std": 33.415581484686186, "level_euler_number": -18, "floors_euler_number_mean": -2.25, "floors_euler_number_min": -25, "floors_euler_number_max": 1, "floors_euler_number_std": 8.59869176095992, "level_extent": 0.44541266025641024, "floors_extent_mean": 0.6859442110177404, "floors_extent_min": 0.058823529411764705, "floors_extent_max": 1.0, "floors_extent_std": 0.3122377836706821, "level_filled_area": 9201, "floors_filled_area_mean": 1150.625, "floors_filled_area_min": 4, "floors_filled_area_max": 9047, "floors_filled_area_std": 2984.637915120526, "level_major_axis_length": 157.00132385900642, "floors_major_axis_length_mean": 29.717650368138948, "floors_major_axis_length_min": 2.0, "floors_major_axis_length_max": 158.17189499742517, "floors_major_axis_length_std": 51.341306055615455, "level_minor_axis_length": 104.52037041346225, "floors_minor_axis_length_mean": 15.571383659172188, "floors_minor_axis_length_min": 1.9900471522588021, "floors_minor_axis_length_max": 101.8877705253941, "floors_minor_axis_length_std": 32.65772715967171, "level_orientation": 0.5973669786498534, "floors_orientation_mean": 0.8367627946970712, "floors_orientation_min": -0.1055466666113733, "floors_orientation_max": 1.5707963267948966, "floors_orientation_std": 0.5062126031025387, "level_perimeter": 1567.1006845321376, "floors_perimeter_mean": 195.8875855665172, "floors_perimeter_min": 4.0, "floors_perimeter_max": 1451.638743755012, "floors_perimeter_std": 474.9111998941374, "level_solidity": 0.6403167746580274, "floors_solidity_mean": 0.9001903012569802, "floors_solidity_min": 0.6454377539711859, "floors_solidity_max": 1.0, "floors_solidity_std": 0.13512847937179367, "level_hu_moment_0": 0.24998540817438708, "level_hu_moment_1": 0.009302178302295253, "level_hu_moment_2": 0.0003202306451540356, "level_hu_moment_3": 3.36775491597025e-05, "level_hu_moment_4": 1.3090078106840459e-09, "level_hu_moment_5": -1.3262172885723903e-06, "level_hu_moment_6": -3.243166400599919e-09, "level_centroid_x": 79.15471104115134, "level_centroid_y": 61.99347874971891, "number_of_artifacts": 79, "number_of_powerups": 22, "number_of_weapons": 4, "number_of_ammunitions": 56, "number_of_keys": 0, "number_of_monsters": 92, "number_of_obstacles": 34, "number_of_decorations": 0, "walkable_area": 7435, "walkable_percentage": 0.8359568248257252, "start_location_x_px": 57, "start_location_y_px": 109, "artifacts_per_walkable_area": 0.01062542030934768, "powerups_per_walkable_area": 0.0029589778076664426, "weapons_per_walkable_area": 0.0005379959650302623, "ammunitions_per_walkable_area": 0.007531943510423672, "keys_per_walkable_area": 0.0, "monsters_per_walkable_area": 0.012373907195696032, "obstacles_per_walkable_area": 0.004572965702757229, "decorations_per_walkable_area": 0.0, "nodes": 65, "avg-path-length": 4.213110788582487, "diameter-mean": 9.5, "art-points": 22, "assortativity-mean": 0, "betw-cen": NaN, "closn-cen": NaN, "distmap-max": 22.561028345356956, "distmap-mean": -Infinity, "distmap-var": 0.0, "distmap-skew": 0, "distmap-kurt": 0.0, "distmap-Q1": 0.0, "distmap-Q2": 0.013988095238095235, "distmap-Q3": 0.07991071428571427, "path_wallmap": "DoomZero_MAP10_wallmap.png", "path_heightmap": "DoomZero_MAP10_heightmap.png", "path_triggermap": "DoomZero_MAP10_triggermap.png", "path_thingsmap": "DoomZero_MAP10_thingsmap.png", "path_floormap": "DoomZero_MAP10_floormap.png", "path_roommap": "DoomZero_MAP10_roommap.png", "slot": "MAP10", "path_json": "DoomZero_MAP10.json"}