{"number_of_lines": 1416, "number_of_things": 291, "number_of_sectors": 268, "number_of_subsectors": 560, "number_of_vertices": 1222, "x_max": 2112, "y_max": 2688, "x_min": -2688, "y_min": -1936, "height": 4625, "width": 4801, "aspect_ratio": 1.0380540540540542, "floor_height_max": 248.0, "floor_height_min": -48.0, "floor_height_avg": 25.791044776119403, "ceiling_height_max": 384.0, "ceiling_height_min": -48.0, "ceiling_height_avg": 99.19402985074628, "room_height_max": 384.0, "room_height_min": 0.0, "room_height_avg": 73.40298507462687, "sector_area_max": 2690816.0, "sector_area_min": 64.0, "sector_area_avg": 30183.402985074626, "lines_per_sector_max": 93.0, "lines_per_sector_min": 4.0, "lines_per_sector_avg": 6.888059701492537, "sector_aspect_ratio_max": 21.444444444444443, "sector_aspect_ratio_min": 1.0, "sector_aspect_ratio_avg": 3.2617092457288033, "floors": 11, "level_area": 8540, "floors_area_mean": 776.3636363636364, "floors_area_min": 9, "floors_area_max": 8450, "floors_area_std": 2426.616884498299, "level_bbox_area": 21895, "level_convex_area": 14620, "floors_convex_area_mean": 1217.1818181818182, "floors_convex_area_min": 9, "floors_convex_area_max": 13299, "floors_convex_area_std": 3820.606373057978, "level_eccentricity": 0.39137493819600694, "floors_eccentricity_mean": 0.03183480046425281, "floors_eccentricity_min": 0.0, "floors_eccentricity_max": 0.35018280510678096, "floors_eccentricity_std": 0.10067047832402463, "level_equivalent_diameter": 104.27591146587159, "floors_equivalent_diameter_mean": 12.506942537930719, "floors_equivalent_diameter_min": 3.385137501286538, "floors_equivalent_diameter_max": 103.7249929043725, "floors_equivalent_diameter_std": 28.84568028779129, "level_euler_number": -20, "floors_euler_number_mean": -1.8181818181818181, "floors_euler_number_min": -30, "floors_euler_number_max": 1, "floors_euler_number_std": 8.91187340592907, "level_extent": 0.3900433889015757, "floors_extent_mean": 0.9485273184641735, "floors_extent_min": 0.43380050310590895, "floors_extent_max": 1.0, "floors_extent_std": 0.16277091092970541, "level_filled_area": 9060, "floors_filled_area_mean": 823.6363636363636, "floors_filled_area_min": 9, "floors_filled_area_max": 8970, "floors_filled_area_std": 2576.106373888077, "level_major_axis_length": 124.87239467813247, "floors_major_axis_length_mean": 14.120786082788857, "floors_major_axis_length_min": 3.265986323710904, "floors_major_axis_length_max": 122.6687836735684, "floors_major_axis_length_std": 34.325890783733314, "level_minor_axis_length": 114.91148692007509, "floors_minor_axis_length_mean": 13.414675318921626, "floors_minor_axis_length_min": 3.265986323710904, "floors_minor_axis_length_max": 114.90156527102883, "floors_minor_axis_length_std": 32.09297248955154, "level_orientation": -1.3058164619600077, "floors_orientation_mean": 0.6055484330086297, "floors_orientation_min": -1.1929488708795557, "floors_orientation_max": 0.7853981633974483, "floors_orientation_std": 0.568734784595867, "level_perimeter": 1723.9879861599297, "floors_perimeter_mean": 156.72618055999362, "floors_perimeter_min": 8.0, "floors_perimeter_max": 1643.9879861599297, "floors_perimeter_std": 470.3134782670365, "level_solidity": 0.5841313269493844, "floors_solidity_mean": 0.966853283568826, "floors_solidity_min": 0.635386119257087, "floors_solidity_max": 1.0, "floors_solidity_std": 0.10481912087823742, "level_hu_moment_0": 0.21075647525493174, "level_hu_moment_1": 0.0003055498694772911, "level_hu_moment_2": 0.0018803356246380797, "level_hu_moment_3": 1.0009918432652301e-05, "level_hu_moment_4": -1.3258567203440617e-09, "level_hu_moment_5": 1.503676158951676e-07, "level_hu_moment_6": 3.578269520677052e-10, "level_centroid_x": 75.06252927400469, "level_centroid_y": 67.20550351288057, "number_of_artifacts": 35, "number_of_powerups": 34, "number_of_weapons": 7, "number_of_ammunitions": 43, "number_of_keys": 2, "number_of_monsters": 103, "number_of_obstacles": 29, "number_of_decorations": 22, "walkable_area": 6389, "walkable_percentage": 0.7481264637002342, "start_location_x_px": 62, "start_location_y_px": 42, "artifacts_per_walkable_area": 0.00547816559712005, "powerups_per_walkable_area": 0.005321646580059477, "weapons_per_walkable_area": 0.0010956331194240101, "ammunitions_per_walkable_area": 0.006730317733604633, "keys_per_walkable_area": 0.0003130380341211457, "monsters_per_walkable_area": 0.016121458757239006, "obstacles_per_walkable_area": 0.004539051494756613, "decorations_per_walkable_area": 0.003443418375332603, "nodes": 89, "avg-path-length": 5.241049382716049, "diameter-mean": 13.0, "art-points": 13, "assortativity-mean": 0, "betw-cen": NaN, "closn-cen": NaN, "distmap-max": 24.08318915758459, "distmap-mean": -Infinity, "distmap-var": 0.0, "distmap-skew": 0, "distmap-kurt": 0.0, "distmap-Q1": 0.0005660048763497039, "distmap-Q2": 0.015216823406478583, "distmap-Q3": 0.043059909439219786, "path_wallmap": "DOOM_E3M5_wallmap.png", "path_heightmap": "DOOM_E3M5_heightmap.png", "path_triggermap": "DOOM_E3M5_triggermap.png", "path_thingsmap": "DOOM_E3M5_thingsmap.png", "path_floormap": "DOOM_E3M5_floormap.png", "path_roommap": "DOOM_E3M5_roommap.png", "slot": "E3M5", "path_json": "DOOM_E3M5.json"}