{"number_of_lines": 494, "number_of_things": 208, "number_of_sectors": 68, "number_of_subsectors": 287, "number_of_vertices": 531, "x_max": 2304, "y_max": 3456, "x_min": -568, "y_min": -896, "height": 4353, "width": 2873, "aspect_ratio": 1.5151409676296554, "floor_height_max": 256.0, "floor_height_min": 0.0, "floor_height_avg": 88.3529411764706, "ceiling_height_max": 272.0, "ceiling_height_min": 56.0, "ceiling_height_avg": 211.76470588235293, "room_height_max": 256.0, "room_height_min": 0.0, "room_height_avg": 123.41176470588235, "sector_area_max": 721120.0, "sector_area_min": 0.0, "sector_area_avg": 60578.82352941176, "lines_per_sector_max": 44.0, "lines_per_sector_min": 1.0, "lines_per_sector_avg": 9.191176470588236, "sector_aspect_ratio_max": 17.0, "sector_aspect_ratio_min": 1.0, "sector_aspect_ratio_avg": 2.08984138609306, "floors": 2, "level_area": 4439, "floors_area_mean": 2219.5, "floors_area_min": 206, "floors_area_max": 4233, "floors_area_std": 2013.5, "level_bbox_area": 12330, "level_convex_area": 8618, "floors_convex_area_mean": 4414.5, "floors_convex_area_min": 253, "floors_convex_area_max": 8576, "floors_convex_area_std": 4161.5, "level_eccentricity": 0.8573273028808102, "floors_eccentricity_mean": 0.9056481791396643, "floors_eccentricity_min": 0.8582626536572149, "floors_eccentricity_max": 0.9530337046221138, "floors_eccentricity_std": 0.04738552548244945, "level_equivalent_diameter": 75.17918820444517, "floors_equivalent_diameter_mean": 44.804669758983266, "floors_equivalent_diameter_min": 16.195287778099022, "floors_equivalent_diameter_max": 73.41405173986752, "floors_equivalent_diameter_std": 28.609381980884248, "level_euler_number": -28, "floors_euler_number_mean": -14.0, "floors_euler_number_min": -29, "floors_euler_number_max": 1, "floors_euler_number_std": 15.0, "level_extent": 0.3600162206001622, "floors_extent_mean": 0.4737072871402987, "floors_extent_min": 0.34330900243309004, "floors_extent_max": 0.6041055718475073, "floors_extent_std": 0.13039828470720866, "level_filled_area": 4746, "floors_filled_area_mean": 2373.0, "floors_filled_area_min": 206, "floors_filled_area_max": 4540, "floors_filled_area_std": 2167.0, "level_major_axis_length": 134.07120134099517, "floors_major_axis_length_mean": 81.11358938458753, "floors_major_axis_length_min": 30.58245827319881, "floors_major_axis_length_max": 131.64472049597623, "floors_major_axis_length_std": 50.53113111138871, "level_minor_axis_length": 69.0160592735417, "floors_minor_axis_length_mean": 38.411905984535885, "floors_minor_axis_length_min": 9.262333486296821, "floors_minor_axis_length_max": 67.56147848277494, "floors_minor_axis_length_std": 29.14957249823906, "level_orientation": -1.3076839423384476, "floors_orientation_mean": 0.07288106129009131, "floors_orientation_min": -1.3662894850951282, "floors_orientation_max": 1.5120516076753108, "floors_orientation_std": 1.4391705463852196, "level_perimeter": 1125.3128419472075, "floors_perimeter_mean": 562.6564209736038, "floors_perimeter_min": 74.45584412271572, "floors_perimeter_max": 1050.8569978244918, "floors_perimeter_std": 488.20057685088807, "level_solidity": 0.5150847064284056, "floors_solidity_mean": 0.6539080013716005, "floors_solidity_min": 0.4935867537313433, "floors_solidity_max": 0.8142292490118577, "floors_solidity_std": 0.16032124764025718, "level_hu_moment_0": 0.3201495757302699, "level_hu_moment_1": 0.03460336764820211, "level_hu_moment_2": 0.00013243371808261263, "level_hu_moment_3": 0.0003799518110577722, "level_hu_moment_4": -7.471607762688004e-08, "level_hu_moment_5": 7.023533258517115e-05, "level_hu_moment_6": -4.100788289862305e-08, "level_centroid_x": 47.59157467898175, "level_centroid_y": 61.22234737553503, "number_of_artifacts": 14, "number_of_powerups": 32, "number_of_weapons": 6, "number_of_ammunitions": 24, "number_of_keys": 1, "number_of_monsters": 80, "number_of_obstacles": 28, "number_of_decorations": 13, "walkable_area": 3207, "walkable_percentage": 0.7224600135165578, "start_location_x_px": 37, "start_location_y_px": 6, "artifacts_per_walkable_area": 0.004365450576863112, "powerups_per_walkable_area": 0.009978172747115684, "weapons_per_walkable_area": 0.0018709073900841909, "ammunitions_per_walkable_area": 0.007483629560336763, "keys_per_walkable_area": 0.0003118178983473651, "monsters_per_walkable_area": 0.024945431867789213, "obstacles_per_walkable_area": 0.008730901153726224, "decorations_per_walkable_area": 0.004053632678515747, "nodes": 51, "avg-path-length": 3.8319457292630283, "diameter-mean": 9.0, "art-points": 23, "assortativity-mean": 0.36605981794538334, "betw-cen": NaN, "closn-cen": NaN, "distmap-max": 9.486832980505138, "distmap-mean": -Infinity, "distmap-var": 0.0, "distmap-skew": 0, "distmap-kurt": 0.0, "distmap-Q1": 0.011880952380952383, "distmap-Q2": 0.07183673469387755, "distmap-Q3": 0.13721768707482992, "path_wallmap": "DOOM_E3M2_wallmap.png", "path_heightmap": "DOOM_E3M2_heightmap.png", "path_triggermap": "DOOM_E3M2_triggermap.png", "path_thingsmap": "DOOM_E3M2_thingsmap.png", "path_floormap": "DOOM_E3M2_floormap.png", "path_roommap": "DOOM_E3M2_roommap.png", "slot": "E3M2", "path_json": "DOOM_E3M2.json"}