{"number_of_lines": 1151, "number_of_things": 234, "number_of_sectors": 238, "number_of_subsectors": 579, "number_of_vertices": 1033, "x_max": 1696, "y_max": 1728, "x_min": -2112, "y_min": -672, "height": 2401, "width": 3809, "aspect_ratio": 1.5864223240316535, "floor_height_max": 160.0, "floor_height_min": -584.0, "floor_height_avg": -4.100840336134453, "ceiling_height_max": 272.0, "ceiling_height_min": -584.0, "ceiling_height_avg": 112.26470588235294, "room_height_max": 784.0, "room_height_min": 0.0, "room_height_avg": 116.3655462184874, "sector_area_max": 552960.0, "sector_area_min": 0.5, "sector_area_avg": 21323.806722689074, "lines_per_sector_max": 50.0, "lines_per_sector_min": 3.0, "lines_per_sector_avg": 6.983193277310924, "sector_aspect_ratio_max": 14.333333333333334, "sector_aspect_ratio_min": 1.0, "sector_aspect_ratio_avg": 2.85201344708693, "floors": 6, "level_area": 5369, "floors_area_mean": 894.8333333333334, "floors_area_min": 8, "floors_area_max": 5287, "floors_area_std": 1964.2598620232395, "level_bbox_area": 9120, "level_convex_area": 7137, "floors_convex_area_mean": 1203.1666666666667, "floors_convex_area_min": 8, "floors_convex_area_max": 7137, "floors_convex_area_std": 2653.7081236555678, "level_eccentricity": 0.8318788796629546, "floors_eccentricity_mean": 0.5107595267789682, "floors_eccentricity_min": 0.0, "floors_eccentricity_max": 0.9128709291752769, "floors_eccentricity_std": 0.37319567774758416, "level_equivalent_diameter": 82.68024622413196, "floors_equivalent_diameter_mean": 17.309118704731024, "floors_equivalent_diameter_min": 3.1915382432114616, "floors_equivalent_diameter_max": 82.04643485865066, "floors_equivalent_diameter_std": 28.978122706840622, "level_euler_number": -29, "floors_euler_number_mean": -4.833333333333333, "floors_euler_number_min": -34, "floors_euler_number_max": 1, "floors_euler_number_std": 13.043729868748775, "level_extent": 0.5887061403508772, "floors_extent_mean": 0.9114339668615985, "floors_extent_min": 0.5797149122807017, "floors_extent_max": 1.0, "floors_extent_std": 0.1537972586536841, "level_filled_area": 5773, "floors_filled_area_mean": 971.5, "floors_filled_area_min": 8, "floors_filled_area_max": 5747, "floors_filled_area_std": 2135.6898768313717, "level_major_axis_length": 124.11123335432401, "floors_major_axis_length_mean": 25.101955665724148, "floors_major_axis_length_min": 3.265986323710904, "floors_major_axis_length_max": 124.61565973178533, "floors_major_axis_length_std": 44.552865441438506, "level_minor_axis_length": 68.87642654720179, "floors_minor_axis_length_mean": 14.54807554043139, "floors_minor_axis_length_min": 2.7386127875258306, "floors_minor_axis_length_max": 69.09502723443741, "floors_minor_axis_length_std": 24.412236607034657, "level_orientation": -0.3172901094870651, "floors_orientation_mean": 0.33998784747530325, "floors_orientation_min": -0.31626740534052544, "floors_orientation_max": 0.7853981633974483, "floors_orientation_std": 0.45771633833990505, "level_perimeter": 1192.77878733769, "floors_perimeter_mean": 198.79646455628165, "floors_perimeter_min": 7.414213562373095, "floors_perimeter_max": 1133.3645737753168, "floors_perimeter_std": 417.9780739327507, "level_solidity": 0.7522768670309654, "floors_solidity_mean": 0.9567979076175798, "floors_solidity_min": 0.7407874457054785, "floors_solidity_max": 1.0, "floors_solidity_std": 0.09660281533731753, "level_hu_moment_0": 0.23453576525707248, "level_hu_moment_1": 0.01539777557862889, "level_hu_moment_2": 0.00011025280487814238, "level_hu_moment_3": 6.488429172023302e-05, "level_hu_moment_4": 5.280393395350334e-09, "level_hu_moment_5": 8.017480199762998e-06, "level_hu_moment_6": 1.4947283255498447e-09, "level_centroid_x": 61.39094803501583, "level_centroid_y": 38.19761594337866, "number_of_artifacts": 52, "number_of_powerups": 17, "number_of_weapons": 6, "number_of_ammunitions": 43, "number_of_keys": 3, "number_of_monsters": 78, "number_of_obstacles": 19, "number_of_decorations": 1, "walkable_area": 4050, "walkable_percentage": 0.7543304153473644, "start_location_x_px": 61, "start_location_y_px": 31, "artifacts_per_walkable_area": 0.012839506172839505, "powerups_per_walkable_area": 0.004197530864197531, "weapons_per_walkable_area": 0.0014814814814814814, "ammunitions_per_walkable_area": 0.010617283950617284, "keys_per_walkable_area": 0.0007407407407407407, "monsters_per_walkable_area": 0.01925925925925926, "obstacles_per_walkable_area": 0.004691358024691358, "decorations_per_walkable_area": 0.0002469135802469136, "nodes": 54, "avg-path-length": 2.426418439716312, "diameter-mean": 4.0, "art-points": 7, "assortativity-mean": 0, "betw-cen": NaN, "closn-cen": NaN, "distmap-max": 11.40175425099138, "distmap-mean": -Infinity, "distmap-var": 0.0, "distmap-skew": 0, "distmap-kurt": 0.0, "distmap-Q1": 0.0, "distmap-Q2": 0.014351371898541708, "distmap-Q3": 0.05258159686225723, "path_wallmap": "DoomZero_MAP08_wallmap.png", "path_heightmap": "DoomZero_MAP08_heightmap.png", "path_triggermap": "DoomZero_MAP08_triggermap.png", "path_thingsmap": "DoomZero_MAP08_thingsmap.png", "path_floormap": "DoomZero_MAP08_floormap.png", "path_roommap": "DoomZero_MAP08_roommap.png", "slot": "MAP08", "path_json": "DoomZero_MAP08.json"}