{"number_of_lines": 848, "number_of_things": 147, "number_of_sectors": 118, "number_of_subsectors": 506, "number_of_vertices": 852, "x_max": 512, "y_max": 2724, "x_min": -2390, "y_min": -2023, "height": 4748, "width": 2903, "aspect_ratio": 1.6355494316224595, "floor_height_max": 251.0, "floor_height_min": -69.0, "floor_height_avg": 142.90677966101694, "ceiling_height_max": 1027.0, "ceiling_height_min": 155.0, "ceiling_height_avg": 381.22033898305085, "room_height_max": 1024.0, "room_height_min": 0.0, "room_height_avg": 238.3135593220339, "sector_area_max": 1243607.5, "sector_area_min": 7.5, "sector_area_avg": 48465.21610169492, "lines_per_sector_max": 86.0, "lines_per_sector_min": 3.0, "lines_per_sector_avg": 10.711864406779661, "sector_aspect_ratio_max": 64.5, "sector_aspect_ratio_min": 1.0, "sector_aspect_ratio_avg": 4.289267065093654, "floors": 2, "level_area": 5879, "floors_area_mean": 2939.5, "floors_area_min": 1134, "floors_area_max": 4745, "floors_area_std": 1805.5, "level_bbox_area": 13559, "level_convex_area": 10285, "floors_convex_area_mean": 5481.0, "floors_convex_area_min": 1416, "floors_convex_area_max": 9546, "floors_convex_area_std": 4065.0, "level_eccentricity": 0.8387261807889987, "floors_eccentricity_mean": 0.7881145962886446, "floors_eccentricity_min": 0.6551553947719204, "floors_eccentricity_max": 0.9210737978053687, "floors_eccentricity_std": 0.13295920151672413, "level_equivalent_diameter": 86.51806333649651, "floors_equivalent_diameter_mean": 57.86265003500543, "floors_equivalent_diameter_min": 37.99807421080277, "floors_equivalent_diameter_max": 77.72722585920809, "floors_equivalent_diameter_std": 19.86457582420266, "level_euler_number": -9, "floors_euler_number_mean": -4.5, "floors_euler_number_min": -7, "floors_euler_number_max": -2, "floors_euler_number_std": 2.5, "level_extent": 0.4335865476805074, "floors_extent_mean": 0.4892775827871588, "floors_extent_min": 0.34995206136145734, "floors_extent_max": 0.6286031042128604, "floors_extent_std": 0.1393255214257015, "level_filled_area": 6437, "floors_filled_area_mean": 3218.5, "floors_filled_area_min": 1137, "floors_filled_area_max": 5300, "floors_filled_area_std": 2081.5, "level_major_axis_length": 151.69384281873351, "floors_major_axis_length_mean": 105.62788696453327, "floors_major_axis_length_min": 46.63394349973898, "floors_major_axis_length_max": 164.62183042932756, "floors_major_axis_length_std": 58.99394346479429, "level_minor_axis_length": 82.60539622352002, "floors_minor_axis_length_mean": 49.666723074040675, "floors_minor_axis_length_min": 35.23167144428241, "floors_minor_axis_length_max": 64.10177470379894, "floors_minor_axis_length_std": 14.435051629758263, "level_orientation": -1.557083220495833, "floors_orientation_mean": 0.1855483829240756, "floors_orientation_min": -1.1187113222275653, "floors_orientation_max": 1.4898080880757165, "floors_orientation_std": 1.304259705151641, "level_perimeter": 1133.8153672641492, "floors_perimeter_mean": 566.9076836320746, "floors_perimeter_min": 192.58073580374355, "floors_perimeter_max": 941.2346314604056, "floors_perimeter_std": 374.326947828331, "level_solidity": 0.5716091395235781, "floors_solidity_mean": 0.6489571459516277, "floors_solidity_min": 0.4970668342761366, "floors_solidity_max": 0.8008474576271186, "floors_solidity_std": 0.151890311675491, "level_hu_moment_0": 0.31717419453095086, "level_hu_moment_1": 0.029614590140859126, "level_hu_moment_2": 0.008874825686200682, "level_hu_moment_3": 0.0009502462188176419, "level_hu_moment_4": 2.3036604607125616e-06, "level_hu_moment_5": 7.816652473008161e-05, "level_hu_moment_6": -1.5192498080015702e-06, "level_centroid_x": 39.9237965640415, "level_centroid_y": 70.20037421330159, "number_of_artifacts": 3, "number_of_powerups": 1, "number_of_weapons": 4, "number_of_ammunitions": 17, "number_of_keys": 2, "number_of_monsters": 31, "number_of_obstacles": 68, "number_of_decorations": 2, "walkable_area": 4713, "walkable_percentage": 0.8016669501615921, "start_location_x_px": 10, "start_location_y_px": 83, "artifacts_per_walkable_area": 0.0006365372374283895, "powerups_per_walkable_area": 0.0002121790791427965, "weapons_per_walkable_area": 0.000848716316571186, "ammunitions_per_walkable_area": 0.003607044345427541, "keys_per_walkable_area": 0.000424358158285593, "monsters_per_walkable_area": 0.006577551453426692, "obstacles_per_walkable_area": 0.014428177381710164, "decorations_per_walkable_area": 0.000424358158285593, "nodes": 43, "avg-path-length": 3.622560975609756, "diameter-mean": 9.0, "art-points": 14, "assortativity-mean": 0.0866965620328862, "betw-cen": NaN, "closn-cen": NaN, "distmap-max": 15.524174696260024, "distmap-mean": -Infinity, "distmap-var": 0.0, "distmap-skew": 0, "distmap-kurt": 0.0, "distmap-Q1": 0.019744483159117296, "distmap-Q2": 0.053039101819589575, "distmap-Q3": 0.1669570267131243, "path_wallmap": "DoomZero_MAP29_wallmap.png", "path_heightmap": "DoomZero_MAP29_heightmap.png", "path_triggermap": "DoomZero_MAP29_triggermap.png", "path_thingsmap": "DoomZero_MAP29_thingsmap.png", "path_floormap": "DoomZero_MAP29_floormap.png", "path_roommap": "DoomZero_MAP29_roommap.png", "slot": "MAP29", "path_json": "DoomZero_MAP29.json"}