{"number_of_lines": 1854, "number_of_things": 509, "number_of_sectors": 288, "number_of_subsectors": 1317, "number_of_vertices": 2002, "x_max": 3844, "y_max": 2176, "x_min": -2474, "y_min": -3648, "height": 5825, "width": 6319, "aspect_ratio": 1.0848068669527897, "floor_height_max": 184.0, "floor_height_min": -1388.0, "floor_height_avg": -24.45138888888889, "ceiling_height_max": 504.0, "ceiling_height_min": -1388.0, "ceiling_height_avg": 145.83333333333334, "room_height_max": 1636.0, "room_height_min": 0.0, "room_height_avg": 170.28472222222223, "sector_area_max": 1021936.0, "sector_area_min": 4.5, "sector_area_avg": 40930.25, "lines_per_sector_max": 183.0, "lines_per_sector_min": 3.0, "lines_per_sector_avg": 9.89236111111111, "sector_aspect_ratio_max": 32.5, "sector_aspect_ratio_min": 1.0, "sector_aspect_ratio_avg": 2.904556231841678, "floors": 6, "level_area": 12552, "floors_area_mean": 2092.0, "floors_area_min": 9, "floors_area_max": 11953, "floors_area_std": 4410.969319019725, "level_bbox_area": 35685, "level_convex_area": 24805, "floors_convex_area_mean": 4030.5, "floors_convex_area_min": 9, "floors_convex_area_max": 23408, "floors_convex_area_std": 8666.626424586058, "level_eccentricity": 0.4889352388436449, "floors_eccentricity_mean": 0.6262356521447826, "floors_eccentricity_min": 0.0, "floors_eccentricity_max": 0.9098797143854629, "floors_eccentricity_std": 0.3280076761173153, "level_equivalent_diameter": 126.41875954744914, "floors_equivalent_diameter_mean": 29.62425732996628, "floors_equivalent_diameter_min": 3.385137501286538, "floors_equivalent_diameter_max": 123.36544199336944, "floors_equivalent_diameter_std": 42.261335819326625, "level_euler_number": -30, "floors_euler_number_mean": -5.0, "floors_euler_number_min": -35, "floors_euler_number_max": 1, "floors_euler_number_std": 13.416407864998739, "level_extent": 0.351744430432955, "floors_extent_mean": 0.620385841353531, "floors_extent_min": 0.25862068965517243, "floors_extent_max": 1.0, "floors_extent_std": 0.24784675239548434, "level_filled_area": 13389, "floors_filled_area_mean": 2233.0, "floors_filled_area_min": 9, "floors_filled_area_max": 12799, "floors_filled_area_std": 4726.188457238383, "level_major_axis_length": 181.0595006259826, "floors_major_axis_length_mean": 42.9050526693271, "floors_major_axis_length_min": 3.265986323710904, "floors_major_axis_length_max": 174.6899646608209, "floors_major_axis_length_std": 59.622239022832716, "level_minor_axis_length": 157.94183913412047, "floors_minor_axis_length_mean": 34.07694773210715, "floors_minor_axis_length_min": 3.265986323710904, "floors_minor_axis_length_max": 159.35190152110007, "floors_minor_axis_length_std": 56.19697166369873, "level_orientation": 0.6639212691736868, "floors_orientation_mean": 0.5268445955714746, "floors_orientation_min": -0.2286665559932048, "floors_orientation_max": 1.1778276597446067, "floors_orientation_std": 0.47219455754204176, "level_perimeter": 2391.6073939311855, "floors_perimeter_mean": 398.60123232186425, "floors_perimeter_min": 8.0, "floors_perimeter_max": 2166.7606768432097, "floors_perimeter_std": 791.1743139401232, "level_solidity": 0.50602701068333, "floors_solidity_mean": 0.7782323274138044, "floors_solidity_min": 0.5106373889268626, "floors_solidity_max": 1.0, "floors_solidity_std": 0.19206450371550443, "level_hu_moment_0": 0.2874450651091389, "level_hu_moment_1": 0.001522736657970533, "level_hu_moment_2": 0.007220380190627101, "level_hu_moment_3": 0.0005099606465702819, "level_hu_moment_4": -6.436597899458011e-07, "level_hu_moment_5": -1.884328836380621e-06, "level_hu_moment_6": 7.37069213095367e-07, "level_centroid_x": 99.56086679413639, "level_centroid_y": 112.41905672402804, "number_of_artifacts": 88, "number_of_powerups": 29, "number_of_weapons": 9, "number_of_ammunitions": 153, "number_of_keys": 3, "number_of_monsters": 141, "number_of_obstacles": 68, "number_of_decorations": 9, "walkable_area": 10417, "walkable_percentage": 0.8299075844486934, "start_location_x_px": 107, "start_location_y_px": 50, "artifacts_per_walkable_area": 0.008447729672650475, "powerups_per_walkable_area": 0.002783910914850725, "weapons_per_walkable_area": 0.0008639723528847077, "ammunitions_per_walkable_area": 0.01468752999904003, "keys_per_walkable_area": 0.0002879907842949026, "monsters_per_walkable_area": 0.01353556686186042, "obstacles_per_walkable_area": 0.006527791110684458, "decorations_per_walkable_area": 0.0008639723528847077, "nodes": 86, "avg-path-length": 3.838138138138138, "diameter-mean": 10.333333333333334, "art-points": 30, "assortativity-mean": 0, "betw-cen": NaN, "closn-cen": NaN, "distmap-max": 19.026297590440446, "distmap-mean": -Infinity, "distmap-var": 0.0, "distmap-skew": 0, "distmap-kurt": 0.0, "distmap-Q1": 0.0010854341736694676, "distmap-Q2": 0.04362278244631186, "distmap-Q3": 0.10377713585434173, "path_wallmap": "DoomZero_MAP22_wallmap.png", "path_heightmap": "DoomZero_MAP22_heightmap.png", "path_triggermap": "DoomZero_MAP22_triggermap.png", "path_thingsmap": "DoomZero_MAP22_thingsmap.png", "path_floormap": "DoomZero_MAP22_floormap.png", "path_roommap": "DoomZero_MAP22_roommap.png", "slot": "MAP22", "path_json": "DoomZero_MAP22.json"}