{"number_of_lines": 1068, "number_of_things": 267, "number_of_sectors": 170, "number_of_subsectors": 674, "number_of_vertices": 1044, "x_max": 2720, "y_max": 2064, "x_min": -1280, "y_min": -1376, "height": 3441, "width": 4001, "aspect_ratio": 1.1627433885498402, "floor_height_max": 208.0, "floor_height_min": -448.0, "floor_height_avg": -111.97647058823529, "ceiling_height_max": 256.0, "ceiling_height_min": -384.0, "ceiling_height_avg": 28.658823529411766, "room_height_max": 384.0, "room_height_min": 0.0, "room_height_avg": 140.63529411764705, "sector_area_max": 528896.0, "sector_area_min": 512.0, "sector_area_avg": 41577.41176470588, "lines_per_sector_max": 83.0, "lines_per_sector_min": 4.0, "lines_per_sector_avg": 10.029411764705882, "sector_aspect_ratio_max": 46.1764705882353, "sector_aspect_ratio_min": 1.0, "sector_aspect_ratio_avg": 3.135003781102526, "floors": 2, "level_area": 7462, "floors_area_mean": 3731.0, "floors_area_min": 26, "floors_area_max": 7436, "floors_area_std": 3705.0, "level_bbox_area": 13608, "level_convex_area": 10448, "floors_convex_area_mean": 5237.0, "floors_convex_area_min": 26, "floors_convex_area_max": 10448, "floors_convex_area_std": 5211.0, "level_eccentricity": 0.6549580605075697, "floors_eccentricity_mean": 0.8229663415984418, "floors_eccentricity_min": 0.6549014742317688, "floors_eccentricity_max": 0.9910312089651149, "floors_eccentricity_std": 0.16806486736667303, "level_equivalent_diameter": 97.47262940340629, "floors_equivalent_diameter_mean": 51.52814783650001, "floors_equivalent_diameter_min": 5.753627391751592, "floors_equivalent_diameter_max": 97.30266828124843, "floors_equivalent_diameter_std": 45.77452044474842, "level_euler_number": -18, "floors_euler_number_mean": -9.0, "floors_euler_number_min": -19, "floors_euler_number_max": 1, "floors_euler_number_std": 10.0, "level_extent": 0.5483539094650206, "floors_extent_mean": 0.7732216343327454, "floors_extent_min": 0.5464432686654909, "floors_extent_max": 1.0, "floors_extent_std": 0.22677836566725457, "level_filled_area": 8126, "floors_filled_area_mean": 4076.0, "floors_filled_area_min": 26, "floors_filled_area_max": 8126, "floors_filled_area_std": 4050.0, "level_major_axis_length": 130.71558937676164, "floors_major_axis_length_mean": 72.9248671557385, "floors_major_axis_length_min": 14.966629547095765, "floors_major_axis_length_max": 130.88310476438122, "floors_major_axis_length_std": 57.958237608642726, "level_minor_axis_length": 98.777225837045, "floors_minor_axis_length_mean": 50.4551150367208, "floors_minor_axis_length_min": 2.0, "floors_minor_axis_length_max": 98.9102300734416, "floors_minor_axis_length_std": 48.4551150367208, "level_orientation": 0.6091290040653666, "floors_orientation_mean": 0.3038555608946932, "floors_orientation_min": 0.0, "floors_orientation_max": 0.6077111217893864, "floors_orientation_std": 0.3038555608946932, "level_perimeter": 1188.6660889654818, "floors_perimeter_mean": 594.3330444827409, "floors_perimeter_min": 26.0, "floors_perimeter_max": 1162.6660889654818, "floors_perimeter_std": 568.3330444827409, "level_solidity": 0.7142036753445635, "floors_solidity_mean": 0.8558575803981623, "floors_solidity_min": 0.7117151607963247, "floors_solidity_max": 1.0, "floors_solidity_std": 0.14414241960183766, "level_hu_moment_0": 0.2248350446443375, "level_hu_moment_1": 0.0037688864425267435, "level_hu_moment_2": 0.0015212949379339218, "level_hu_moment_3": 3.8131591513307836e-05, "level_hu_moment_4": 8.830715497658555e-09, "level_hu_moment_5": 2.061749447639059e-06, "level_hu_moment_6": 2.5229322537260607e-09, "level_centroid_x": 62.954435808094345, "level_centroid_y": 51.48338247118735, "number_of_artifacts": 29, "number_of_powerups": 20, "number_of_weapons": 8, "number_of_ammunitions": 37, "number_of_keys": 3, "number_of_monsters": 92, "number_of_obstacles": 58, "number_of_decorations": 6, "walkable_area": 6364, "walkable_percentage": 0.8528544626105602, "start_location_x_px": 16, "start_location_y_px": 37, "artifacts_per_walkable_area": 0.004556882463859208, "powerups_per_walkable_area": 0.0031426775612822125, "weapons_per_walkable_area": 0.001257071024512885, "ammunitions_per_walkable_area": 0.005813953488372093, "keys_per_walkable_area": 0.0004714016341923319, "monsters_per_walkable_area": 0.014456316781898177, "obstacles_per_walkable_area": 0.009113764927718416, "decorations_per_walkable_area": 0.0009428032683846638, "nodes": 42, "avg-path-length": 3.315552394499763, "diameter-mean": 7.0, "art-points": 6, "assortativity-mean": 0.31180250253635416, "betw-cen": NaN, "closn-cen": NaN, "distmap-max": 22.20360331117452, "distmap-mean": -Infinity, "distmap-var": 0.0, "distmap-skew": 0, "distmap-kurt": 0.0, "distmap-Q1": 0.0029936120789779324, "distmap-Q2": 0.06298806884172736, "distmap-Q3": 0.10842473075704781, "path_wallmap": "DOOM_E4M5_wallmap.png", "path_heightmap": "DOOM_E4M5_heightmap.png", "path_triggermap": "DOOM_E4M5_triggermap.png", "path_thingsmap": "DOOM_E4M5_thingsmap.png", "path_floormap": "DOOM_E4M5_floormap.png", "path_roommap": "DOOM_E4M5_roommap.png", "slot": "E4M5", "path_json": "DOOM_E4M5.json"}