{"number_of_lines": 1644, "number_of_things": 247, "number_of_sectors": 248, "number_of_subsectors": 956, "number_of_vertices": 1565, "x_max": 1288, "y_max": 2464, "x_min": -1008, "y_min": -2112, "height": 4577, "width": 2297, "aspect_ratio": 1.9925990422289943, "floor_height_max": 240.0, "floor_height_min": -64.0, "floor_height_avg": 59.096774193548384, "ceiling_height_max": 384.0, "ceiling_height_min": 0.0, "ceiling_height_avg": 191.09677419354838, "room_height_max": 384.0, "room_height_min": 0.0, "room_height_avg": 132.0, "sector_area_max": 1109376.0, "sector_area_min": 0.0, "sector_area_avg": 30097.16129032258, "lines_per_sector_max": 122.0, "lines_per_sector_min": 3.0, "lines_per_sector_avg": 9.745967741935484, "sector_aspect_ratio_max": 18.88235294117647, "sector_aspect_ratio_min": 1.0, "sector_aspect_ratio_avg": 3.4084923877281197, "floors": 2, "level_area": 6766, "floors_area_mean": 3383.0, "floors_area_min": 10, "floors_area_max": 6756, "floors_area_std": 3373.0, "level_bbox_area": 10080, "level_convex_area": 8708, "floors_convex_area_mean": 4359.0, "floors_convex_area_min": 10, "floors_convex_area_max": 8708, "floors_convex_area_std": 4349.0, "level_eccentricity": 0.8926432448241339, "floors_eccentricity_mean": 0.9140124449543594, "floors_eccentricity_min": 0.8926105432152335, "floors_eccentricity_max": 0.9354143466934853, "floors_eccentricity_std": 0.021401901739125928, "level_equivalent_diameter": 92.81561700316446, "floors_equivalent_diameter_mean": 48.15762507367904, "floors_equivalent_diameter_min": 3.5682482323055424, "floors_equivalent_diameter_max": 92.74700191505254, "floors_equivalent_diameter_std": 44.58937684137349, "level_euler_number": -3, "floors_euler_number_mean": -1.5, "floors_euler_number_min": -4, "floors_euler_number_max": 1, "floors_euler_number_std": 2.5, "level_extent": 0.6712301587301587, "floors_extent_mean": 0.8351190476190475, "floors_extent_min": 0.6702380952380952, "floors_extent_max": 1.0, "floors_extent_std": 0.1648809523809524, "level_filled_area": 6880, "floors_filled_area_mean": 3440.0, "floors_filled_area_min": 10, "floors_filled_area_max": 6870, "floors_filled_area_std": 3430.0, "level_major_axis_length": 151.33641862533588, "floors_major_axis_length_mean": 78.54121432081517, "floors_major_axis_length_min": 5.656854249492381, "floors_major_axis_length_max": 151.42557439213797, "floors_major_axis_length_std": 72.8843600713228, "level_minor_axis_length": 68.21698485874188, "floors_minor_axis_length_mean": 35.13348914524473, "floors_minor_axis_length_min": 2.0, "floors_minor_axis_length_max": 68.26697829048946, "floors_minor_axis_length_std": 33.13348914524473, "level_orientation": 1.5508268979587212, "floors_orientation_mean": 0.7754039937508503, "floors_orientation_min": 0.0, "floors_orientation_max": 1.5508079875017007, "floors_orientation_std": 0.7754039937508503, "level_perimeter": 926.1269837220809, "floors_perimeter_mean": 463.06349186104046, "floors_perimeter_min": 10.0, "floors_perimeter_max": 916.1269837220809, "floors_perimeter_std": 453.06349186104046, "level_solidity": 0.7769866789159394, "floors_solidity_mean": 0.8879191548001837, "floors_solidity_min": 0.7758383096003675, "floors_solidity_max": 1.0, "floors_solidity_std": 0.11208084519981626, "level_hu_moment_0": 0.2545472641291081, "level_hu_moment_1": 0.02841721725452213, "level_hu_moment_2": 0.0002282773756914908, "level_hu_moment_3": 0.00012301630662140146, "level_hu_moment_4": 1.9729985390345936e-08, "level_hu_moment_5": 1.9417279441593475e-05, "level_hu_moment_6": -5.974151339043995e-09, "level_centroid_x": 34.48477682530299, "level_centroid_y": 71.57123854566953, "number_of_artifacts": 15, "number_of_powerups": 19, "number_of_weapons": 8, "number_of_ammunitions": 29, "number_of_keys": 0, "number_of_monsters": 100, "number_of_obstacles": 56, "number_of_decorations": 2, "walkable_area": 5709, "walkable_percentage": 0.8437777120898611, "start_location_x_px": 9, "start_location_y_px": 104, "artifacts_per_walkable_area": 0.002627430373095113, "powerups_per_walkable_area": 0.003328078472587143, "weapons_per_walkable_area": 0.0014012961989840604, "ammunitions_per_walkable_area": 0.005079698721317218, "keys_per_walkable_area": 0.0, "monsters_per_walkable_area": 0.017516202487300753, "obstacles_per_walkable_area": 0.009809073392888421, "decorations_per_walkable_area": 0.0003503240497460151, "nodes": 28, "avg-path-length": 6.1082621082621085, "diameter-mean": 15.0, "art-points": 17, "assortativity-mean": 0, "betw-cen": NaN, "closn-cen": NaN, "distmap-max": 23.0, "distmap-mean": -Infinity, "distmap-var": 0.0, "distmap-skew": 0, "distmap-kurt": 0.0, "distmap-Q1": 0.0, "distmap-Q2": 0.13817663817663817, "distmap-Q3": 0.3433048433048433, "path_wallmap": "DOOM_E4M9_wallmap.png", "path_heightmap": "DOOM_E4M9_heightmap.png", "path_triggermap": "DOOM_E4M9_triggermap.png", "path_thingsmap": "DOOM_E4M9_thingsmap.png", "path_floormap": "DOOM_E4M9_floormap.png", "path_roommap": "DOOM_E4M9_roommap.png", "slot": "E4M9", "path_json": "DOOM_E4M9.json"}