{"number_of_lines": 1558, "number_of_things": 557, "number_of_sectors": 248, "number_of_subsectors": 1003, "number_of_vertices": 1548, "x_max": 288, "y_max": 7136, "x_min": -3872, "y_min": -1408, "height": 8545, "width": 4161, "aspect_ratio": 2.0535928863254025, "floor_height_max": 192.0, "floor_height_min": -416.0, "floor_height_avg": -160.71370967741936, "ceiling_height_max": 928.0, "ceiling_height_min": -392.0, "ceiling_height_avg": 43.20564516129032, "room_height_max": 1320.0, "room_height_min": 0.0, "room_height_avg": 203.91935483870967, "sector_area_max": 2226424.0, "sector_area_min": 2.0, "sector_area_avg": 54429.0745967742, "lines_per_sector_max": 122.0, "lines_per_sector_min": 3.0, "lines_per_sector_avg": 9.641129032258064, "sector_aspect_ratio_max": 96.5, "sector_aspect_ratio_min": 1.0, "sector_aspect_ratio_avg": 3.333474290375863, "floors": 2, "level_area": 13503, "floors_area_mean": 6751.5, "floors_area_min": 42, "floors_area_max": 13461, "floors_area_std": 6709.5, "level_bbox_area": 35108, "level_convex_area": 24108, "floors_convex_area_mean": 11984.5, "floors_convex_area_min": 44, "floors_convex_area_max": 23925, "floors_convex_area_std": 11940.5, "level_eccentricity": 0.9228755064921501, "floors_eccentricity_mean": 0.8067314457958044, "floors_eccentricity_min": 0.6898350371630251, "floors_eccentricity_max": 0.9236278544285835, "floors_eccentricity_std": 0.11689640863277923, "level_equivalent_diameter": 131.12037817425215, "floors_equivalent_diameter_mean": 69.11451621619267, "floors_equivalent_diameter_min": 7.312732791431452, "floors_equivalent_diameter_max": 130.9162996409539, "floors_equivalent_diameter_std": 61.801783424761226, "level_euler_number": -37, "floors_euler_number_mean": -18.5, "floors_euler_number_min": -38, "floors_euler_number_max": 1, "floors_euler_number_std": 19.5, "level_extent": 0.38461319357411416, "floors_extent_mean": 0.6292084425202233, "floors_extent_min": 0.38341688504044663, "floors_extent_max": 0.875, "floors_extent_std": 0.24579155747977668, "level_filled_area": 15322, "floors_filled_area_mean": 7661.0, "floors_filled_area_min": 42, "floors_filled_area_max": 15280, "floors_filled_area_std": 7619.0, "level_major_axis_length": 276.5915467045817, "floors_major_axis_length_mean": 142.48090151628443, "floors_major_axis_length_min": 8.557728211147488, "floors_major_axis_length_max": 276.4040748214214, "floors_major_axis_length_std": 133.92317330513694, "level_minor_axis_length": 106.51496993054897, "floors_minor_axis_length_mean": 56.06927890813336, "floors_minor_axis_length_min": 6.195509299741067, "floors_minor_axis_length_max": 105.94304851652566, "floors_minor_axis_length_std": 49.8737696083923, "level_orientation": -1.5395413614827174, "floors_orientation_mean": -0.70234503769615, "floors_orientation_min": -1.543089154708295, "floors_orientation_max": 0.13839907931599507, "floors_orientation_std": 0.840744117012145, "level_perimeter": 2235.7007563196375, "floors_perimeter_mean": 1117.8503781598188, "floors_perimeter_min": 21.65685424949238, "floors_perimeter_max": 2214.043902070145, "floors_perimeter_std": 1096.1935239103263, "level_solidity": 0.5601045296167247, "floors_solidity_mean": 0.75858934169279, "floors_solidity_min": 0.5626332288401253, "floors_solidity_max": 0.9545454545454546, "floors_solidity_std": 0.19595611285266462, "level_hu_moment_0": 0.4066148380347819, "level_hu_moment_1": 0.09095521192653276, "level_hu_moment_2": 0.004338367414776342, "level_hu_moment_3": 0.00038149361798114456, "level_hu_moment_4": -3.812585954837949e-07, "level_hu_moment_5": -7.125128737837362e-05, "level_hu_moment_6": 3.0905485748380856e-07, "level_centroid_x": 61.15204028734355, "level_centroid_y": 124.48529956306007, "number_of_artifacts": 117, "number_of_powerups": 31, "number_of_weapons": 6, "number_of_ammunitions": 86, "number_of_keys": 0, "number_of_monsters": 157, "number_of_obstacles": 137, "number_of_decorations": 0, "walkable_area": 11346, "walkable_percentage": 0.8402577205065541, "start_location_x_px": 118, "start_location_y_px": 43, "artifacts_per_walkable_area": 0.010312004230565839, "powerups_per_walkable_area": 0.00273224043715847, "weapons_per_walkable_area": 0.0005288207297726071, "ammunitions_per_walkable_area": 0.007579763793407368, "keys_per_walkable_area": 0.0, "monsters_per_walkable_area": 0.01383747576238322, "obstacles_per_walkable_area": 0.012074739996474529, "decorations_per_walkable_area": 0.0, "nodes": 95, "avg-path-length": 9.21459620224205, "diameter-mean": 25.0, "art-points": 17, "assortativity-mean": 0, "betw-cen": NaN, "closn-cen": NaN, "distmap-max": 25.632011235952593, "distmap-mean": -Infinity, "distmap-var": 0.0, "distmap-skew": 0, "distmap-kurt": 0.0, "distmap-Q1": 0.009340921223213606, "distmap-Q2": 0.0348713381486202, "distmap-Q3": 0.07969286204529856, "path_wallmap": "DoomZero_MAP16_wallmap.png", "path_heightmap": "DoomZero_MAP16_heightmap.png", "path_triggermap": "DoomZero_MAP16_triggermap.png", "path_thingsmap": "DoomZero_MAP16_thingsmap.png", "path_floormap": "DoomZero_MAP16_floormap.png", "path_roommap": "DoomZero_MAP16_roommap.png", "slot": "MAP16", "path_json": "DoomZero_MAP16.json"}