{"number_of_lines": 1117, "number_of_things": 265, "number_of_sectors": 205, "number_of_subsectors": 497, "number_of_vertices": 1054, "x_max": 2880, "y_max": 768, "x_min": -1024, "y_min": -3008, "height": 3777, "width": 3905, "aspect_ratio": 1.0338893301562087, "floor_height_max": 592.0, "floor_height_min": -112.0, "floor_height_avg": 139.0829268292683, "ceiling_height_max": 624.0, "ceiling_height_min": -48.0, "ceiling_height_avg": 278.2048780487805, "room_height_max": 264.0, "room_height_min": 0.0, "room_height_avg": 139.1219512195122, "sector_area_max": 1228800.0, "sector_area_min": 256.0, "sector_area_avg": 48251.785365853655, "lines_per_sector_max": 56.0, "lines_per_sector_min": 4.0, "lines_per_sector_avg": 7.019512195121951, "sector_aspect_ratio_max": 14.333333333333334, "sector_aspect_ratio_min": 1.0, "sector_aspect_ratio_avg": 2.3313939680995843, "floors": 1, "level_area": 10551, "floors_area_mean": 10551.0, "floors_area_min": 10551, "floors_area_max": 10551, "floors_area_std": 0.0, "level_bbox_area": 14637, "level_convex_area": 14127, "floors_convex_area_mean": 14127.0, "floors_convex_area_min": 14127, "floors_convex_area_max": 14127, "floors_convex_area_std": 0.0, "level_eccentricity": 0.4009002666530207, "floors_eccentricity_mean": 0.4009002666530207, "floors_eccentricity_min": 0.4009002666530207, "floors_eccentricity_max": 0.4009002666530207, "floors_eccentricity_std": 0.0, "level_equivalent_diameter": 115.90491981145883, "floors_equivalent_diameter_mean": 115.90491981145883, "floors_equivalent_diameter_min": 115.90491981145883, "floors_equivalent_diameter_max": 115.90491981145883, "floors_equivalent_diameter_std": 0.0, "level_euler_number": -58, "floors_euler_number_mean": -58.0, "floors_euler_number_min": -58, "floors_euler_number_max": -58, "floors_euler_number_std": 0.0, "level_extent": 0.7208444353351097, "floors_extent_mean": 0.7208444353351097, "floors_extent_min": 0.7208444353351097, "floors_extent_max": 0.7208444353351097, "floors_extent_std": 0.0, "level_filled_area": 12695, "floors_filled_area_mean": 12695.0, "floors_filled_area_min": 12695, "floors_filled_area_max": 12695, "floors_filled_area_std": 0.0, "level_major_axis_length": 140.9276585813378, "floors_major_axis_length_mean": 140.9276585813378, "floors_major_axis_length_min": 140.9276585813378, "floors_major_axis_length_max": 140.9276585813378, "floors_major_axis_length_std": 0.0, "level_minor_axis_length": 129.10688669393522, "floors_minor_axis_length_mean": 129.10688669393522, "floors_minor_axis_length_min": 129.10688669393522, "floors_minor_axis_length_max": 129.10688669393522, "floors_minor_axis_length_std": 0.0, "level_orientation": 0.09715397050438922, "floors_orientation_mean": 0.09715397050438922, "floors_orientation_min": 0.09715397050438922, "floors_orientation_max": 0.09715397050438922, "floors_orientation_std": 0.0, "level_perimeter": 2253.349421873667, "floors_perimeter_mean": 2253.349421873667, "floors_perimeter_min": 2253.349421873667, "floors_perimeter_max": 2253.349421873667, "floors_perimeter_std": 0.0, "level_solidity": 0.7468677001486516, "floors_solidity_mean": 0.7468677001486516, "floors_solidity_min": 0.7468677001486516, "floors_solidity_max": 0.7468677001486516, "floors_solidity_std": 0.0, "level_hu_moment_0": 0.21638466226553607, "level_hu_moment_1": 0.0003575222830686729, "level_hu_moment_2": 2.8119701398238612e-05, "level_hu_moment_3": 4.4705137764338e-06, "level_hu_moment_4": 4.58007074006641e-11, "level_hu_moment_5": -1.7509633902425218e-08, "level_hu_moment_6": 2.0363247210697134e-11, "level_centroid_x": 61.12396929201024, "level_centroid_y": 57.72827220168704, "number_of_artifacts": 47, "number_of_powerups": 33, "number_of_weapons": 4, "number_of_ammunitions": 29, "number_of_keys": 2, "number_of_monsters": 88, "number_of_obstacles": 31, "number_of_decorations": 15, "walkable_area": 7716, "walkable_percentage": 0.7313050895649701, "start_location_x_px": 5, "start_location_y_px": 11, "artifacts_per_walkable_area": 0.0060912389839294975, "powerups_per_walkable_area": 0.0042768273716951785, "weapons_per_walkable_area": 0.0005184033177812338, "ammunitions_per_walkable_area": 0.003758424053913945, "keys_per_walkable_area": 0.0002592016588906169, "monsters_per_walkable_area": 0.011404872991187144, "obstacles_per_walkable_area": 0.004017625712804562, "decorations_per_walkable_area": 0.0019440124416796269, "nodes": 132, "avg-path-length": 8.430719407818644, "diameter-mean": 20.0, "art-points": 4, "assortativity-mean": 0.024404851025603518, "betw-cen": NaN, "closn-cen": NaN, "distmap-max": 17.46424919657298, "distmap-mean": -Infinity, "distmap-var": 0.0, "distmap-skew": 0, "distmap-kurt": 0.0, "distmap-Q1": 0.013168472748625423, "distmap-Q2": 0.0349381716997689, "distmap-Q3": 0.08965674120034078, "path_wallmap": "DOOM_E2M4_wallmap.png", "path_heightmap": "DOOM_E2M4_heightmap.png", "path_triggermap": "DOOM_E2M4_triggermap.png", "path_thingsmap": "DOOM_E2M4_thingsmap.png", "path_floormap": "DOOM_E2M4_floormap.png", "path_roommap": "DOOM_E2M4_roommap.png", "slot": "E2M4", "path_json": "DOOM_E2M4.json"}