{"number_of_lines": 1026, "number_of_things": 380, "number_of_sectors": 177, "number_of_subsectors": 461, "number_of_vertices": 946, "x_max": 928, "y_max": -352, "x_min": -3296, "y_min": -3408, "height": 3057, "width": 4225, "aspect_ratio": 1.3820739286882564, "floor_height_max": 368.0, "floor_height_min": -32.0, "floor_height_avg": 101.19774011299435, "ceiling_height_max": 528.0, "ceiling_height_min": 64.0, "ceiling_height_avg": 232.40677966101694, "room_height_max": 344.0, "room_height_min": 0.0, "room_height_avg": 131.2090395480226, "sector_area_max": 499456.0, "sector_area_min": 256.0, "sector_area_avg": 32963.977401129945, "lines_per_sector_max": 44.0, "lines_per_sector_min": 3.0, "lines_per_sector_avg": 7.491525423728813, "sector_aspect_ratio_max": 17.88888888888889, "sector_aspect_ratio_min": 1.0, "sector_aspect_ratio_avg": 2.9479119391368918, "floors": 1, "level_area": 6291, "floors_area_mean": 6291.0, "floors_area_min": 6291, "floors_area_max": 6291, "floors_area_std": 0.0, "level_bbox_area": 12768, "level_convex_area": 10447, "floors_convex_area_mean": 10447.0, "floors_convex_area_min": 10447, "floors_convex_area_max": 10447, "floors_convex_area_std": 0.0, "level_eccentricity": 0.7647785976354262, "floors_eccentricity_mean": 0.7647785976354262, "floors_eccentricity_min": 0.7647785976354262, "floors_eccentricity_max": 0.7647785976354262, "floors_eccentricity_std": 0.0, "level_equivalent_diameter": 89.498323872176, "floors_equivalent_diameter_mean": 89.498323872176, "floors_equivalent_diameter_min": 89.498323872176, "floors_equivalent_diameter_max": 89.498323872176, "floors_equivalent_diameter_std": 0.0, "level_euler_number": -23, "floors_euler_number_mean": -23.0, "floors_euler_number_min": -23, "floors_euler_number_max": -23, "floors_euler_number_std": 0.0, "level_extent": 0.49271616541353386, "floors_extent_mean": 0.49271616541353386, "floors_extent_min": 0.49271616541353386, "floors_extent_max": 0.49271616541353386, "floors_extent_std": 0.0, "level_filled_area": 6695, "floors_filled_area_mean": 6695.0, "floors_filled_area_min": 6695, "floors_filled_area_max": 6695, "floors_filled_area_std": 0.0, "level_major_axis_length": 142.38994313274938, "floors_major_axis_length_mean": 142.38994313274938, "floors_major_axis_length_min": 142.38994313274938, "floors_major_axis_length_max": 142.38994313274938, "floors_major_axis_length_std": 0.0, "level_minor_axis_length": 91.74086868688639, "floors_minor_axis_length_mean": 91.74086868688639, "floors_minor_axis_length_min": 91.74086868688639, "floors_minor_axis_length_max": 91.74086868688639, "floors_minor_axis_length_std": 0.0, "level_orientation": -0.21795994508112818, "floors_orientation_mean": -0.21795994508112818, "floors_orientation_min": -0.21795994508112818, "floors_orientation_max": -0.21795994508112818, "floors_orientation_std": 0.0, "level_perimeter": 1400.8864350760148, "floors_perimeter_mean": 1400.8864350760148, "floors_perimeter_min": 1400.8864350760148, "floors_perimeter_max": 1400.8864350760148, "floors_perimeter_std": 0.0, "level_solidity": 0.6021824447209725, "floors_solidity_mean": 0.6021824447209725, "floors_solidity_min": 0.6021824447209725, "floors_solidity_max": 0.6021824447209725, "floors_solidity_std": 0.0, "level_hu_moment_0": 0.2850429471941278, "level_hu_moment_1": 0.013879724100946601, "level_hu_moment_2": 0.0003934362901762119, "level_hu_moment_3": 0.00010349883349692796, "level_hu_moment_4": 9.099304384941907e-09, "level_hu_moment_5": 1.118523011172031e-05, "level_hu_moment_6": -1.8798876521730297e-08, "level_centroid_x": 65.10968049594659, "level_centroid_y": 48.66110316324909, "number_of_artifacts": 95, "number_of_powerups": 34, "number_of_weapons": 5, "number_of_ammunitions": 40, "number_of_keys": 2, "number_of_monsters": 131, "number_of_obstacles": 45, "number_of_decorations": 15, "walkable_area": 4662, "walkable_percentage": 0.7410586552217453, "start_location_x_px": 11, "start_location_y_px": 70, "artifacts_per_walkable_area": 0.02037752037752038, "powerups_per_walkable_area": 0.007293007293007293, "weapons_per_walkable_area": 0.0010725010725010724, "ammunitions_per_walkable_area": 0.00858000858000858, "keys_per_walkable_area": 0.000429000429000429, "monsters_per_walkable_area": 0.0280995280995281, "obstacles_per_walkable_area": 0.009652509652509652, "decorations_per_walkable_area": 0.0032175032175032173, "nodes": 47, "avg-path-length": 5.001850138760407, "diameter-mean": 14.0, "art-points": 12, "assortativity-mean": -0.14820876523004148, "betw-cen": NaN, "closn-cen": NaN, "distmap-max": 12.529964086141668, "distmap-mean": -Infinity, "distmap-var": 0.0, "distmap-skew": 0, "distmap-kurt": 0.0, "distmap-Q1": 0.0004830917874396135, "distmap-Q2": 0.043478260869565216, "distmap-Q3": 0.15990338164251205, "path_wallmap": "DOOM_E1M3_wallmap.png", "path_heightmap": "DOOM_E1M3_heightmap.png", "path_triggermap": "DOOM_E1M3_triggermap.png", "path_thingsmap": "DOOM_E1M3_thingsmap.png", "path_floormap": "DOOM_E1M3_floormap.png", "path_roommap": "DOOM_E1M3_roommap.png", "slot": "E1M3", "path_json": "DOOM_E1M3.json"}