{"number_of_lines": 1884, "number_of_things": 495, "number_of_sectors": 324, "number_of_subsectors": 1069, "number_of_vertices": 1803, "x_max": 3776, "y_max": 2848, "x_min": -1888, "y_min": -2532, "height": 5381, "width": 5665, "aspect_ratio": 1.0527782939973982, "floor_height_max": 176.0, "floor_height_min": -1744.0, "floor_height_avg": -19.993827160493826, "ceiling_height_max": 472.0, "ceiling_height_min": -1743.0, "ceiling_height_avg": 120.96296296296296, "room_height_max": 1864.0, "room_height_min": 0.0, "room_height_avg": 140.95679012345678, "sector_area_max": 1472784.0, "sector_area_min": 0.0, "sector_area_avg": 40140.81018518518, "lines_per_sector_max": 73.0, "lines_per_sector_min": 3.0, "lines_per_sector_avg": 8.907407407407407, "sector_aspect_ratio_max": 104.5, "sector_aspect_ratio_min": 1.0, "sector_aspect_ratio_avg": 4.414119232366985, "floors": 1, "level_area": 12517, "floors_area_mean": 12517.0, "floors_area_min": 12517, "floors_area_max": 12517, "floors_area_std": 0.0, "level_bbox_area": 30082, "level_convex_area": 20109, "floors_convex_area_mean": 20109.0, "floors_convex_area_min": 20109, "floors_convex_area_max": 20109, "floors_convex_area_std": 0.0, "level_eccentricity": 0.7179731995759427, "floors_eccentricity_mean": 0.7179731995759427, "floors_eccentricity_min": 0.7179731995759427, "floors_eccentricity_max": 0.7179731995759427, "floors_eccentricity_std": 0.0, "level_equivalent_diameter": 126.24238345916173, "floors_equivalent_diameter_mean": 126.24238345916173, "floors_equivalent_diameter_min": 126.24238345916173, "floors_equivalent_diameter_max": 126.24238345916173, "floors_equivalent_diameter_std": 0.0, "level_euler_number": -65, "floors_euler_number_mean": -65.0, "floors_euler_number_min": -65, "floors_euler_number_max": -65, "floors_euler_number_std": 0.0, "level_extent": 0.41609600425503623, "floors_extent_mean": 0.41609600425503623, "floors_extent_min": 0.41609600425503623, "floors_extent_max": 0.41609600425503623, "floors_extent_std": 0.0, "level_filled_area": 13420, "floors_filled_area_mean": 13420.0, "floors_filled_area_min": 13420, "floors_filled_area_max": 13420, "floors_filled_area_std": 0.0, "level_major_axis_length": 186.45419007362474, "floors_major_axis_length_mean": 186.45419007362474, "floors_major_axis_length_min": 186.45419007362474, "floors_major_axis_length_max": 186.45419007362474, "floors_major_axis_length_std": 0.0, "level_minor_axis_length": 129.7853073472843, "floors_minor_axis_length_mean": 129.7853073472843, "floors_minor_axis_length_min": 129.7853073472843, "floors_minor_axis_length_max": 129.7853073472843, "floors_minor_axis_length_std": 0.0, "level_orientation": 0.28196160224698325, "floors_orientation_mean": 0.28196160224698325, "floors_orientation_min": 0.28196160224698325, "floors_orientation_max": 0.28196160224698325, "floors_orientation_std": 0.0, "level_perimeter": 1944.6408357960652, "floors_perimeter_mean": 1944.6408357960652, "floors_perimeter_min": 1944.6408357960652, "floors_perimeter_max": 1944.6408357960652, "floors_perimeter_std": 0.0, "level_solidity": 0.6224576060470436, "floors_solidity_mean": 0.6224576060470436, "floors_solidity_min": 0.6224576060470436, "floors_solidity_max": 0.6224576060470436, "floors_solidity_std": 0.0, "level_hu_moment_0": 0.2576964877728311, "level_hu_moment_1": 0.00800720694655108, "level_hu_moment_2": 0.004493995245921608, "level_hu_moment_3": 0.0005543087375576145, "level_hu_moment_4": 4.574093176999458e-07, "level_hu_moment_5": -6.826381065846977e-06, "level_hu_moment_6": 7.457717645204935e-07, "level_centroid_x": 75.92042821762404, "level_centroid_y": 86.40784533035072, "number_of_artifacts": 81, "number_of_powerups": 29, "number_of_weapons": 8, "number_of_ammunitions": 128, "number_of_keys": 3, "number_of_monsters": 156, "number_of_obstacles": 71, "number_of_decorations": 0, "walkable_area": 10440, "walkable_percentage": 0.8340656706878645, "start_location_x_px": 5, "start_location_y_px": 14, "artifacts_per_walkable_area": 0.007758620689655172, "powerups_per_walkable_area": 0.002777777777777778, "weapons_per_walkable_area": 0.0007662835249042146, "ammunitions_per_walkable_area": 0.012260536398467433, "keys_per_walkable_area": 0.00028735632183908046, "monsters_per_walkable_area": 0.014942528735632184, "obstacles_per_walkable_area": 0.006800766283524904, "decorations_per_walkable_area": 0.0, "nodes": 74, "avg-path-length": 5.514624213254351, "diameter-mean": 14.0, "art-points": 9, "assortativity-mean": 0.28552689112374285, "betw-cen": NaN, "closn-cen": NaN, "distmap-max": 20.223748416156685, "distmap-mean": -Infinity, "distmap-var": 0.0, "distmap-skew": 0, "distmap-kurt": 0.0, "distmap-Q1": 0.008255380094706579, "distmap-Q2": 0.0251574919668527, "distmap-Q3": 0.10299699058974171, "path_wallmap": "DoomZero_MAP25_wallmap.png", "path_heightmap": "DoomZero_MAP25_heightmap.png", "path_triggermap": "DoomZero_MAP25_triggermap.png", "path_thingsmap": "DoomZero_MAP25_thingsmap.png", "path_floormap": "DoomZero_MAP25_floormap.png", "path_roommap": "DoomZero_MAP25_roommap.png", "slot": "MAP25", "path_json": "DoomZero_MAP25.json"}