{"number_of_lines": 1027, "number_of_things": 160, "number_of_sectors": 233, "number_of_subsectors": 611, "number_of_vertices": 947, "x_max": 320, "y_max": 3552, "x_min": -2624, "y_min": 160, "height": 3393, "width": 2945, "aspect_ratio": 1.1521222410865875, "floor_height_max": 1032.0, "floor_height_min": -568.0, "floor_height_avg": 31.678111587982833, "ceiling_height_max": 957.0, "ceiling_height_min": -455.0, "ceiling_height_avg": 226.91845493562232, "room_height_max": 856.0, "room_height_min": -1344.0, "room_height_avg": 195.24034334763948, "sector_area_max": 1116160.0, "sector_area_min": 0.5, "sector_area_avg": 18220.85836909871, "lines_per_sector_max": 46.0, "lines_per_sector_min": 3.0, "lines_per_sector_avg": 7.141630901287554, "sector_aspect_ratio_max": 60.5, "sector_aspect_ratio_min": 1.0, "sector_aspect_ratio_avg": 3.039950300652498, "floors": 4, "level_area": 4118, "floors_area_mean": 1029.5, "floors_area_min": 1, "floors_area_max": 4095, "floors_area_std": 1769.8725236581306, "level_bbox_area": 9951, "level_convex_area": 9233, "floors_convex_area_mean": 2031.25, "floors_convex_area_min": 1, "floors_convex_area_max": 8102, "floors_convex_area_std": 3504.9518095831218, "level_eccentricity": 0.636369740106964, "floors_eccentricity_mean": 0.36115886242466966, "floors_eccentricity_min": 0.0, "floors_eccentricity_max": 0.8064425896179158, "floors_eccentricity_std": 0.3660248903340415, "level_equivalent_diameter": 72.40994714277453, "floors_equivalent_diameter_mean": 20.197349076815335, "floors_equivalent_diameter_min": 1.1283791670955126, "floors_equivalent_diameter_max": 72.20745069375107, "floors_equivalent_diameter_std": 30.047748693939067, "level_euler_number": -1, "floors_euler_number_mean": -0.25, "floors_euler_number_min": -4, "floors_euler_number_max": 1, "floors_euler_number_std": 2.165063509461097, "level_extent": 0.4138277560044217, "floors_extent_mean": 0.8195457742940409, "floors_extent_min": 0.41151643050949654, "floors_extent_max": 1.0, "floors_extent_std": 0.24178284628852031, "level_filled_area": 4192, "floors_filled_area_mean": 1048.0, "floors_filled_area_min": 1, "floors_filled_area_max": 4169, "floors_filled_area_std": 1801.9153698217906, "level_major_axis_length": 124.18732970187966, "floors_major_axis_length_mean": 33.23945795054818, "floors_major_axis_length_min": 0.0, "floors_major_axis_length_max": 124.48829639377789, "floors_major_axis_length_std": 52.715351818477984, "level_minor_axis_length": 95.79614154658628, "floors_minor_axis_length_mean": 25.545881801816613, "floors_minor_axis_length_min": 0.0, "floors_minor_axis_length_max": 95.84061780663247, "floors_minor_axis_length_std": 40.6053870678369, "level_orientation": -1.3173700444687397, "floors_orientation_mean": 0.06416627524059004, "floors_orientation_min": -1.3141312258325364, "floors_orientation_max": 0.7853981633974483, "floors_orientation_std": 0.8579295112844776, "level_perimeter": 1002.2274887854692, "floors_perimeter_mean": 250.55687219636732, "floors_perimeter_min": 0.0, "floors_perimeter_max": 983.3990616607231, "floors_perimeter_std": 423.12527237506146, "level_solidity": 0.44600888118704646, "floors_solidity_mean": 0.8763576894593927, "floors_solidity_min": 0.505430757837571, "floors_solidity_max": 1.0, "floors_solidity_std": 0.21415476382154072, "level_hu_moment_0": 0.3733516511913696, "level_hu_moment_1": 0.008985341493748683, "level_hu_moment_2": 0.012623522551548954, "level_hu_moment_3": 0.001515627667300335, "level_hu_moment_4": -6.142111159665326e-06, "level_hu_moment_5": -9.78193197383961e-05, "level_hu_moment_6": 2.4948737575913324e-06, "level_centroid_x": 37.8317144244779, "level_centroid_y": 44.453375424963575, "number_of_artifacts": 2, "number_of_powerups": 7, "number_of_weapons": 7, "number_of_ammunitions": 6, "number_of_keys": 1, "number_of_monsters": 0, "number_of_obstacles": 84, "number_of_decorations": 22, "walkable_area": 3085, "walkable_percentage": 0.7491500728508985, "start_location_x_px": 46, "start_location_y_px": 76, "artifacts_per_walkable_area": 0.0006482982171799027, "powerups_per_walkable_area": 0.00226904376012966, "weapons_per_walkable_area": 0.00226904376012966, "ammunitions_per_walkable_area": 0.0019448946515397082, "keys_per_walkable_area": 0.00032414910858995135, "monsters_per_walkable_area": 0.0, "obstacles_per_walkable_area": 0.027228525121555915, "decorations_per_walkable_area": 0.00713128038897893, "nodes": 63, "avg-path-length": 13.787978142076502, "diameter-mean": 38.0, "art-points": 41, "assortativity-mean": 0, "betw-cen": NaN, "closn-cen": NaN, "distmap-max": 16.0312195418814, "distmap-mean": -Infinity, "distmap-var": 0.0, "distmap-skew": 0, "distmap-kurt": 0.0, "distmap-Q1": 0.030142781597038603, "distmap-Q2": 0.1340560549973559, "distmap-Q3": 0.38656795346377576, "path_wallmap": "DoomZero_MAP20_wallmap.png", "path_heightmap": "DoomZero_MAP20_heightmap.png", "path_triggermap": "DoomZero_MAP20_triggermap.png", "path_thingsmap": "DoomZero_MAP20_thingsmap.png", "path_floormap": "DoomZero_MAP20_floormap.png", "path_roommap": "DoomZero_MAP20_roommap.png", "slot": "MAP20", "path_json": "DoomZero_MAP20.json"}