{"number_of_lines": 2728, "number_of_things": 501, "number_of_sectors": 469, "number_of_subsectors": 1338, "number_of_vertices": 2612, "x_max": 1344, "y_max": 3456, "x_min": -3456, "y_min": -1760, "height": 5217, "width": 4801, "aspect_ratio": 1.0866486148719017, "floor_height_max": 304.0, "floor_height_min": -665.0, "floor_height_avg": 56.149253731343286, "ceiling_height_max": 936.0, "ceiling_height_min": -665.0, "ceiling_height_avg": 227.09808102345417, "room_height_max": 1032.0, "room_height_min": 0.0, "room_height_avg": 170.94882729211088, "sector_area_max": 722400.0, "sector_area_min": 0.0, "sector_area_avg": 21078.840085287848, "lines_per_sector_max": 75.0, "lines_per_sector_min": 3.0, "lines_per_sector_avg": 9.311300639658848, "sector_aspect_ratio_max": 64.5, "sector_aspect_ratio_min": 1.0, "sector_aspect_ratio_avg": 4.163222362563785, "floors": 4, "level_area": 10383, "floors_area_mean": 2595.75, "floors_area_min": 4, "floors_area_max": 10022, "floors_area_std": 4289.91412355772, "level_bbox_area": 24764, "level_convex_area": 15682, "floors_convex_area_mean": 3576.5, "floors_convex_area_min": 4, "floors_convex_area_max": 13647, "floors_convex_area_std": 5820.202595271062, "level_eccentricity": 0.8161413271131741, "floors_eccentricity_mean": 0.44051382204360406, "floors_eccentricity_min": 0.0, "floors_eccentricity_max": 0.9225547495432825, "floors_eccentricity_std": 0.4414914242148358, "level_equivalent_diameter": 114.97845969130564, "floors_equivalent_diameter_mean": 34.66895167164099, "floors_equivalent_diameter_min": 2.256758334191025, "floors_equivalent_diameter_max": 112.9619702259827, "floors_equivalent_diameter_std": 45.8592993648586, "level_euler_number": -59, "floors_euler_number_mean": -14.75, "floors_euler_number_min": -62, "floors_euler_number_max": 1, "floors_euler_number_std": 27.279800219209818, "level_extent": 0.41927798417057016, "floors_extent_mean": 0.7049228768625814, "floors_extent_min": 0.3352326685660019, "floors_extent_max": 1.0, "floors_extent_std": 0.2997566760516593, "level_filled_area": 11258, "floors_filled_area_mean": 2814.5, "floors_filled_area_min": 4, "floors_filled_area_max": 10897, "floors_filled_area_std": 4668.608170536482, "level_major_axis_length": 173.6251065544465, "floors_major_axis_length_mean": 54.7869557206391, "floors_major_axis_length_min": 2.0, "floors_major_axis_length_max": 169.7845897484095, "floors_major_axis_length_std": 68.71351353241516, "level_minor_axis_length": 100.32967520711667, "floors_minor_axis_length_mean": 28.439524824721552, "floors_minor_axis_length_min": 2.0, "floors_minor_axis_length_max": 92.25396033407428, "floors_minor_axis_length_std": 37.38302351735538, "level_orientation": -0.7082335413446921, "floors_orientation_mean": 0.11530525535212433, "floors_orientation_min": -0.6060666592620384, "floors_orientation_max": 0.7853981633974483, "floors_orientation_std": 0.6710732252667979, "level_perimeter": 1663.177848998413, "floors_perimeter_mean": 415.7944622496032, "floors_perimeter_min": 4.0, "floors_perimeter_max": 1543.1362184380703, "floors_perimeter_std": 652.3638893064632, "level_solidity": 0.6620966713429409, "floors_solidity_mean": 0.8191541396481865, "floors_solidity_min": 0.5422427035330261, "floors_solidity_max": 1.0, "floors_solidity_std": 0.19318261471923218, "level_hu_moment_0": 0.24205264225903173, "level_hu_moment_1": 0.014609182259645725, "level_hu_moment_2": 0.003025011531003139, "level_hu_moment_3": 0.000310258143236186, "level_hu_moment_4": -1.93915979853689e-07, "level_hu_moment_5": -1.9518266281683344e-05, "level_hu_moment_6": -2.2965197214465084e-07, "level_centroid_x": 65.15255706443224, "level_centroid_y": 66.83742656265049, "number_of_artifacts": 132, "number_of_powerups": 33, "number_of_weapons": 9, "number_of_ammunitions": 95, "number_of_keys": 0, "number_of_monsters": 139, "number_of_obstacles": 25, "number_of_decorations": 4, "walkable_area": 8439, "walkable_percentage": 0.8127708754695174, "start_location_x_px": 91, "start_location_y_px": 34, "artifacts_per_walkable_area": 0.015641663704230358, "powerups_per_walkable_area": 0.0039104159260575895, "weapons_per_walkable_area": 0.001066477070742979, "ammunitions_per_walkable_area": 0.011257257968953667, "keys_per_walkable_area": 0.0, "monsters_per_walkable_area": 0.016471145870363788, "obstacles_per_walkable_area": 0.0029624363076193863, "decorations_per_walkable_area": 0.0004739898092191018, "nodes": 63, "avg-path-length": 3.031760435571688, "diameter-mean": 6.5, "art-points": 4, "assortativity-mean": 0, "betw-cen": NaN, "closn-cen": NaN, "distmap-max": 17.46424919657298, "distmap-mean": -Infinity, "distmap-var": 0.0, "distmap-skew": 0, "distmap-kurt": 0.0, "distmap-Q1": 0.003763440860215053, "distmap-Q2": 0.020059933016040896, "distmap-Q3": 0.07434477356476292, "path_wallmap": "DoomZero_MAP19_wallmap.png", "path_heightmap": "DoomZero_MAP19_heightmap.png", "path_triggermap": "DoomZero_MAP19_triggermap.png", "path_thingsmap": "DoomZero_MAP19_thingsmap.png", "path_floormap": "DoomZero_MAP19_floormap.png", "path_roommap": "DoomZero_MAP19_roommap.png", "slot": "MAP19", "path_json": "DoomZero_MAP19.json"}