{"number_of_lines": 333, "number_of_things": 126, "number_of_sectors": 74, "number_of_subsectors": 177, "number_of_vertices": 328, "x_max": 3720, "y_max": 6656, "x_min": -2896, "y_min": -480, "height": 7137, "width": 6617, "aspect_ratio": 1.0785854616895874, "floor_height_max": 208.0, "floor_height_min": -136.0, "floor_height_avg": -37.189189189189186, "ceiling_height_max": 240.0, "ceiling_height_min": -104.0, "ceiling_height_avg": 145.0810810810811, "room_height_max": 344.0, "room_height_min": 0.0, "room_height_avg": 182.27027027027026, "sector_area_max": 23838560.0, "sector_area_min": 512.0, "sector_area_avg": 372626.5945945946, "lines_per_sector_max": 38.0, "lines_per_sector_min": 4.0, "lines_per_sector_avg": 6.905405405405405, "sector_aspect_ratio_max": 9.0, "sector_aspect_ratio_min": 1.0, "sector_aspect_ratio_avg": 3.713128304306949, "floors": 2, "level_area": 26946, "floors_area_mean": 13473.0, "floors_area_min": 143, "floors_area_max": 26803, "floors_area_std": 13330.0, "level_bbox_area": 46368, "level_convex_area": 31573, "floors_convex_area_mean": 15235.5, "floors_convex_area_min": 143, "floors_convex_area_max": 30328, "floors_convex_area_std": 15092.5, "level_eccentricity": 0.21742058660604463, "floors_eccentricity_mean": 0.39675294783027526, "floors_eccentricity_min": 0.2589834118357017, "floors_eccentricity_max": 0.5345224838248488, "floors_eccentricity_std": 0.13776953599457353, "level_equivalent_diameter": 185.22611255552954, "floors_equivalent_diameter_mean": 99.11371093962381, "floors_equivalent_diameter_min": 13.493452297211721, "floors_equivalent_diameter_max": 184.7339695820359, "floors_equivalent_diameter_std": 85.6202586424121, "level_euler_number": 0, "floors_euler_number_mean": 0.0, "floors_euler_number_min": -1, "floors_euler_number_max": 1, "floors_euler_number_std": 1.0, "level_extent": 0.5811335403726708, "floors_extent_mean": 0.8158124189937552, "floors_extent_min": 0.6316248379875103, "floors_extent_max": 1.0, "floors_extent_std": 0.18418758100624483, "level_filled_area": 26950, "floors_filled_area_mean": 13475.0, "floors_filled_area_min": 143, "floors_filled_area_max": 26807, "floors_filled_area_std": 13332.0, "level_major_axis_length": 192.5167437626072, "floors_major_axis_length_mean": 103.92483537102368, "floors_major_axis_length_min": 14.966629547095765, "floors_major_axis_length_max": 192.88304119495157, "floors_major_axis_length_std": 88.9582058239279, "level_minor_axis_length": 187.91136082535883, "floors_minor_axis_length_mean": 99.4756618753914, "floors_minor_axis_length_min": 12.649110640673518, "floors_minor_axis_length_max": 186.30221311010928, "floors_minor_axis_length_std": 86.82655123471788, "level_orientation": -0.3837498446567638, "floors_orientation_mean": 0.643631605216143, "floors_orientation_min": -0.28353311636261047, "floors_orientation_max": 1.5707963267948966, "floors_orientation_std": 0.9271647215787535, "level_perimeter": 973.1513703397204, "floors_perimeter_mean": 486.5756851698602, "floors_perimeter_min": 44.0, "floors_perimeter_max": 929.1513703397204, "floors_perimeter_std": 442.5756851698602, "level_solidity": 0.8534507332214234, "floors_solidity_mean": 0.9418853864415722, "floors_solidity_min": 0.8837707728831443, "floors_solidity_max": 1.0, "floors_solidity_std": 0.05811461355842784, "level_hu_moment_0": 0.16786669671796273, "level_hu_moment_1": 1.6513841272583086e-05, "level_hu_moment_2": 9.594365371817283e-05, "level_hu_moment_3": 6.46477391573538e-06, "level_hu_moment_4": -1.5651675829289478e-10, "level_hu_moment_5": -1.5677658392524713e-08, "level_hu_moment_6": 3.774875134228748e-11, "level_centroid_x": 102.08914124545387, "level_centroid_y": 118.00809025458324, "number_of_artifacts": 3, "number_of_powerups": 15, "number_of_weapons": 3, "number_of_ammunitions": 16, "number_of_keys": 0, "number_of_monsters": 41, "number_of_obstacles": 34, "number_of_decorations": 0, "walkable_area": 26026, "walkable_percentage": 0.9658576412083426, "start_location_x_px": 72, "start_location_y_px": 120, "artifacts_per_walkable_area": 0.0001152693460385768, "powerups_per_walkable_area": 0.0005763467301928841, "weapons_per_walkable_area": 0.0001152693460385768, "ammunitions_per_walkable_area": 0.0006147698455390763, "keys_per_walkable_area": 0.0, "monsters_per_walkable_area": 0.001575347729193883, "obstacles_per_walkable_area": 0.0013063859217705373, "decorations_per_walkable_area": 0.0, "nodes": 27, "avg-path-length": 2.578333333333333, "diameter-mean": 5.5, "art-points": 6, "assortativity-mean": -0.019134775374376734, "betw-cen": NaN, "closn-cen": NaN, "distmap-max": 51.66236541235796, "distmap-mean": -Infinity, "distmap-var": 0.0, "distmap-skew": 0, "distmap-kurt": 0.0, "distmap-Q1": 0.0, "distmap-Q2": 0.039054945054945056, "distmap-Q3": 0.18161904761904765, "path_wallmap": "DOOM_E1M8_wallmap.png", "path_heightmap": "DOOM_E1M8_heightmap.png", "path_triggermap": "DOOM_E1M8_triggermap.png", "path_thingsmap": "DOOM_E1M8_thingsmap.png", "path_floormap": "DOOM_E1M8_floormap.png", "path_roommap": "DOOM_E1M8_roommap.png", "slot": "E1M8", "path_json": "DOOM_E1M8.json"}