{"number_of_lines": 486, "number_of_things": 77, "number_of_sectors": 131, "number_of_subsectors": 299, "number_of_vertices": 434, "x_max": 568, "y_max": 752, "x_min": -2192, "y_min": -1536, "height": 2289, "width": 2761, "aspect_ratio": 1.2062035823503714, "floor_height_max": 275.0, "floor_height_min": -120.0, "floor_height_avg": 73.00763358778626, "ceiling_height_max": 300.0, "ceiling_height_min": -100.0, "ceiling_height_avg": 249.89312977099237, "room_height_max": 400.0, "room_height_min": 0.0, "room_height_avg": 176.8854961832061, "sector_area_max": 461056.0, "sector_area_min": 256.0, "sector_area_avg": 22141.31297709924, "lines_per_sector_max": 66.0, "lines_per_sector_min": 3.0, "lines_per_sector_avg": 6.0458015267175576, "sector_aspect_ratio_max": 10.882352941176471, "sector_aspect_ratio_min": 1.0, "sector_aspect_ratio_avg": 3.230065966561234, "floors": 3, "level_area": 3124, "floors_area_mean": 1041.3333333333333, "floors_area_min": 6, "floors_area_max": 3109, "floors_area_std": 1462.061634207745, "level_bbox_area": 6264, "level_convex_area": 4766, "floors_convex_area_mean": 1593.6666666666667, "floors_convex_area_min": 6, "floors_convex_area_max": 4766, "floors_convex_area_std": 2243.1787465311113, "level_eccentricity": 0.6224648222504373, "floors_eccentricity_mean": 0.4700458587110569, "floors_eccentricity_min": 0.0, "floors_eccentricity_max": 0.7905694150420949, "floors_eccentricity_std": 0.33962497864729796, "level_equivalent_diameter": 63.06821971288431, "floors_equivalent_diameter_mean": 23.021905346765717, "floors_equivalent_diameter_min": 2.763953195770684, "floors_equivalent_diameter_max": 62.91662534323993, "floors_equivalent_diameter_std": 28.210966900399615, "level_euler_number": -3, "floors_euler_number_mean": -1.0, "floors_euler_number_min": -5, "floors_euler_number_max": 1, "floors_euler_number_std": 2.8284271247461903, "level_extent": 0.4987228607918263, "floors_extent_mean": 0.8321094082588335, "floors_extent_min": 0.4963282247765006, "floors_extent_max": 1.0, "floors_extent_std": 0.23743315183520194, "level_filled_area": 3353, "floors_filled_area_mean": 1119.6666666666667, "floors_filled_area_min": 6, "floors_filled_area_max": 3344, "floors_filled_area_std": 1572.8416604632803, "level_major_axis_length": 82.63082299091401, "floors_major_axis_length_mean": 29.694421592122524, "floors_major_axis_length_min": 3.265986323710904, "floors_major_axis_length_max": 82.55129212894576, "floors_major_axis_length_std": 37.37545158888714, "level_minor_axis_length": 64.67083004258959, "floors_minor_axis_length_mean": 23.354677893243792, "floors_minor_axis_length_min": 2.0, "floors_minor_axis_length_max": 64.79804735602048, "floors_minor_axis_length_std": 29.30944483341066, "level_orientation": 0.5747230186012551, "floors_orientation_mean": 0.9785909244472785, "floors_orientation_min": 0.5795782831494907, "floors_orientation_max": 1.5707963267948966, "floors_orientation_std": 0.4270994300344273, "level_perimeter": 598.1015510839148, "floors_perimeter_mean": 199.36718369463827, "floors_perimeter_min": 6.0, "floors_perimeter_max": 584.1015510839148, "floors_perimeter_std": 272.0495054064243, "level_solidity": 0.6554762903902643, "floors_solidity_mean": 0.8841096656875087, "floors_solidity_min": 0.6523289970625262, "floors_solidity_max": 1.0, "floors_solidity_std": 0.1638936825326772, "level_hu_moment_0": 0.2202738709697757, "level_hu_moment_1": 0.0028013382356994665, "level_hu_moment_2": 0.0007328115868458247, "level_hu_moment_3": 0.00047693582430615247, "level_hu_moment_4": 2.819223122996496e-07, "level_hu_moment_5": 2.5130284349408855e-05, "level_hu_moment_6": -4.553167109849689e-09, "level_centroid_x": 50.23559539052497, "level_centroid_y": 35.49519846350832, "number_of_artifacts": 15, "number_of_powerups": 7, "number_of_weapons": 12, "number_of_ammunitions": 29, "number_of_keys": 0, "number_of_monsters": 0, "number_of_obstacles": 1, "number_of_decorations": 0, "walkable_area": 2549, "walkable_percentage": 0.8159411011523687, "start_location_x_px": 20, "start_location_y_px": 42, "artifacts_per_walkable_area": 0.005884660651235779, "powerups_per_walkable_area": 0.002746174970576697, "weapons_per_walkable_area": 0.004707728520988623, "ammunitions_per_walkable_area": 0.011377010592389172, "keys_per_walkable_area": 0.0, "monsters_per_walkable_area": 0.0, "obstacles_per_walkable_area": 0.00039231071008238524, "decorations_per_walkable_area": 0.0, "nodes": 24, "avg-path-length": 3.696969696969697, "diameter-mean": 8.0, "art-points": 7, "assortativity-mean": 0, "betw-cen": NaN, "closn-cen": NaN, "distmap-max": 15.811388300841896, "distmap-mean": -Infinity, "distmap-var": 0.0, "distmap-skew": 0, "distmap-kurt": 0.0, "distmap-Q1": 0.0, "distmap-Q2": 0.06027667984189723, "distmap-Q3": 0.13537549407114624, "path_wallmap": "DWANGO5_MAP11_wallmap.png", "path_heightmap": "DWANGO5_MAP11_heightmap.png", "path_triggermap": "DWANGO5_MAP11_triggermap.png", "path_thingsmap": "DWANGO5_MAP11_thingsmap.png", "path_floormap": "DWANGO5_MAP11_floormap.png", "path_roommap": "DWANGO5_MAP11_roommap.png", "slot": "MAP11", "path_json": "DWANGO5_MAP11.json"}