{"number_of_lines": 659, "number_of_things": 42, "number_of_sectors": 111, "number_of_subsectors": 367, "number_of_vertices": 611, "x_max": 224, "y_max": 3408, "x_min": -3272, "y_min": 192, "height": 3217, "width": 3497, "aspect_ratio": 1.0870376126826236, "floor_height_max": 338.0, "floor_height_min": -272.0, "floor_height_avg": -21.81981981981982, "ceiling_height_max": 338.0, "ceiling_height_min": -264.0, "ceiling_height_avg": 245.73873873873873, "room_height_max": 610.0, "room_height_min": 0.0, "room_height_avg": 267.55855855855856, "sector_area_max": 1089956.0, "sector_area_min": 64.0, "sector_area_avg": 55321.261261261265, "lines_per_sector_max": 70.0, "lines_per_sector_min": 3.0, "lines_per_sector_avg": 9.387387387387387, "sector_aspect_ratio_max": 11.823529411764707, "sector_aspect_ratio_min": 1.0, "sector_aspect_ratio_avg": 2.5924818596517936, "floors": 6, "level_area": 6343, "floors_area_mean": 1057.1666666666667, "floors_area_min": 6, "floors_area_max": 6300, "floors_area_std": 2344.6673123399737, "level_bbox_area": 11110, "level_convex_area": 8506, "floors_convex_area_mean": 1347.8333333333333, "floors_convex_area_min": 6, "floors_convex_area_max": 8044, "floors_convex_area_std": 2994.6175279806416, "level_eccentricity": 0.6692799514567093, "floors_eccentricity_mean": 0.6456218982794152, "floors_eccentricity_min": 0.0, "floors_eccentricity_max": 0.9354143466934853, "floors_eccentricity_std": 0.30139724006480884, "level_equivalent_diameter": 89.86744923639002, "floors_equivalent_diameter_mean": 17.658738673664082, "floors_equivalent_diameter_min": 2.763953195770684, "floors_equivalent_diameter_max": 89.5623198216277, "floors_equivalent_diameter_std": 32.15890784574465, "level_euler_number": -2, "floors_euler_number_mean": -0.3333333333333333, "floors_euler_number_min": -7, "floors_euler_number_max": 1, "floors_euler_number_std": 2.98142396999972, "level_extent": 0.5709270927092709, "floors_extent_mean": 0.93626441852106, "floors_extent_min": 0.6175865111263602, "floors_extent_max": 1.0, "floors_extent_std": 0.14251709277238636, "level_filled_area": 7166, "floors_filled_area_mean": 1194.3333333333333, "floors_filled_area_min": 6, "floors_filled_area_max": 7123, "floors_filled_area_std": 2651.381191421223, "level_major_axis_length": 123.28899462577814, "floors_major_axis_length_mean": 23.869453452011623, "floors_major_axis_length_min": 3.265986323710904, "floors_major_axis_length_max": 123.28977153644507, "floors_major_axis_length_std": 44.47070743182588, "level_minor_axis_length": 91.60499625798691, "floors_minor_axis_length_mean": 17.267428913506173, "floors_minor_axis_length_min": 2.0, "floors_minor_axis_length_max": 91.07260083361523, "floors_minor_axis_length_std": 33.01153169281509, "level_orientation": -0.7456443816385337, "floors_orientation_mean": 0.2663878005472963, "floors_orientation_min": -0.7578676869085671, "floors_orientation_max": 1.5707963267948966, "floors_orientation_std": 0.7340345183207224, "level_perimeter": 707.906637611548, "floors_perimeter_mean": 117.98443960192468, "floors_perimeter_min": 6.0, "floors_perimeter_max": 667.906637611548, "floors_perimeter_std": 245.93810489514175, "level_solidity": 0.7457089113566894, "floors_solidity_mean": 0.9638654069285595, "floors_solidity_min": 0.7831924415713575, "floors_solidity_max": 1.0, "floors_solidity_std": 0.0807994064470337, "level_hu_moment_0": 0.2324575470524687, "level_hu_moment_1": 0.004500897463191105, "level_hu_moment_2": 0.0032669603375160795, "level_hu_moment_3": 0.00013082556087376754, "level_hu_moment_4": 8.546909310819756e-08, "level_hu_moment_5": 7.109605567357974e-06, "level_hu_moment_6": 3.1871429969055735e-09, "level_centroid_x": 48.6446476430711, "level_centroid_y": 42.429607441273845, "number_of_artifacts": 1, "number_of_powerups": 7, "number_of_weapons": 12, "number_of_ammunitions": 6, "number_of_keys": 0, "number_of_monsters": 0, "number_of_obstacles": 3, "number_of_decorations": 0, "walkable_area": 5763, "walkable_percentage": 0.908560618004099, "start_location_x_px": 13, "start_location_y_px": 6, "artifacts_per_walkable_area": 0.00017352073572791948, "powerups_per_walkable_area": 0.0012146451500954364, "weapons_per_walkable_area": 0.002082248828735034, "ammunitions_per_walkable_area": 0.001041124414367517, "keys_per_walkable_area": 0.0, "monsters_per_walkable_area": 0.0, "obstacles_per_walkable_area": 0.0005205622071837585, "decorations_per_walkable_area": 0.0, "nodes": 37, "avg-path-length": 3.0179924242424243, "diameter-mean": 5.5, "art-points": 4, "assortativity-mean": 0.03897849462365566, "betw-cen": NaN, "closn-cen": NaN, "distmap-max": 19.4164878389476, "distmap-mean": -Infinity, "distmap-var": 0.0, "distmap-skew": 0, "distmap-kurt": 0.0, "distmap-Q1": 0.0031746031746031746, "distmap-Q2": 0.0791005291005291, "distmap-Q3": 0.12380952380952381, "path_wallmap": "DWANGO20_MAP21_wallmap.png", "path_heightmap": "DWANGO20_MAP21_heightmap.png", "path_triggermap": "DWANGO20_MAP21_triggermap.png", "path_thingsmap": "DWANGO20_MAP21_thingsmap.png", "path_floormap": "DWANGO20_MAP21_floormap.png", "path_roommap": "DWANGO20_MAP21_roommap.png", "slot": "MAP21", "path_json": "DWANGO20_MAP21.json"}