{"number_of_lines": 237, "number_of_things": 43, "number_of_sectors": 22, "number_of_subsectors": 196, "number_of_vertices": 250, "x_max": 896, "y_max": 1600, "x_min": -896, "y_min": -576, "height": 2177, "width": 1793, "aspect_ratio": 1.2141662018962633, "floor_height_max": 134.0, "floor_height_min": 70.0, "floor_height_avg": 86.72727272727273, "ceiling_height_max": 220.0, "ceiling_height_min": 150.0, "ceiling_height_avg": 193.54545454545453, "room_height_max": 150.0, "room_height_min": 16.0, "room_height_avg": 106.81818181818181, "sector_area_max": 1630208.0, "sector_area_min": 256.0, "sector_area_avg": 198120.72727272726, "lines_per_sector_max": 52.0, "lines_per_sector_min": 4.0, "lines_per_sector_avg": 16.636363636363637, "sector_aspect_ratio_max": 15.117647058823529, "sector_aspect_ratio_min": 1.0, "sector_aspect_ratio_avg": 4.02615490408569, "floors": 7, "level_area": 1889, "floors_area_mean": 269.85714285714283, "floors_area_min": 22, "floors_area_max": 1669, "floors_area_std": 571.2783731175518, "level_bbox_area": 3933, "level_convex_area": 3933, "floors_convex_area_mean": 276.7142857142857, "floors_convex_area_min": 22, "floors_convex_area_max": 1669, "floors_convex_area_std": 568.5919235358554, "level_eccentricity": 0.13386794954719056, "floors_eccentricity_mean": 0.8230552946723483, "floors_eccentricity_min": 0.0, "floors_eccentricity_max": 0.9878316295610389, "floors_eccentricity_std": 0.33649638277857175, "level_equivalent_diameter": 49.04232355837886, "floors_equivalent_diameter_mean": 12.374648406203638, "floors_equivalent_diameter_min": 5.292567428401227, "floors_equivalent_diameter_max": 46.09812143854657, "floors_equivalent_diameter_std": 13.800755868350185, "level_euler_number": 7, "floors_euler_number_mean": 1.0, "floors_euler_number_min": 1, "floors_euler_number_max": 1, "floors_euler_number_std": 0.0, "level_extent": 0.4802949402491737, "floors_extent_mean": 0.6800372370611175, "floors_extent_min": 0.4835164835164835, "floors_extent_max": 0.9928613920285544, "floors_extent_std": 0.22813766274428912, "level_filled_area": 1889, "floors_filled_area_mean": 269.85714285714283, "floors_filled_area_min": 22, "floors_filled_area_max": 1669, "floors_filled_area_std": 571.2783731175518, "level_major_axis_length": 56.467533315057565, "floors_major_axis_length_mean": 18.710812425998522, "floors_major_axis_length_min": 12.806248474865697, "floors_major_axis_length_max": 47.02749600464972, "floors_major_axis_length_std": 11.586242879268074, "level_minor_axis_length": 55.95927913558667, "floors_minor_axis_length_mean": 9.978270541393394, "floors_minor_axis_length_min": 1.991718390927874, "floors_minor_axis_length_max": 47.02749600464972, "floors_minor_axis_length_std": 15.171711734783946, "level_orientation": 0.0, "floors_orientation_mean": 0.5609986881410345, "floors_orientation_min": -1.2470719842821623, "floors_orientation_max": 1.5707963267948966, "floors_orientation_std": 1.1692103510408105, "level_perimeter": 320.71067811865476, "floors_perimeter_mean": 45.81581115980782, "floors_perimeter_min": 22.414213562373096, "floors_perimeter_max": 155.31370849898474, "floors_perimeter_std": 44.829383669270044, "level_solidity": 0.4802949402491737, "floors_solidity_mean": 0.8775510204081632, "floors_solidity_min": 0.7857142857142857, "floors_solidity_max": 1.0, "floors_solidity_std": 0.10604392699401291, "level_hu_moment_0": 0.209106115671706, "level_hu_moment_1": 3.57435621380984e-06, "level_hu_moment_2": 6.184450028625143e-08, "level_hu_moment_3": 4.970086566182072e-10, "level_hu_moment_4": 2.7554749803521892e-18, "level_hu_moment_5": -9.396429696809652e-13, "level_hu_moment_6": 0.0, "level_centroid_x": 28.0, "level_centroid_y": 33.98835362625728, "number_of_artifacts": 0, "number_of_powerups": 10, "number_of_weapons": 15, "number_of_ammunitions": 10, "number_of_keys": 0, "number_of_monsters": 0, "number_of_obstacles": 0, "number_of_decorations": 0, "walkable_area": 1514, "walkable_percentage": 0.8014822657490736, "start_location_x_px": 1, "start_location_y_px": 1, "artifacts_per_walkable_area": 0.0, "powerups_per_walkable_area": 0.0066050198150594455, "weapons_per_walkable_area": 0.009907529722589167, "ammunitions_per_walkable_area": 0.0066050198150594455, "keys_per_walkable_area": 0.0, "monsters_per_walkable_area": 0.0, "obstacles_per_walkable_area": 0.0, "decorations_per_walkable_area": 0.0, "nodes": 12, "avg-path-length": 1.5, "diameter-mean": 2.5, "art-points": 3, "assortativity-mean": 0, "betw-cen": NaN, "closn-cen": NaN, "distmap-max": 21.0, "distmap-mean": -Infinity, "distmap-var": 0.0, "distmap-skew": 0, "distmap-kurt": 0.0, "distmap-Q1": 0.0, "distmap-Q2": 0.0, "distmap-Q3": 0.004545454545454545, "path_wallmap": "DWANGO20_MAP12_wallmap.png", "path_heightmap": "DWANGO20_MAP12_heightmap.png", "path_triggermap": "DWANGO20_MAP12_triggermap.png", "path_thingsmap": "DWANGO20_MAP12_thingsmap.png", "path_floormap": "DWANGO20_MAP12_floormap.png", "path_roommap": "DWANGO20_MAP12_roommap.png", "slot": "MAP12", "path_json": "DWANGO20_MAP12.json"}