{"number_of_lines": 315, "number_of_things": 49, "number_of_sectors": 42, "number_of_subsectors": 220, "number_of_vertices": 296, "x_max": 5368, "y_max": 152, "x_min": 2192, "y_min": -2480, "height": 2633, "width": 3177, "aspect_ratio": 1.2066084314470187, "floor_height_max": 160.0, "floor_height_min": -240.0, "floor_height_avg": -82.47619047619048, "ceiling_height_max": 208.0, "ceiling_height_min": -232.0, "ceiling_height_avg": 133.52380952380952, "room_height_max": 448.0, "room_height_min": 0.0, "room_height_avg": 216.0, "sector_area_max": 1227290.0, "sector_area_min": 256.0, "sector_area_avg": 113132.04761904762, "lines_per_sector_max": 77.0, "lines_per_sector_min": 4.0, "lines_per_sector_avg": 11.285714285714286, "sector_aspect_ratio_max": 3.909090909090909, "sector_aspect_ratio_min": 1.0, "sector_aspect_ratio_avg": 1.694641902518394, "floors": 5, "level_area": 4856, "floors_area_mean": 971.2, "floors_area_min": 6, "floors_area_max": 4796, "floors_area_std": 1912.4220663859744, "level_bbox_area": 8100, "level_convex_area": 6324, "floors_convex_area_mean": 1100.4, "floors_convex_area_min": 6, "floors_convex_area_max": 5432, "floors_convex_area_std": 2165.8289498480713, "level_eccentricity": 0.6710952622758094, "floors_eccentricity_mean": 0.7973559880204053, "floors_eccentricity_min": 0.6874781684025488, "floors_eccentricity_max": 0.9677952080275489, "floors_eccentricity_std": 0.09319085165489863, "level_equivalent_diameter": 78.63110853367101, "floors_equivalent_diameter_mean": 18.921340762447098, "floors_equivalent_diameter_min": 2.763953195770684, "floors_equivalent_diameter_max": 78.14382161469862, "floors_equivalent_diameter_std": 29.64039658301062, "level_euler_number": 1, "floors_euler_number_mean": 0.2, "floors_euler_number_min": -3, "floors_euler_number_max": 1, "floors_euler_number_std": 1.6000000000000003, "level_extent": 0.5995061728395061, "floors_extent_mean": 0.7843740210406878, "floors_extent_min": 0.5666666666666667, "floors_extent_max": 1.0, "floors_extent_std": 0.18145974558878428, "level_filled_area": 4885, "floors_filled_area_mean": 977.0, "floors_filled_area_min": 6, "floors_filled_area_max": 4825, "floors_filled_area_std": 1924.021933346915, "level_major_axis_length": 95.16901813396538, "floors_major_axis_length_mean": 24.0253454586907, "floors_major_axis_length_min": 3.265986323710904, "floors_major_axis_length_max": 94.9222889156284, "floors_major_axis_length_std": 35.61559774445989, "level_minor_axis_length": 70.55556229375573, "floors_minor_axis_length_mean": 16.016185615692518, "floors_minor_axis_length_min": 2.0, "floors_minor_axis_length_max": 68.93304513180271, "floors_minor_axis_length_std": 26.468874310201002, "level_orientation": 0.4109303076242107, "floors_orientation_mean": -0.12263602034316375, "floors_orientation_min": -1.224835635675467, "floors_orientation_max": 0.4458955552244363, "floors_orientation_std": 0.5746866248159405, "level_perimeter": 409.5218613006979, "floors_perimeter_mean": 81.90437226013957, "floors_perimeter_min": 6.0, "floors_perimeter_max": 359.45079348883235, "floors_perimeter_std": 138.92867862043124, "level_solidity": 0.7678684376976597, "floors_solidity_mean": 0.9033508873715059, "floors_solidity_min": 0.7727272727272727, "floors_solidity_max": 1.0, "floors_solidity_std": 0.08711648730293527, "level_hu_moment_0": 0.18064288229987485, "level_hu_moment_1": 0.0027562697875338875, "level_hu_moment_2": 0.00040392068691862457, "level_hu_moment_3": 2.0556906037043545e-05, "level_hu_moment_4": -1.8417332596366488e-09, "level_hu_moment_5": -9.92053064937575e-07, "level_hu_moment_6": -3.4191420995673406e-10, "level_centroid_x": 42.28418451400329, "level_centroid_y": 48.05313014827018, "number_of_artifacts": 1, "number_of_powerups": 8, "number_of_weapons": 13, "number_of_ammunitions": 0, "number_of_keys": 0, "number_of_monsters": 0, "number_of_obstacles": 6, "number_of_decorations": 8, "walkable_area": 4515, "walkable_percentage": 0.9297775947281713, "start_location_x_px": 5, "start_location_y_px": 69, "artifacts_per_walkable_area": 0.00022148394241417498, "powerups_per_walkable_area": 0.0017718715393133999, "weapons_per_walkable_area": 0.0028792912513842745, "ammunitions_per_walkable_area": 0.0, "keys_per_walkable_area": 0.0, "monsters_per_walkable_area": 0.0, "obstacles_per_walkable_area": 0.00132890365448505, "decorations_per_walkable_area": 0.0017718715393133999, "nodes": 10, "avg-path-length": 1.2857142857142856, "diameter-mean": 2.0, "art-points": 0, "assortativity-mean": 0.26666666666666744, "betw-cen": NaN, "closn-cen": NaN, "distmap-max": 22.360679774997898, "distmap-mean": -Infinity, "distmap-var": 0.0, "distmap-skew": 0, "distmap-kurt": 0.0, "distmap-Q1": 0.0, "distmap-Q2": 0.020833333333333332, "distmap-Q3": 0.0625, "path_wallmap": "DWANGO20_MAP10_wallmap.png", "path_heightmap": "DWANGO20_MAP10_heightmap.png", "path_triggermap": "DWANGO20_MAP10_triggermap.png", "path_thingsmap": "DWANGO20_MAP10_thingsmap.png", "path_floormap": "DWANGO20_MAP10_floormap.png", "path_roommap": "DWANGO20_MAP10_roommap.png", "slot": "MAP10", "path_json": "DWANGO20_MAP10.json"}