{"number_of_lines": 253, "number_of_things": 48, "number_of_sectors": 27, "number_of_subsectors": 170, "number_of_vertices": 238, "x_max": 1120, "y_max": 1024, "x_min": -1408, "y_min": -1600, "height": 2625, "width": 2529, "aspect_ratio": 1.0379596678529064, "floor_height_max": 60.0, "floor_height_min": 0.0, "floor_height_avg": 27.333333333333332, "ceiling_height_max": 240.0, "ceiling_height_min": 76.0, "ceiling_height_avg": 161.77777777777777, "room_height_max": 232.0, "room_height_min": 16.0, "room_height_avg": 134.44444444444446, "sector_area_max": 3826944.0, "sector_area_min": 128.0, "sector_area_avg": 332105.48148148146, "lines_per_sector_max": 64.0, "lines_per_sector_min": 4.0, "lines_per_sector_avg": 12.88888888888889, "sector_aspect_ratio_max": 4.938461538461539, "sector_aspect_ratio_min": 1.0, "sector_aspect_ratio_avg": 1.753011751967691, "floors": 2, "level_area": 3846, "floors_area_mean": 1923.0, "floors_area_min": 7, "floors_area_max": 3839, "floors_area_std": 1916.0, "level_bbox_area": 5254, "level_convex_area": 4002, "floors_convex_area_mean": 1950.5, "floors_convex_area_min": 7, "floors_convex_area_max": 3894, "floors_convex_area_std": 1943.5, "level_eccentricity": 0.31416478089382444, "floors_eccentricity_mean": 0.6082664844520452, "floors_eccentricity_min": 0.32786734732659, "floors_eccentricity_max": 0.8886656215775005, "floors_eccentricity_std": 0.2803991371254552, "level_equivalent_diameter": 69.97770565724083, "floors_equivalent_diameter_mean": 36.449702527768196, "floors_equivalent_diameter_min": 2.985410660720923, "floors_equivalent_diameter_max": 69.91399439481548, "floors_equivalent_diameter_std": 33.46429186704728, "level_euler_number": 2, "floors_euler_number_mean": 1.0, "floors_euler_number_min": 1, "floors_euler_number_max": 1, "floors_euler_number_std": 0.0, "level_extent": 0.7320137038446898, "floors_extent_mean": 0.8410106159344124, "floors_extent_min": 0.8070212318688249, "floors_extent_max": 0.875, "floors_extent_std": 0.03398938406558755, "level_filled_area": 3846, "floors_filled_area_mean": 1923.0, "floors_filled_area_min": 7, "floors_filled_area_max": 3839, "floors_filled_area_std": 1916.0, "level_major_axis_length": 71.880980408102, "floors_major_axis_length_mean": 38.050409627739704, "floors_major_axis_length_min": 4.155374705678736, "floors_major_axis_length_max": 71.94544454980067, "floors_major_axis_length_std": 33.895034922060965, "level_minor_axis_length": 68.24153633973755, "floors_minor_axis_length_mean": 34.93702138942021, "floors_minor_axis_length_min": 1.9054711331003737, "floors_minor_axis_length_max": 67.96857164574004, "floors_minor_axis_length_std": 33.03155025631983, "level_orientation": -1.560221167613238, "floors_orientation_mean": -1.494829855672082, "floors_orientation_min": -1.5645917817882011, "floors_orientation_max": -1.425067929555963, "floors_orientation_std": 0.06976192611611909, "level_perimeter": 237.0304832720494, "floors_perimeter_mean": 118.5152416360247, "floors_perimeter_min": 7.207106781186548, "floors_perimeter_max": 229.82337649086284, "floors_perimeter_std": 111.30813485483814, "level_solidity": 0.9610194902548725, "floors_solidity_mean": 0.9929378531073446, "floors_solidity_min": 0.9858757062146892, "floors_solidity_max": 1.0, "floors_solidity_std": 0.007062146892655385, "level_hu_moment_0": 0.15964285339374776, "level_hu_moment_1": 6.867954858638228e-05, "level_hu_moment_2": 1.6370541096449894e-06, "level_hu_moment_3": 1.1793956554651e-08, "level_hu_moment_4": 1.3182317407425818e-17, "level_hu_moment_5": -8.821343304854552e-11, "level_hu_moment_6": 1.6387275368129234e-15, "level_centroid_x": 39.028861154446176, "level_centroid_y": 41.398595943837755, "number_of_artifacts": 2, "number_of_powerups": 4, "number_of_weapons": 12, "number_of_ammunitions": 22, "number_of_keys": 0, "number_of_monsters": 0, "number_of_obstacles": 0, "number_of_decorations": 0, "walkable_area": 3471, "walkable_percentage": 0.9024960998439937, "start_location_x_px": 12, "start_location_y_px": 16, "artifacts_per_walkable_area": 0.0005762028233938346, "powerups_per_walkable_area": 0.0011524056467876692, "weapons_per_walkable_area": 0.003457216940363008, "ammunitions_per_walkable_area": 0.006338231057332181, "keys_per_walkable_area": 0.0, "monsters_per_walkable_area": 0.0, "obstacles_per_walkable_area": 0.0, "decorations_per_walkable_area": 0.0, "nodes": 1, "avg-path-length": 0, "diameter-mean": 0, "art-points": 0, "assortativity-mean": 0, "betw-cen": NaN, "closn-cen": NaN, "distmap-max": 33.95585369269929, "distmap-mean": -Infinity, "distmap-var": 0.0, "distmap-skew": 0, "distmap-kurt": 0.0, "distmap-Q1": 0.0, "distmap-Q2": 0.0, "distmap-Q3": 0.0, "path_wallmap": "DWANGO5_MAP20_wallmap.png", "path_heightmap": "DWANGO5_MAP20_heightmap.png", "path_triggermap": "DWANGO5_MAP20_triggermap.png", "path_thingsmap": "DWANGO5_MAP20_thingsmap.png", "path_floormap": "DWANGO5_MAP20_floormap.png", "path_roommap": "DWANGO5_MAP20_roommap.png", "slot": "MAP20", "path_json": "DWANGO5_MAP20.json"}