{"number_of_lines": 532, "number_of_things": 139, "number_of_sectors": 130, "number_of_subsectors": 268, "number_of_vertices": 515, "x_max": 1856, "y_max": 2624, "x_min": -1056, "y_min": -1856, "height": 4481, "width": 2913, "aspect_ratio": 1.5382766906968761, "floor_height_max": 180.0, "floor_height_min": 0.0, "floor_height_avg": 79.78461538461538, "ceiling_height_max": 260.0, "ceiling_height_min": 40.0, "ceiling_height_avg": 213.23076923076923, "room_height_max": 260.0, "room_height_min": 16.0, "room_height_avg": 133.44615384615383, "sector_area_max": 3768320.0, "sector_area_min": 256.0, "sector_area_avg": 98899.69230769231, "lines_per_sector_max": 64.0, "lines_per_sector_min": 4.0, "lines_per_sector_avg": 6.207692307692308, "sector_aspect_ratio_max": 32.75, "sector_aspect_ratio_min": 1.0, "sector_aspect_ratio_avg": 9.150353437647235, "floors": 1, "level_area": 10032, "floors_area_mean": 10032.0, "floors_area_min": 10032, "floors_area_max": 10032, "floors_area_std": 0.0, "level_bbox_area": 12972, "level_convex_area": 11733, "floors_convex_area_mean": 11733.0, "floors_convex_area_min": 11733, "floors_convex_area_max": 11733, "floors_convex_area_std": 0.0, "level_eccentricity": 0.7262065092912786, "floors_eccentricity_mean": 0.7262065092912786, "floors_eccentricity_min": 0.7262065092912786, "floors_eccentricity_max": 0.7262065092912786, "floors_eccentricity_std": 0.0, "level_equivalent_diameter": 113.01831317438405, "floors_equivalent_diameter_mean": 113.01831317438405, "floors_equivalent_diameter_min": 113.01831317438405, "floors_equivalent_diameter_max": 113.01831317438405, "floors_equivalent_diameter_std": 0.0, "level_euler_number": -3, "floors_euler_number_mean": -3.0, "floors_euler_number_min": -3, "floors_euler_number_max": -3, "floors_euler_number_std": 0.0, "level_extent": 0.7733580018501388, "floors_extent_mean": 0.7733580018501388, "floors_extent_min": 0.7733580018501388, "floors_extent_max": 0.7733580018501388, "floors_extent_std": 0.0, "level_filled_area": 10721, "floors_filled_area_mean": 10721.0, "floors_filled_area_min": 10721, "floors_filled_area_max": 10721, "floors_filled_area_std": 0.0, "level_major_axis_length": 141.22704410853362, "floors_major_axis_length_mean": 141.22704410853362, "floors_major_axis_length_min": 141.22704410853362, "floors_major_axis_length_max": 141.22704410853362, "floors_major_axis_length_std": 0.0, "level_minor_axis_length": 97.09029122560455, "floors_minor_axis_length_mean": 97.09029122560455, "floors_minor_axis_length_min": 97.09029122560455, "floors_minor_axis_length_max": 97.09029122560455, "floors_minor_axis_length_std": 0.0, "level_orientation": 1.570700212346676, "floors_orientation_mean": 1.570700212346676, "floors_orientation_min": 1.570700212346676, "floors_orientation_max": 1.570700212346676, "floors_orientation_std": 0.0, "level_perimeter": 991.9655121145938, "floors_perimeter_mean": 991.9655121145938, "floors_perimeter_min": 991.9655121145938, "floors_perimeter_max": 991.9655121145938, "floors_perimeter_std": 0.0, "level_solidity": 0.8550242904627973, "floors_solidity_mean": 0.8550242904627973, "floors_solidity_min": 0.8550242904627973, "floors_solidity_max": 0.8550242904627973, "floors_solidity_std": 0.0, "level_hu_moment_0": 0.182986958220609, "level_hu_moment_1": 0.004294345818554912, "level_hu_moment_2": 7.49907906188723e-06, "level_hu_moment_3": 2.7759844893640168e-06, "level_hu_moment_4": 1.2665526500915725e-11, "level_hu_moment_5": 1.8183063918195403e-07, "level_hu_moment_6": -6.806409755059679e-14, "level_centroid_x": 45.97179027113238, "level_centroid_y": 70.89712918660287, "number_of_artifacts": 7, "number_of_powerups": 9, "number_of_weapons": 22, "number_of_ammunitions": 87, "number_of_keys": 0, "number_of_monsters": 0, "number_of_obstacles": 0, "number_of_decorations": 0, "walkable_area": 8997, "walkable_percentage": 0.8968301435406698, "start_location_x_px": 6, "start_location_y_px": 71, "artifacts_per_walkable_area": 0.0007780371234856063, "powerups_per_walkable_area": 0.0010003334444814939, "weapons_per_walkable_area": 0.0024452595309547628, "ammunitions_per_walkable_area": 0.009669889963321108, "keys_per_walkable_area": 0.0, "monsters_per_walkable_area": 0.0, "obstacles_per_walkable_area": 0.0, "decorations_per_walkable_area": 0.0, "nodes": 60, "avg-path-length": 7.84406779661017, "diameter-mean": 17.0, "art-points": 1, "assortativity-mean": -0.15227272727272786, "betw-cen": NaN, "closn-cen": NaN, "distmap-max": 41.19465984809196, "distmap-mean": -Infinity, "distmap-var": 0.0, "distmap-skew": 0, "distmap-kurt": 0.0, "distmap-Q1": 0.05187025131502045, "distmap-Q2": 0.08576855639976622, "distmap-Q3": 0.15020455873758035, "path_wallmap": "DWANGO20_MAP31_wallmap.png", "path_heightmap": "DWANGO20_MAP31_heightmap.png", "path_triggermap": "DWANGO20_MAP31_triggermap.png", "path_thingsmap": "DWANGO20_MAP31_thingsmap.png", "path_floormap": "DWANGO20_MAP31_floormap.png", "path_roommap": "DWANGO20_MAP31_roommap.png", "slot": "MAP31", "path_json": "DWANGO20_MAP31.json"}