{"number_of_lines": 1096, "number_of_things": 127, "number_of_sectors": 180, "number_of_subsectors": 678, "number_of_vertices": 991, "x_max": 1600, "y_max": 2752, "x_min": -960, "y_min": -1664, "height": 4417, "width": 2561, "aspect_ratio": 1.7247169074580242, "floor_height_max": 144.0, "floor_height_min": 0.0, "floor_height_avg": 71.55555555555556, "ceiling_height_max": 384.0, "ceiling_height_min": 0.0, "ceiling_height_avg": 208.84444444444443, "room_height_max": 256.0, "room_height_min": 0.0, "room_height_avg": 137.2888888888889, "sector_area_max": 572816.0, "sector_area_min": 128.0, "sector_area_avg": 23110.31111111111, "lines_per_sector_max": 63.0, "lines_per_sector_min": 4.0, "lines_per_sector_avg": 9.322222222222223, "sector_aspect_ratio_max": 10.696969696969697, "sector_aspect_ratio_min": 1.0, "sector_aspect_ratio_avg": 2.379106417602675, "floors": 5, "level_area": 4314, "floors_area_mean": 862.8, "floors_area_min": 3, "floors_area_max": 4271, "floors_area_std": 1704.1113109183916, "level_bbox_area": 11259, "level_convex_area": 7145, "floors_convex_area_mean": 1406.0, "floors_convex_area_min": 3, "floors_convex_area_max": 6982, "floors_convex_area_std": 2788.011621209639, "level_eccentricity": 0.9244979876096725, "floors_eccentricity_mean": 0.5702845797116707, "floors_eccentricity_min": 0.0, "floors_eccentricity_max": 1.0, "floors_eccentricity_std": 0.46642929228478114, "level_equivalent_diameter": 74.11312566602149, "floors_equivalent_diameter_mean": 17.55201801336294, "floors_equivalent_diameter_min": 1.9544100476116797, "floors_equivalent_diameter_max": 73.74283758822872, "floors_equivalent_diameter_std": 28.115436024648115, "level_euler_number": -2, "floors_euler_number_mean": -0.4, "floors_euler_number_min": -6, "floors_euler_number_max": 1, "floors_euler_number_std": 2.8, "level_extent": 0.383160138555822, "floors_extent_mean": 0.8009213193292796, "floors_extent_min": 0.3934954855352865, "floors_extent_max": 1.0, "floors_extent_std": 0.25334588549228065, "level_filled_area": 4503, "floors_filled_area_mean": 900.6, "floors_filled_area_min": 3, "floors_filled_area_max": 4460, "floors_filled_area_std": 1779.7108304440924, "level_major_axis_length": 135.2099287171456, "floors_major_axis_length_mean": 30.678177051479697, "floors_major_axis_length_min": 3.265986323710904, "floors_major_axis_length_max": 133.89813407279362, "floors_major_axis_length_std": 51.67000400276458, "level_minor_axis_length": 51.54025680014838, "floors_minor_axis_length_mean": 12.360880370929994, "floors_minor_axis_length_min": 0.0, "floors_minor_axis_length_max": 51.68257726105386, "floors_minor_axis_length_std": 19.704579898852824, "level_orientation": -1.5308639992312414, "floors_orientation_mean": 0.33997805116142765, "floors_orientation_min": -1.5302072987280058, "floors_orientation_max": 1.5707963267948966, "floors_orientation_std": 1.0461877239408524, "level_perimeter": 677.2152954766494, "floors_perimeter_mean": 135.4430590953299, "floors_perimeter_min": 1.0, "floors_perimeter_max": 642.2152954766494, "floors_perimeter_std": 253.44402713761275, "level_solidity": 0.6037788663400979, "floors_solidity_mean": 0.8853061311096259, "floors_solidity_min": 0.6117158407333142, "floors_solidity_max": 1.0, "floors_solidity_std": 0.1544569346739062, "level_hu_moment_0": 0.30334554495133337, "level_hu_moment_1": 0.051245763629702665, "level_hu_moment_2": 3.686388769079366e-05, "level_hu_moment_3": 4.224576202051317e-06, "level_hu_moment_4": 8.489713218379921e-12, "level_hu_moment_5": -9.320595763506216e-08, "level_hu_moment_6": -5.2031929954379034e-11, "level_centroid_x": 39.89313861845155, "level_centroid_y": 69.62633286972647, "number_of_artifacts": 35, "number_of_powerups": 16, "number_of_weapons": 14, "number_of_ammunitions": 28, "number_of_keys": 0, "number_of_monsters": 10, "number_of_obstacles": 0, "number_of_decorations": 0, "walkable_area": 3556, "walkable_percentage": 0.8242929995363931, "start_location_x_px": 19, "start_location_y_px": 69, "artifacts_per_walkable_area": 0.00984251968503937, "powerups_per_walkable_area": 0.0044994375703037125, "weapons_per_walkable_area": 0.003937007874015748, "ammunitions_per_walkable_area": 0.007874015748031496, "keys_per_walkable_area": 0.0, "monsters_per_walkable_area": 0.00281214848143982, "obstacles_per_walkable_area": 0.0, "decorations_per_walkable_area": 0.0, "nodes": 20, "avg-path-length": 2.0955882352941178, "diameter-mean": 3.5, "art-points": 5, "assortativity-mean": 0, "betw-cen": NaN, "closn-cen": NaN, "distmap-max": 17.204650534085253, "distmap-mean": -Infinity, "distmap-var": 0.0, "distmap-skew": 0, "distmap-kurt": 0.0, "distmap-Q1": 0.0021929824561403508, "distmap-Q2": 0.04093567251461988, "distmap-Q3": 0.10818713450292397, "path_wallmap": "DWANGO5_MAP14_wallmap.png", "path_heightmap": "DWANGO5_MAP14_heightmap.png", "path_triggermap": "DWANGO5_MAP14_triggermap.png", "path_thingsmap": "DWANGO5_MAP14_thingsmap.png", "path_floormap": "DWANGO5_MAP14_floormap.png", "path_roommap": "DWANGO5_MAP14_roommap.png", "slot": "MAP14", "path_json": "DWANGO5_MAP14.json"}