{"number_of_lines": 397, "number_of_things": 142, "number_of_sectors": 94, "number_of_subsectors": 250, "number_of_vertices": 358, "x_max": 1344, "y_max": 1216, "x_min": -1600, "y_min": -1728, "height": 2945, "width": 2945, "aspect_ratio": 1.0, "floor_height_max": 142.0, "floor_height_min": -12.0, "floor_height_avg": 66.76595744680851, "ceiling_height_max": 270.0, "ceiling_height_min": 258.0, "ceiling_height_avg": 269.48936170212767, "room_height_max": 282.0, "room_height_min": 128.0, "room_height_avg": 202.72340425531914, "sector_area_max": 4392960.0, "sector_area_min": 256.0, "sector_area_avg": 85487.65957446808, "lines_per_sector_max": 140.0, "lines_per_sector_min": 4.0, "lines_per_sector_avg": 6.851063829787234, "sector_aspect_ratio_max": 3.823529411764706, "sector_aspect_ratio_min": 1.0, "sector_aspect_ratio_avg": 1.6780744517057018, "floors": 14, "level_area": 5910, "floors_area_mean": 422.14285714285717, "floors_area_min": 6, "floors_area_max": 4428, "floors_area_std": 1121.4087987337853, "level_bbox_area": 8649, "level_convex_area": 8649, "floors_convex_area_mean": 522.7142857142857, "floors_convex_area_min": 6, "floors_convex_area_max": 4800, "floors_convex_area_std": 1216.0786175579408, "level_eccentricity": 0.08783149526586646, "floors_eccentricity_mean": 0.3246270895725359, "floors_eccentricity_min": 0.0, "floors_eccentricity_max": 1.0, "floors_eccentricity_std": 0.4194370956990294, "level_equivalent_diameter": 86.74586854360737, "floors_equivalent_diameter_mean": 13.535124497134428, "floors_equivalent_diameter_min": 2.763953195770684, "floors_equivalent_diameter_max": 75.08598207446781, "floors_equivalent_diameter_std": 18.822576446619735, "level_euler_number": 14, "floors_euler_number_mean": 1.0, "floors_euler_number_min": 1, "floors_euler_number_max": 1, "floors_euler_number_std": 0.0, "level_extent": 0.6833159902878946, "floors_extent_mean": 0.8005582661263683, "floors_extent_min": 0.36524453694068676, "floors_extent_max": 1.0, "floors_extent_std": 0.28270013523885623, "level_filled_area": 5910, "floors_filled_area_mean": 422.14285714285717, "floors_filled_area_min": 6, "floors_filled_area_max": 4428, "floors_filled_area_std": 1121.4087987337853, "level_major_axis_length": 99.78163256593004, "floors_major_axis_length_mean": 19.902462665486603, "floors_major_axis_length_min": 3.265986323710904, "floors_major_axis_length_max": 75.7924708990705, "floors_major_axis_length_std": 23.21641829444036, "level_minor_axis_length": 99.3960111250237, "floors_minor_axis_length_mean": 13.534922684795019, "floors_minor_axis_length_min": 0.0, "floors_minor_axis_length_max": 75.1914190961401, "floors_minor_axis_length_std": 19.11961395535408, "level_orientation": 0.5549003964318321, "floors_orientation_mean": 0.5048988193269325, "floors_orientation_min": -0.7853981633974484, "floors_orientation_max": 1.5707963267948966, "floors_orientation_std": 0.7029293414779757, "level_perimeter": 801.6223663640861, "floors_perimeter_mean": 57.25874045457759, "floors_perimeter_min": 4.0, "floors_perimeter_max": 281.7401153701776, "floors_perimeter_std": 77.9445763628627, "level_solidity": 0.6833159902878946, "floors_solidity_mean": 0.8731528103044496, "floors_solidity_min": 0.5754098360655737, "floors_solidity_max": 1.0, "floors_solidity_std": 0.18933163379338738, "level_hu_moment_0": 0.2097709520419639, "level_hu_moment_1": 6.597639772754361e-07, "level_hu_moment_2": 6.141746433016753e-08, "level_hu_moment_3": 7.075188688651848e-08, "level_hu_moment_4": -4.420099862082517e-15, "level_hu_moment_5": -4.512218202389525e-11, "level_hu_moment_6": -1.4883064752409104e-15, "level_centroid_x": 45.874957698815564, "level_centroid_y": 46.07783417935702, "number_of_artifacts": 23, "number_of_powerups": 30, "number_of_weapons": 24, "number_of_ammunitions": 17, "number_of_keys": 0, "number_of_monsters": 27, "number_of_obstacles": 0, "number_of_decorations": 0, "walkable_area": 5108, "walkable_percentage": 0.8642978003384095, "start_location_x_px": 1, "start_location_y_px": 1, "artifacts_per_walkable_area": 0.004502740798747063, "powerups_per_walkable_area": 0.005873140172278779, "weapons_per_walkable_area": 0.004698512137823023, "ammunitions_per_walkable_area": 0.0033281127642913076, "keys_per_walkable_area": 0.0, "monsters_per_walkable_area": 0.0052858261550509005, "obstacles_per_walkable_area": 0.0, "decorations_per_walkable_area": 0.0, "nodes": 45, "avg-path-length": 1.7777777777777777, "diameter-mean": 2.0, "art-points": 4, "assortativity-mean": 0, "betw-cen": NaN, "closn-cen": NaN, "distmap-max": 33.83784863137726, "distmap-mean": -Infinity, "distmap-var": 0.0, "distmap-skew": 0, "distmap-kurt": 0.0, "distmap-Q1": 0.0, "distmap-Q2": 0.0, "distmap-Q3": 0.0, "path_wallmap": "DWANGO5_MAP15_wallmap.png", "path_heightmap": "DWANGO5_MAP15_heightmap.png", "path_triggermap": "DWANGO5_MAP15_triggermap.png", "path_thingsmap": "DWANGO5_MAP15_thingsmap.png", "path_floormap": "DWANGO5_MAP15_floormap.png", "path_roommap": "DWANGO5_MAP15_roommap.png", "slot": "MAP15", "path_json": "DWANGO5_MAP15.json"}