{"number_of_lines": 853, "number_of_things": 92, "number_of_sectors": 161, "number_of_subsectors": 512, "number_of_vertices": 798, "x_max": 1328, "y_max": 2212, "x_min": -2536, "y_min": -256, "height": 2469, "width": 3865, "aspect_ratio": 1.5654110976103686, "floor_height_max": 332.0, "floor_height_min": 50.0, "floor_height_avg": 183.68944099378882, "ceiling_height_max": 484.0, "ceiling_height_min": 50.0, "ceiling_height_avg": 348.2857142857143, "room_height_max": 384.0, "room_height_min": 0.0, "room_height_avg": 164.59627329192546, "sector_area_max": 1488428.0, "sector_area_min": 16.0, "sector_area_avg": 32442.16149068323, "lines_per_sector_max": 76.0, "lines_per_sector_min": 3.0, "lines_per_sector_avg": 7.3478260869565215, "sector_aspect_ratio_max": 10.777777777777779, "sector_aspect_ratio_min": 1.0, "sector_aspect_ratio_avg": 2.0244442746496616, "floors": 1, "level_area": 4946, "floors_area_mean": 4946.0, "floors_area_min": 4946, "floors_area_max": 4946, "floors_area_std": 0.0, "level_bbox_area": 9438, "level_convex_area": 6607, "floors_convex_area_mean": 6607.0, "floors_convex_area_min": 6607, "floors_convex_area_max": 6607, "floors_convex_area_std": 0.0, "level_eccentricity": 0.8384052590610171, "floors_eccentricity_mean": 0.8384052590610171, "floors_eccentricity_min": 0.8384052590610171, "floors_eccentricity_max": 0.8384052590610171, "floors_eccentricity_std": 0.0, "level_equivalent_diameter": 79.35642877713258, "floors_equivalent_diameter_mean": 79.35642877713258, "floors_equivalent_diameter_min": 79.35642877713258, "floors_equivalent_diameter_max": 79.35642877713258, "floors_equivalent_diameter_std": 0.0, "level_euler_number": -15, "floors_euler_number_mean": -15.0, "floors_euler_number_min": -15, "floors_euler_number_max": -15, "floors_euler_number_std": 0.0, "level_extent": 0.5240517058698877, "floors_extent_mean": 0.5240517058698877, "floors_extent_min": 0.5240517058698877, "floors_extent_max": 0.5240517058698877, "floors_extent_std": 0.0, "level_filled_area": 5347, "floors_filled_area_mean": 5347.0, "floors_filled_area_min": 5347, "floors_filled_area_max": 5347, "floors_filled_area_std": 0.0, "level_major_axis_length": 118.93856873168392, "floors_major_axis_length_mean": 118.93856873168392, "floors_major_axis_length_min": 118.93856873168392, "floors_major_axis_length_max": 118.93856873168392, "floors_major_axis_length_std": 0.0, "level_minor_axis_length": 64.82715255505914, "floors_minor_axis_length_mean": 64.82715255505914, "floors_minor_axis_length_min": 64.82715255505914, "floors_minor_axis_length_max": 64.82715255505914, "floors_minor_axis_length_std": 0.0, "level_orientation": -0.42401066638746004, "floors_orientation_mean": -0.42401066638746004, "floors_orientation_min": -0.42401066638746004, "floors_orientation_max": -0.42401066638746004, "floors_orientation_std": 0.0, "level_perimeter": 825.6955262170047, "floors_perimeter_mean": 825.6955262170047, "floors_perimeter_min": 825.6955262170047, "floors_perimeter_max": 825.6955262170047, "floors_perimeter_std": 0.0, "level_solidity": 0.7485999697290753, "floors_solidity_mean": 0.7485999697290753, "floors_solidity_min": 0.7485999697290753, "floors_solidity_max": 0.7485999697290753, "floors_solidity_std": 0.0, "level_hu_moment_0": 0.2318659376306411, "level_hu_moment_1": 0.0157891451836083, "level_hu_moment_2": 0.0014171572371931443, "level_hu_moment_3": 0.0003805617201337799, "level_hu_moment_4": 2.724021037158832e-07, "level_hu_moment_5": 2.933744034845311e-05, "level_hu_moment_6": -6.248762148102789e-08, "level_centroid_x": 52.795996765062675, "level_centroid_y": 35.705418520016174, "number_of_artifacts": 0, "number_of_powerups": 11, "number_of_weapons": 13, "number_of_ammunitions": 33, "number_of_keys": 0, "number_of_monsters": 1, "number_of_obstacles": 10, "number_of_decorations": 0, "walkable_area": 4143, "walkable_percentage": 0.8376465830974524, "start_location_x_px": 7, "start_location_y_px": 48, "artifacts_per_walkable_area": 0.0, "powerups_per_walkable_area": 0.0026550808592807145, "weapons_per_walkable_area": 0.00313782283369539, "ammunitions_per_walkable_area": 0.007965242577842143, "keys_per_walkable_area": 0.0, "monsters_per_walkable_area": 0.0002413709872073377, "obstacles_per_walkable_area": 0.0024137098720733766, "decorations_per_walkable_area": 0.0, "nodes": 41, "avg-path-length": 5.215853658536585, "diameter-mean": 13.0, "art-points": 11, "assortativity-mean": 0.07949231796927204, "betw-cen": NaN, "closn-cen": NaN, "distmap-max": 19.1049731745428, "distmap-mean": -Infinity, "distmap-var": 0.0, "distmap-skew": 0, "distmap-kurt": 0.0, "distmap-Q1": 0.022094017094017097, "distmap-Q2": 0.06252136752136747, "distmap-Q3": 0.1423076923076923, "path_wallmap": "DWANGO20_MAP30_wallmap.png", "path_heightmap": "DWANGO20_MAP30_heightmap.png", "path_triggermap": "DWANGO20_MAP30_triggermap.png", "path_thingsmap": "DWANGO20_MAP30_thingsmap.png", "path_floormap": "DWANGO20_MAP30_floormap.png", "path_roommap": "DWANGO20_MAP30_roommap.png", "slot": "MAP30", "path_json": "DWANGO20_MAP30.json"}