{"number_of_lines": 188, "number_of_things": 58, "number_of_sectors": 29, "number_of_subsectors": 138, "number_of_vertices": 198, "x_max": 448, "y_max": 768, "x_min": -1920, "y_min": -1216, "height": 1985, "width": 2369, "aspect_ratio": 1.1934508816120908, "floor_height_max": 112.0, "floor_height_min": 0.0, "floor_height_avg": 33.37931034482759, "ceiling_height_max": 128.0, "ceiling_height_min": 96.0, "ceiling_height_avg": 120.82758620689656, "room_height_max": 120.0, "room_height_min": 0.0, "room_height_avg": 87.44827586206897, "sector_area_max": 2477056.0, "sector_area_min": 256.0, "sector_area_avg": 201763.3103448276, "lines_per_sector_max": 80.0, "lines_per_sector_min": 4.0, "lines_per_sector_avg": 9.758620689655173, "sector_aspect_ratio_max": 49.888888888888886, "sector_aspect_ratio_min": 1.0, "sector_aspect_ratio_avg": 11.614002439044251, "floors": 3, "level_area": 2565, "floors_area_mean": 855.0, "floors_area_min": 2, "floors_area_max": 2530, "floors_area_std": 1184.4714714448241, "level_bbox_area": 3808, "level_convex_area": 3157, "floors_convex_area_mean": 883.3333333333334, "floors_convex_area_min": 2, "floors_convex_area_max": 2615, "floors_convex_area_std": 1224.5386432811702, "level_eccentricity": 0.4340424623528175, "floors_eccentricity_mean": 0.7795792655022337, "floors_eccentricity_min": 0.37264601342740516, "floors_eccentricity_max": 1.0, "floors_eccentricity_std": 0.28807805137593334, "level_equivalent_diameter": 57.147698398498015, "floors_equivalent_diameter_mean": 21.61142551587227, "floors_equivalent_diameter_min": 1.5957691216057308, "floors_equivalent_diameter_max": 56.7564626115825, "floors_equivalent_diameter_std": 24.93122736490262, "level_euler_number": 3, "floors_euler_number_mean": 1.0, "floors_euler_number_min": 1, "floors_euler_number_max": 1, "floors_euler_number_std": 0.0, "level_extent": 0.6735819327731093, "floors_extent_mean": 0.979591836734694, "floors_extent_min": 0.9387755102040817, "floors_extent_max": 1.0, "floors_extent_std": 0.02886150127292029, "level_filled_area": 2565, "floors_filled_area_mean": 855.0, "floors_filled_area_min": 2, "floors_filled_area_max": 2530, "floors_filled_area_std": 1184.4714714448241, "level_major_axis_length": 62.425331556847055, "floors_major_axis_length_mean": 24.93419973979358, "floors_major_axis_length_min": 2.0, "floors_major_axis_length_max": 60.15348857870722, "floors_major_axis_length_std": 25.28042218922839, "level_minor_axis_length": 56.23850761577421, "floors_minor_axis_length_mean": 19.695611311584713, "floors_minor_axis_length_min": 0.0, "floors_minor_axis_length_max": 55.820847611043234, "floors_minor_axis_length_std": 25.57917368922686, "level_orientation": -0.28839698543172243, "floors_orientation_mean": 1.0458818764068067, "floors_orientation_min": -0.0039470243693728105, "floors_orientation_max": 1.5707963267948966, "floors_orientation_std": 0.7423411348244557, "level_perimeter": 226.48528137423855, "floors_perimeter_mean": 75.49509379141286, "floors_perimeter_min": 0.0, "floors_perimeter_max": 202.48528137423855, "floors_perimeter_std": 90.32858833813705, "level_solidity": 0.8124802027241051, "floors_solidity_mean": 0.9891650732950924, "floors_solidity_min": 0.9674952198852772, "floors_solidity_max": 1.0, "floors_solidity_std": 0.015322900293398755, "level_hu_moment_0": 0.17201977969863003, "level_hu_moment_1": 0.0003200056165741401, "level_hu_moment_2": 7.985882003387622e-05, "level_hu_moment_3": 2.3669801692491265e-05, "level_hu_moment_4": 1.0147192062043957e-09, "level_hu_moment_5": 2.8375347769012417e-07, "level_hu_moment_6": 1.7138038474486999e-10, "level_centroid_x": 39.513450292397664, "level_centroid_y": 31.232748538011695, "number_of_artifacts": 1, "number_of_powerups": 7, "number_of_weapons": 15, "number_of_ammunitions": 10, "number_of_keys": 0, "number_of_monsters": 1, "number_of_obstacles": 0, "number_of_decorations": 0, "walkable_area": 2167, "walkable_percentage": 0.8448343079922027, "start_location_x_px": 2, "start_location_y_px": 57, "artifacts_per_walkable_area": 0.00046146746654360867, "powerups_per_walkable_area": 0.003230272265805261, "weapons_per_walkable_area": 0.00692201199815413, "ammunitions_per_walkable_area": 0.0046146746654360865, "keys_per_walkable_area": 0.0, "monsters_per_walkable_area": 0.00046146746654360867, "obstacles_per_walkable_area": 0.0, "decorations_per_walkable_area": 0.0, "nodes": 5, "avg-path-length": 1.1666666666666665, "diameter-mean": 1.5, "art-points": 1, "assortativity-mean": -0.4999999999999998, "betw-cen": NaN, "closn-cen": NaN, "distmap-max": 24.0, "distmap-mean": -Infinity, "distmap-var": 0.0, "distmap-skew": 0, "distmap-kurt": 0.0, "distmap-Q1": 0.0, "distmap-Q2": 0.0, "distmap-Q3": 0.0, "path_wallmap": "DWANGO5_MAP07_wallmap.png", "path_heightmap": "DWANGO5_MAP07_heightmap.png", "path_triggermap": "DWANGO5_MAP07_triggermap.png", "path_thingsmap": "DWANGO5_MAP07_thingsmap.png", "path_floormap": "DWANGO5_MAP07_floormap.png", "path_roommap": "DWANGO5_MAP07_roommap.png", "slot": "MAP07", "path_json": "DWANGO5_MAP07.json"}