{"number_of_lines": 492, "number_of_things": 73, "number_of_sectors": 70, "number_of_subsectors": 268, "number_of_vertices": 441, "x_max": 1280, "y_max": 1536, "x_min": -1280, "y_min": -1024, "height": 2561, "width": 2561, "aspect_ratio": 1.0, "floor_height_max": 183.0, "floor_height_min": -60.0, "floor_height_avg": 27.085714285714285, "ceiling_height_max": 260.0, "ceiling_height_min": -48.0, "ceiling_height_avg": 156.75714285714287, "room_height_max": 260.0, "room_height_min": 0.0, "room_height_avg": 129.67142857142858, "sector_area_max": 3234816.0, "sector_area_min": 256.0, "sector_area_avg": 57501.50714285715, "lines_per_sector_max": 60.0, "lines_per_sector_min": 3.0, "lines_per_sector_avg": 10.628571428571428, "sector_aspect_ratio_max": 7.588235294117647, "sector_aspect_ratio_min": 1.0, "sector_aspect_ratio_avg": 2.2627387000169836, "floors": 6, "level_area": 4197, "floors_area_mean": 699.5, "floors_area_min": 4, "floors_area_max": 3901, "floors_area_std": 1432.6198321024783, "level_bbox_area": 6561, "level_convex_area": 5525, "floors_convex_area_mean": 889.5, "floors_convex_area_min": 4, "floors_convex_area_max": 4993, "floors_convex_area_std": 1836.1371363090866, "level_eccentricity": 0.677059067111566, "floors_eccentricity_mean": 0.5053675031651338, "floors_eccentricity_min": 0.0, "floors_eccentricity_max": 0.7919113661569926, "floors_eccentricity_std": 0.28406104722636094, "level_equivalent_diameter": 73.10120634608897, "floors_equivalent_diameter_mean": 18.031591888595198, "floors_equivalent_diameter_min": 2.256758334191025, "floors_equivalent_diameter_max": 70.47629008405501, "floors_equivalent_diameter_std": 23.780091578995115, "level_euler_number": 6, "floors_euler_number_mean": 1.0, "floors_euler_number_min": 1, "floors_euler_number_max": 1, "floors_euler_number_std": 0.0, "level_extent": 0.6396890717878372, "floors_extent_mean": 0.7454367027255957, "floors_extent_min": 0.5441176470588235, "floors_extent_max": 1.0, "floors_extent_std": 0.17777540263281894, "level_filled_area": 4197, "floors_filled_area_mean": 699.5, "floors_filled_area_min": 4, "floors_filled_area_max": 3901, "floors_filled_area_std": 1432.6198321024783, "level_major_axis_length": 97.84090164717685, "floors_major_axis_length_mean": 24.253103221943842, "floors_major_axis_length_min": 2.0, "floors_major_axis_length_max": 100.92595219733836, "floors_major_axis_length_std": 34.65162215091715, "level_minor_axis_length": 72.00392543937711, "floors_minor_axis_length_mean": 16.15095173737776, "floors_minor_axis_length_min": 2.0, "floors_minor_axis_length_max": 61.62902500645487, "floors_minor_axis_length_std": 20.7108987591569, "level_orientation": -0.7047866591176432, "floors_orientation_mean": 0.16382583698060482, "floors_orientation_min": -0.705256677698, "floors_orientation_max": 0.7853981633974483, "floors_orientation_std": 0.555023340581112, "level_perimeter": 523.7645019878171, "floors_perimeter_mean": 87.2940836646362, "floors_perimeter_min": 4.0, "floors_perimeter_max": 390.2670273047588, "floors_perimeter_std": 136.59869386852162, "level_solidity": 0.7596380090497737, "floors_solidity_mean": 0.9052896196186634, "floors_solidity_min": 0.7812938113358702, "floors_solidity_max": 1.0, "floors_solidity_std": 0.08879778497600213, "level_hu_moment_0": 0.21976124782302706, "level_hu_moment_1": 0.00427041532816822, "level_hu_moment_2": 0.0006942719383697205, "level_hu_moment_3": 0.00026594551814252066, "level_hu_moment_4": -1.1204097281994398e-07, "level_hu_moment_5": -1.7226502580755015e-05, "level_hu_moment_6": 2.2488925525748423e-08, "level_centroid_x": 43.58541815582559, "level_centroid_y": 44.859185132237315, "number_of_artifacts": 0, "number_of_powerups": 0, "number_of_weapons": 8, "number_of_ammunitions": 18, "number_of_keys": 0, "number_of_monsters": 0, "number_of_obstacles": 27, "number_of_decorations": 0, "walkable_area": 3703, "walkable_percentage": 0.8822968787228973, "start_location_x_px": 1, "start_location_y_px": 48, "artifacts_per_walkable_area": 0.0, "powerups_per_walkable_area": 0.0, "weapons_per_walkable_area": 0.002160410477990818, "ammunitions_per_walkable_area": 0.004860923575479341, "keys_per_walkable_area": 0.0, "monsters_per_walkable_area": 0.0, "obstacles_per_walkable_area": 0.007291385363219011, "decorations_per_walkable_area": 0.0, "nodes": 21, "avg-path-length": 3.8666666666666667, "diameter-mean": 10.0, "art-points": 9, "assortativity-mean": 0, "betw-cen": NaN, "closn-cen": NaN, "distmap-max": 17.46424919657298, "distmap-mean": -Infinity, "distmap-var": 0.0, "distmap-skew": 0, "distmap-kurt": 0.0, "distmap-Q1": 0.0, "distmap-Q2": 0.02368421052631579, "distmap-Q3": 0.1368421052631579, "path_wallmap": "DWANGO20_MAP17_wallmap.png", "path_heightmap": "DWANGO20_MAP17_heightmap.png", "path_triggermap": "DWANGO20_MAP17_triggermap.png", "path_thingsmap": "DWANGO20_MAP17_thingsmap.png", "path_floormap": "DWANGO20_MAP17_floormap.png", "path_roommap": "DWANGO20_MAP17_roommap.png", "slot": "MAP17", "path_json": "DWANGO20_MAP17.json"}