{"number_of_lines": 273, "number_of_things": 85, "number_of_sectors": 63, "number_of_subsectors": 192, "number_of_vertices": 279, "x_max": 1216, "y_max": 1216, "x_min": -1280, "y_min": -1216, "height": 2433, "width": 2497, "aspect_ratio": 1.0263049732840115, "floor_height_max": 96.0, "floor_height_min": -40.0, "floor_height_avg": 4.9523809523809526, "ceiling_height_max": 128.0, "ceiling_height_min": 8.0, "ceiling_height_avg": 67.42857142857143, "room_height_max": 128.0, "room_height_min": 0.0, "room_height_avg": 62.476190476190474, "sector_area_max": 368640.0, "sector_area_min": 384.0, "sector_area_avg": 22671.619047619046, "lines_per_sector_max": 80.0, "lines_per_sector_min": 4.0, "lines_per_sector_avg": 6.7936507936507935, "sector_aspect_ratio_max": 7.222222222222222, "sector_aspect_ratio_min": 1.0, "sector_aspect_ratio_avg": 1.9171198922006456, "floors": 15, "level_area": 1360, "floors_area_mean": 90.66666666666667, "floors_area_min": 13, "floors_area_max": 453, "floors_area_std": 110.64035831869352, "level_bbox_area": 6083, "level_convex_area": 4541, "floors_convex_area_mean": 134.06666666666666, "floors_convex_area_min": 13, "floors_convex_area_max": 753, "floors_convex_area_std": 183.87295130666237, "level_eccentricity": 0.4649560208804608, "floors_eccentricity_mean": 0.41007470107515437, "floors_eccentricity_min": 0.0, "floors_eccentricity_max": 0.9405008413844456, "floors_eccentricity_std": 0.4428987657405477, "level_equivalent_diameter": 41.61256758288079, "floors_equivalent_diameter_mean": 9.19487151890052, "floors_equivalent_diameter_min": 4.068428945128219, "floors_equivalent_diameter_max": 24.016192740836935, "floors_equivalent_diameter_std": 5.558302181442949, "level_euler_number": 14, "floors_euler_number_mean": 0.9333333333333333, "floors_euler_number_min": 0, "floors_euler_number_max": 1, "floors_euler_number_std": 0.24944382578492946, "level_extent": 0.22357389445997042, "floors_extent_mean": 0.5566826151561586, "floors_extent_min": 0.36764705882352944, "floors_extent_max": 1.0, "floors_extent_std": 0.2290529481702698, "level_filled_area": 1364, "floors_filled_area_mean": 90.93333333333334, "floors_filled_area_min": 13, "floors_filled_area_max": 453, "floors_filled_area_std": 110.87678847361255, "level_major_axis_length": 79.98618162975865, "floors_major_axis_length_mean": 14.116322183513152, "floors_major_axis_length_min": 4.1509961733021665, "floors_major_axis_length_max": 30.72055922964129, "floors_major_axis_length_std": 9.463581254396791, "level_minor_axis_length": 70.8144683781659, "floors_minor_axis_length_mean": 8.578791535499265, "floors_minor_axis_length_min": 4.1509961733021665, "floors_minor_axis_length_max": 30.72055922964129, "floors_minor_axis_length_std": 6.762399154192526, "level_orientation": -0.023994995784793513, "floors_orientation_mean": 0.42588373032400756, "floors_orientation_min": -0.9657028300935357, "floors_orientation_max": 1.0158023127756268, "floors_orientation_std": 0.6296393951120788, "level_perimeter": 666.5584412271571, "floors_perimeter_mean": 44.4372294151438, "floors_perimeter_min": 11.313708498984761, "floors_perimeter_max": 177.94112549695427, "floors_perimeter_std": 43.50269627609646, "level_solidity": 0.29949350363356086, "floors_solidity_mean": 0.8332180867071652, "floors_solidity_min": 0.601593625498008, "floors_solidity_max": 1.0, "floors_solidity_std": 0.15803473286501135, "level_hu_moment_0": 0.5244705047514246, "level_hu_moment_1": 0.004040076433877084, "level_hu_moment_2": 0.005507985198361269, "level_hu_moment_3": 0.0005993302165007624, "level_hu_moment_4": -1.0575729057631927e-06, "level_hu_moment_5": -3.797215055556647e-05, "level_hu_moment_6": -2.593925744217337e-07, "level_centroid_x": 39.058088235294115, "level_centroid_y": 37.263970588235296, "number_of_artifacts": 3, "number_of_powerups": 7, "number_of_weapons": 14, "number_of_ammunitions": 24, "number_of_keys": 0, "number_of_monsters": 0, "number_of_obstacles": 0, "number_of_decorations": 6, "walkable_area": 953, "walkable_percentage": 0.700735294117647, "start_location_x_px": 12, "start_location_y_px": 37, "artifacts_per_walkable_area": 0.0031479538300104933, "powerups_per_walkable_area": 0.007345225603357817, "weapons_per_walkable_area": 0.014690451206715634, "ammunitions_per_walkable_area": 0.025183630640083946, "keys_per_walkable_area": 0.0, "monsters_per_walkable_area": 0.0, "obstacles_per_walkable_area": 0.0, "decorations_per_walkable_area": 0.0062959076600209865, "nodes": 38, "avg-path-length": 1.525, "diameter-mean": 2.5, "art-points": 11, "assortativity-mean": -0.47517730496454125, "betw-cen": NaN, "closn-cen": NaN, "distmap-max": 5.0, "distmap-mean": -Infinity, "distmap-var": 0.0, "distmap-skew": 0, "distmap-kurt": 0.0, "distmap-Q1": 0.0, "distmap-Q2": 0.0, "distmap-Q3": 0.0015015015015015015, "path_wallmap": "DWANGO20_MAP26_wallmap.png", "path_heightmap": "DWANGO20_MAP26_heightmap.png", "path_triggermap": "DWANGO20_MAP26_triggermap.png", "path_thingsmap": "DWANGO20_MAP26_thingsmap.png", "path_floormap": "DWANGO20_MAP26_floormap.png", "path_roommap": "DWANGO20_MAP26_roommap.png", "slot": "MAP26", "path_json": "DWANGO20_MAP26.json"}