{"number_of_lines": 342, "number_of_things": 32, "number_of_sectors": 57, "number_of_subsectors": 264, "number_of_vertices": 362, "x_max": 1024, "y_max": 800, "x_min": -1640, "y_min": -1608, "height": 2409, "width": 2665, "aspect_ratio": 1.1062681610626817, "floor_height_max": 144.0, "floor_height_min": -112.0, "floor_height_avg": 2.3859649122807016, "ceiling_height_max": 424.0, "ceiling_height_min": 64.0, "ceiling_height_avg": 344.8421052631579, "room_height_max": 536.0, "room_height_min": 0.0, "room_height_avg": 342.4561403508772, "sector_area_max": 4283648.0, "sector_area_min": 256.0, "sector_area_avg": 150343.29824561405, "lines_per_sector_max": 49.0, "lines_per_sector_min": 4.0, "lines_per_sector_avg": 10.280701754385966, "sector_aspect_ratio_max": 17.32, "sector_aspect_ratio_min": 1.0, "sector_aspect_ratio_avg": 4.438173602022036, "floors": 2, "level_area": 4767, "floors_area_mean": 2383.5, "floors_area_min": 465, "floors_area_max": 4302, "floors_area_std": 1918.5, "level_bbox_area": 5904, "level_convex_area": 5350, "floors_convex_area_mean": 2431.5, "floors_convex_area_min": 514, "floors_convex_area_max": 4349, "floors_convex_area_std": 1917.5, "level_eccentricity": 0.4205763821247669, "floors_eccentricity_mean": 0.6959370981676753, "floors_eccentricity_min": 0.4036600785991695, "floors_eccentricity_max": 0.9882141177361813, "floors_eccentricity_std": 0.2922770195685059, "level_equivalent_diameter": 77.90720704628373, "floors_equivalent_diameter_mean": 49.17109234497076, "floors_equivalent_diameter_min": 24.33220886606579, "floors_equivalent_diameter_max": 74.00997582387573, "floors_equivalent_diameter_std": 24.83888347890497, "level_euler_number": 2, "floors_euler_number_mean": 1.0, "floors_euler_number_min": 1, "floors_euler_number_max": 1, "floors_euler_number_std": 0.0, "level_extent": 0.8074186991869918, "floors_extent_mean": 0.8170715778474399, "floors_extent_min": 0.7288401253918495, "floors_extent_max": 0.9053030303030303, "floors_extent_std": 0.08823145245559039, "level_filled_area": 4767, "floors_filled_area_mean": 2383.5, "floors_filled_area_min": 465, "floors_filled_area_max": 4302, "floors_filled_area_std": 1918.5, "level_major_axis_length": 84.41451556368835, "floors_major_axis_length_mean": 71.5320649486778, "floors_major_axis_length_min": 65.0245182864762, "floors_major_axis_length_max": 78.0396116108794, "floors_major_axis_length_std": 6.507546662201605, "level_minor_axis_length": 76.58567143993176, "floors_minor_axis_length_mean": 40.676482690651085, "floors_minor_axis_length_min": 9.953819689444044, "floors_minor_axis_length_max": 71.39914569185812, "floors_minor_axis_length_std": 30.72266300120704, "level_orientation": 0.08286951060661586, "floors_orientation_mean": -0.09982011949848368, "floors_orientation_min": -1.5667878462509603, "floors_orientation_max": 1.367147607253993, "floors_orientation_std": 1.4669677267524768, "level_perimeter": 377.88225099390854, "floors_perimeter_mean": 188.94112549695427, "floors_perimeter_min": 130.48528137423858, "floors_perimeter_max": 247.39696961966996, "floors_perimeter_std": 58.45584412271569, "level_solidity": 0.8910280373831776, "floors_solidity_mean": 0.9469310893062763, "floors_solidity_min": 0.9046692607003891, "floors_solidity_max": 0.9891929179121637, "floors_solidity_std": 0.042261828605887286, "level_hu_moment_0": 0.170326928725579, "level_hu_moment_1": 0.0002730975374210047, "level_hu_moment_2": 2.4405481687009416e-05, "level_hu_moment_3": 2.2827780866622218e-05, "level_hu_moment_4": 4.805381528823188e-10, "level_hu_moment_5": 3.4675202332236077e-07, "level_hu_moment_6": 2.4372955343158463e-10, "level_centroid_x": 39.93706733794839, "level_centroid_y": 36.41011118103629, "number_of_artifacts": 2, "number_of_powerups": 2, "number_of_weapons": 10, "number_of_ammunitions": 1, "number_of_keys": 0, "number_of_monsters": 1, "number_of_obstacles": 2, "number_of_decorations": 0, "walkable_area": 4507, "walkable_percentage": 0.9454583595552759, "start_location_x_px": 4, "start_location_y_px": 42, "artifacts_per_walkable_area": 0.00044375416019525185, "powerups_per_walkable_area": 0.00044375416019525185, "weapons_per_walkable_area": 0.002218770800976259, "ammunitions_per_walkable_area": 0.00022187708009762592, "keys_per_walkable_area": 0.0, "monsters_per_walkable_area": 0.00022187708009762592, "obstacles_per_walkable_area": 0.00044375416019525185, "decorations_per_walkable_area": 0.0, "nodes": 15, "avg-path-length": 2.8333333333333335, "diameter-mean": 6.5, "art-points": 11, "assortativity-mean": 0.4090909090909038, "betw-cen": NaN, "closn-cen": NaN, "distmap-max": 33.0, "distmap-mean": -Infinity, "distmap-var": 0.0, "distmap-skew": 0, "distmap-kurt": 0.0, "distmap-Q1": 0.06043956043956045, "distmap-Q2": 0.2197802197802198, "distmap-Q3": 0.3516483516483517, "path_wallmap": "DWANGO20_MAP03_wallmap.png", "path_heightmap": "DWANGO20_MAP03_heightmap.png", "path_triggermap": "DWANGO20_MAP03_triggermap.png", "path_thingsmap": "DWANGO20_MAP03_thingsmap.png", "path_floormap": "DWANGO20_MAP03_floormap.png", "path_roommap": "DWANGO20_MAP03_roommap.png", "slot": "MAP03", "path_json": "DWANGO20_MAP03.json"}