{"number_of_lines": 1391, "number_of_things": 394, "number_of_sectors": 283, "number_of_subsectors": 889, "number_of_vertices": 1432, "x_max": 3206, "y_max": 3402, "x_min": -2560, "y_min": -2526, "height": 5929, "width": 5767, "aspect_ratio": 1.028090861799896, "floor_height_max": 260.0, "floor_height_min": -48.0, "floor_height_avg": 53.75618374558304, "ceiling_height_max": 512.0, "ceiling_height_min": 0.0, "ceiling_height_avg": 248.0565371024735, "room_height_max": 560.0, "room_height_min": 0.0, "room_height_avg": 194.30035335689047, "sector_area_max": 28272335.5, "sector_area_min": 0.0, "sector_area_avg": 212234.08657243816, "lines_per_sector_max": 122.0, "lines_per_sector_min": 1.0, "lines_per_sector_avg": 8.19434628975265, "sector_aspect_ratio_max": 100.03703703703704, "sector_aspect_ratio_min": 1.0, "sector_aspect_ratio_avg": 6.9682791721199, "floors": 1, "level_area": 28004, "floors_area_mean": 28004.0, "floors_area_min": 28004, "floors_area_max": 28004, "floors_area_std": 0.0, "level_bbox_area": 33666, "level_convex_area": 28159, "floors_convex_area_mean": 28159.0, "floors_convex_area_min": 28159, "floors_convex_area_max": 28159, "floors_convex_area_std": 0.0, "level_eccentricity": 0.6625685247453366, "floors_eccentricity_mean": 0.6625685247453366, "floors_eccentricity_min": 0.6625685247453366, "floors_eccentricity_max": 0.6625685247453366, "floors_eccentricity_std": 0.0, "level_equivalent_diameter": 188.827435005519, "floors_equivalent_diameter_mean": 188.827435005519, "floors_equivalent_diameter_min": 188.827435005519, "floors_equivalent_diameter_max": 188.827435005519, "floors_equivalent_diameter_std": 0.0, "level_euler_number": 1, "floors_euler_number_mean": 1.0, "floors_euler_number_min": 1, "floors_euler_number_max": 1, "floors_euler_number_std": 0.0, "level_extent": 0.8318184518505317, "floors_extent_mean": 0.8318184518505317, "floors_extent_min": 0.8318184518505317, "floors_extent_max": 0.8318184518505317, "floors_extent_std": 0.0, "level_filled_area": 28004, "floors_filled_area_mean": 28004.0, "floors_filled_area_min": 28004, "floors_filled_area_max": 28004, "floors_filled_area_std": 0.0, "level_major_axis_length": 224.68467028533416, "floors_major_axis_length_mean": 224.68467028533416, "floors_major_axis_length_min": 224.68467028533416, "floors_major_axis_length_max": 224.68467028533416, "floors_major_axis_length_std": 0.0, "level_minor_axis_length": 168.28911052602396, "floors_minor_axis_length_mean": 168.28911052602396, "floors_minor_axis_length_min": 168.28911052602396, "floors_minor_axis_length_max": 168.28911052602396, "floors_minor_axis_length_std": 0.0, "level_orientation": -0.799553723000626, "floors_orientation_mean": -0.799553723000626, "floors_orientation_min": -0.799553723000626, "floors_orientation_max": -0.799553723000626, "floors_orientation_std": 0.0, "level_perimeter": 673.7645019878171, "floors_perimeter_mean": 673.7645019878171, "floors_perimeter_min": 673.7645019878171, "floors_perimeter_max": 673.7645019878171, "floors_perimeter_std": 0.0, "level_solidity": 0.9944955431655954, "floors_solidity_mean": 0.9944955431655954, "floors_solidity_min": 0.9944955431655954, "floors_solidity_max": 0.9944955431655954, "floors_solidity_std": 0.0, "level_hu_moment_0": 0.17587761074951264, "level_hu_moment_1": 0.0024464529648488133, "level_hu_moment_2": 0.0007817168514220386, "level_hu_moment_3": 5.0156383821122475e-06, "level_hu_moment_4": 7.645472721620886e-11, "level_hu_moment_5": -5.688066490376697e-08, "level_hu_moment_6": 3.046128867169034e-10, "level_centroid_x": 99.22993143836595, "level_centroid_y": 103.93811598343093, "number_of_artifacts": 21, "number_of_powerups": 38, "number_of_weapons": 12, "number_of_ammunitions": 38, "number_of_keys": 0, "number_of_monsters": 35, "number_of_obstacles": 123, "number_of_decorations": 71, "walkable_area": 26693, "walkable_percentage": 0.9531852592486788, "start_location_x_px": 63, "start_location_y_px": 156, "artifacts_per_walkable_area": 0.0007867231109279587, "powerups_per_walkable_area": 0.0014235942007267822, "weapons_per_walkable_area": 0.00044955606338740496, "ammunitions_per_walkable_area": 0.0014235942007267822, "keys_per_walkable_area": 0.0, "monsters_per_walkable_area": 0.001311205184879931, "obstacles_per_walkable_area": 0.0046079496497209, "decorations_per_walkable_area": 0.002659873375042146, "nodes": 5, "avg-path-length": 1.7, "diameter-mean": 3.0, "art-points": 2, "assortativity-mean": -0.11111111111111355, "betw-cen": NaN, "closn-cen": NaN, "distmap-max": 95.0, "distmap-mean": -Infinity, "distmap-var": 0.0, "distmap-skew": 0, "distmap-kurt": 0.0, "distmap-Q1": 0.0, "distmap-Q2": 0.0, "distmap-Q3": 0.5, "path_wallmap": "DWANGO20_MAP29_wallmap.png", "path_heightmap": "DWANGO20_MAP29_heightmap.png", "path_triggermap": "DWANGO20_MAP29_triggermap.png", "path_thingsmap": "DWANGO20_MAP29_thingsmap.png", "path_floormap": "DWANGO20_MAP29_floormap.png", "path_roommap": "DWANGO20_MAP29_roommap.png", "slot": "MAP29", "path_json": "DWANGO20_MAP29.json"}