{"number_of_lines": 369, "number_of_things": 104, "number_of_sectors": 98, "number_of_subsectors": 254, "number_of_vertices": 415, "x_max": 1672, "y_max": 960, "x_min": -2432, "y_min": -1536, "height": 2497, "width": 4105, "aspect_ratio": 1.643972767320785, "floor_height_max": 200.0, "floor_height_min": -64.0, "floor_height_avg": 73.42857142857143, "ceiling_height_max": 256.0, "ceiling_height_min": -16.0, "ceiling_height_avg": 224.48979591836735, "room_height_max": 320.0, "room_height_min": 19.0, "room_height_avg": 151.0612244897959, "sector_area_max": 3346176.0, "sector_area_min": 256.0, "sector_area_avg": 79130.89795918367, "lines_per_sector_max": 63.0, "lines_per_sector_min": 3.0, "lines_per_sector_avg": 5.877551020408164, "sector_aspect_ratio_max": 3.6666666666666665, "sector_aspect_ratio_min": 1.0, "sector_aspect_ratio_avg": 1.3266808162289923, "floors": 1, "level_area": 5630, "floors_area_mean": 5630.0, "floors_area_min": 5630, "floors_area_max": 5630, "floors_area_std": 0.0, "level_bbox_area": 10191, "level_convex_area": 7959, "floors_convex_area_mean": 7959.0, "floors_convex_area_min": 7959, "floors_convex_area_max": 7959, "floors_convex_area_std": 0.0, "level_eccentricity": 0.8140508691470022, "floors_eccentricity_mean": 0.8140508691470022, "floors_eccentricity_min": 0.8140508691470022, "floors_eccentricity_max": 0.8140508691470022, "floors_eccentricity_std": 0.0, "level_equivalent_diameter": 84.66604181641519, "floors_equivalent_diameter_mean": 84.66604181641519, "floors_equivalent_diameter_min": 84.66604181641519, "floors_equivalent_diameter_max": 84.66604181641519, "floors_equivalent_diameter_std": 0.0, "level_euler_number": -11, "floors_euler_number_mean": -11.0, "floors_euler_number_min": -11, "floors_euler_number_max": -11, "floors_euler_number_std": 0.0, "level_extent": 0.5524482386419389, "floors_extent_mean": 0.5524482386419389, "floors_extent_min": 0.5524482386419389, "floors_extent_max": 0.5524482386419389, "floors_extent_std": 0.0, "level_filled_area": 5966, "floors_filled_area_mean": 5966.0, "floors_filled_area_min": 5966, "floors_filled_area_max": 5966, "floors_filled_area_std": 0.0, "level_major_axis_length": 123.68894769024214, "floors_major_axis_length_mean": 123.68894769024214, "floors_major_axis_length_min": 123.68894769024214, "floors_major_axis_length_max": 123.68894769024214, "floors_major_axis_length_std": 0.0, "level_minor_axis_length": 71.83774672179673, "floors_minor_axis_length_mean": 71.83774672179673, "floors_minor_axis_length_min": 71.83774672179673, "floors_minor_axis_length_max": 71.83774672179673, "floors_minor_axis_length_std": 0.0, "level_orientation": 0.0009670785216589529, "floors_orientation_mean": 0.0009670785216589529, "floors_orientation_min": 0.0009670785216589529, "floors_orientation_max": 0.0009670785216589529, "floors_orientation_std": 0.0, "level_perimeter": 819.1280297426074, "floors_perimeter_mean": 819.1280297426074, "floors_perimeter_min": 819.1280297426074, "floors_perimeter_max": 819.1280297426074, "floors_perimeter_std": 0.0, "level_solidity": 0.7073752984043221, "floors_solidity_mean": 0.7073752984043221, "floors_solidity_min": 0.7073752984043221, "floors_solidity_max": 0.7073752984043221, "floors_solidity_std": 0.0, "level_hu_moment_0": 0.22712719399183476, "level_hu_moment_1": 0.01266697755528221, "level_hu_moment_2": 1.6333405224289997e-05, "level_hu_moment_3": 1.6380859346143624e-06, "level_hu_moment_4": 5.984322864611399e-12, "level_hu_moment_5": 1.8274331780952058e-07, "level_hu_moment_6": -5.998470919327409e-12, "level_centroid_x": 65.20355239786856, "level_centroid_y": 39.61172291296625, "number_of_artifacts": 25, "number_of_powerups": 8, "number_of_weapons": 17, "number_of_ammunitions": 37, "number_of_keys": 0, "number_of_monsters": 0, "number_of_obstacles": 8, "number_of_decorations": 0, "walkable_area": 4930, "walkable_percentage": 0.8756660746003553, "start_location_x_px": 36, "start_location_y_px": 72, "artifacts_per_walkable_area": 0.005070993914807302, "powerups_per_walkable_area": 0.0016227180527383367, "weapons_per_walkable_area": 0.0034482758620689655, "ammunitions_per_walkable_area": 0.007505070993914807, "keys_per_walkable_area": 0.0, "monsters_per_walkable_area": 0.0, "obstacles_per_walkable_area": 0.0016227180527383367, "decorations_per_walkable_area": 0.0, "nodes": 29, "avg-path-length": 3.5172413793103448, "diameter-mean": 7.0, "art-points": 1, "assortativity-mean": -0.14489489489489477, "betw-cen": NaN, "closn-cen": NaN, "distmap-max": 16.97056274847714, "distmap-mean": -Infinity, "distmap-var": 0.0, "distmap-skew": 0, "distmap-kurt": 0.0, "distmap-Q1": 0.015873015873015872, "distmap-Q2": 0.0701058201058201, "distmap-Q3": 0.12037037037037036, "path_wallmap": "DWANGO20_MAP09_wallmap.png", "path_heightmap": "DWANGO20_MAP09_heightmap.png", "path_triggermap": "DWANGO20_MAP09_triggermap.png", "path_thingsmap": "DWANGO20_MAP09_thingsmap.png", "path_floormap": "DWANGO20_MAP09_floormap.png", "path_roommap": "DWANGO20_MAP09_roommap.png", "slot": "MAP09", "path_json": "DWANGO20_MAP09.json"}