{"number_of_lines": 209, "number_of_things": 123, "number_of_sectors": 49, "number_of_subsectors": 114, "number_of_vertices": 162, "x_max": -640, "y_max": 1280, "x_min": -2368, "y_min": -304, "height": 1585, "width": 1729, "aspect_ratio": 1.090851735015773, "floor_height_max": 384.0, "floor_height_min": 0.0, "floor_height_avg": 74.53061224489795, "ceiling_height_max": 384.0, "ceiling_height_min": 80.0, "ceiling_height_avg": 249.6734693877551, "room_height_max": 384.0, "room_height_min": 0.0, "room_height_avg": 175.14285714285714, "sector_area_max": 399360.0, "sector_area_min": 512.0, "sector_area_avg": 31964.081632653062, "lines_per_sector_max": 39.0, "lines_per_sector_min": 3.0, "lines_per_sector_avg": 5.73469387755102, "sector_aspect_ratio_max": 30.176470588235293, "sector_aspect_ratio_min": 1.0, "sector_aspect_ratio_avg": 2.63490674185247, "floors": 2, "level_area": 1468, "floors_area_mean": 734.0, "floors_area_min": 106, "floors_area_max": 1362, "floors_area_std": 628.0, "level_bbox_area": 2750, "level_convex_area": 2109, "floors_convex_area_mean": 954.5, "floors_convex_area_min": 108, "floors_convex_area_max": 1801, "floors_convex_area_std": 846.5, "level_eccentricity": 0.7878931541177164, "floors_eccentricity_mean": 0.912334256955114, "floors_eccentricity_min": 0.8504277794457712, "floors_eccentricity_max": 0.9742407344644568, "floors_eccentricity_std": 0.061906477509342805, "level_equivalent_diameter": 43.23327019404407, "floors_equivalent_diameter_mean": 26.630264190723352, "floors_equivalent_diameter_min": 11.617374563210365, "floors_equivalent_diameter_max": 41.643153818236335, "floors_equivalent_diameter_std": 15.012889627512985, "level_euler_number": -1, "floors_euler_number_mean": -0.5, "floors_euler_number_min": -2, "floors_euler_number_max": 1, "floors_euler_number_std": 1.5, "level_extent": 0.5338181818181819, "floors_extent_mean": 0.7993006993006992, "floors_extent_min": 0.634965034965035, "floors_extent_max": 0.9636363636363636, "floors_extent_std": 0.16433566433566432, "level_filled_area": 1506, "floors_filled_area_mean": 753.0, "floors_filled_area_min": 106, "floors_filled_area_max": 1400, "floors_filled_area_std": 647.0, "level_major_axis_length": 63.47921570254233, "floors_major_axis_length_mean": 45.236365282238694, "floors_major_axis_length_min": 24.60681194342786, "floors_major_axis_length_max": 65.86591862104953, "floors_major_axis_length_std": 20.629553338810837, "level_minor_axis_length": 39.091260633550974, "floors_minor_axis_length_mean": 20.100307541355495, "floors_minor_axis_length_min": 5.5490947757439395, "floors_minor_axis_length_max": 34.65152030696705, "floors_minor_axis_length_std": 14.551212765611556, "level_orientation": 0.18365087891363857, "floors_orientation_mean": 0.8792367563092485, "floors_orientation_min": 0.18767718582360038, "floors_orientation_max": 1.5707963267948966, "floors_orientation_std": 0.6915595704856481, "level_perimeter": 351.9827560572969, "floors_perimeter_mean": 175.99137802864846, "floors_perimeter_min": 48.828427124746185, "floors_perimeter_max": 303.1543289325507, "floors_perimeter_std": 127.16295090390226, "level_solidity": 0.6960644855381698, "floors_solidity_mean": 0.8688640055936003, "floors_solidity_min": 0.756246529705719, "floors_solidity_max": 0.9814814814814815, "floors_solidity_std": 0.11261747588788124, "level_hu_moment_0": 0.2366202947943677, "level_hu_moment_1": 0.011342360347922631, "level_hu_moment_2": 0.002061646253947061, "level_hu_moment_3": 0.0001241694805816908, "level_hu_moment_4": 6.280439167791198e-08, "level_hu_moment_5": 1.2554939681419518e-05, "level_hu_moment_6": -1.5912859724564566e-09, "level_centroid_x": 29.96866485013624, "level_centroid_y": 26.946866485013626, "number_of_artifacts": 5, "number_of_powerups": 8, "number_of_weapons": 8, "number_of_ammunitions": 18, "number_of_keys": 0, "number_of_monsters": 0, "number_of_obstacles": 42, "number_of_decorations": 20, "walkable_area": 1065, "walkable_percentage": 0.7254768392370572, "start_location_x_px": 5, "start_location_y_px": 25, "artifacts_per_walkable_area": 0.004694835680751174, "powerups_per_walkable_area": 0.007511737089201878, "weapons_per_walkable_area": 0.007511737089201878, "ammunitions_per_walkable_area": 0.016901408450704224, "keys_per_walkable_area": 0.0, "monsters_per_walkable_area": 0.0, "obstacles_per_walkable_area": 0.03943661971830986, "decorations_per_walkable_area": 0.018779342723004695, "nodes": 23, "avg-path-length": 3.0326797385620914, "diameter-mean": 7.0, "art-points": 9, "assortativity-mean": 0.10697674418604493, "betw-cen": NaN, "closn-cen": NaN, "distmap-max": 15.0, "distmap-mean": -Infinity, "distmap-var": 0.0, "distmap-skew": 0, "distmap-kurt": 0.0, "distmap-Q1": 0.012987012987012988, "distmap-Q2": 0.06926406926406926, "distmap-Q3": 0.13095238095238093, "path_wallmap": "DWANGO5_MAP19_wallmap.png", "path_heightmap": "DWANGO5_MAP19_heightmap.png", "path_triggermap": "DWANGO5_MAP19_triggermap.png", "path_thingsmap": "DWANGO5_MAP19_thingsmap.png", "path_floormap": "DWANGO5_MAP19_floormap.png", "path_roommap": "DWANGO5_MAP19_roommap.png", "slot": "MAP19", "path_json": "DWANGO5_MAP19.json"}