{"number_of_lines": 449, "number_of_things": 95, "number_of_sectors": 84, "number_of_subsectors": 246, "number_of_vertices": 400, "x_max": 1566, "y_max": 1856, "x_min": -496, "y_min": -896, "height": 2753, "width": 2063, "aspect_ratio": 1.3344643722733882, "floor_height_max": 128.0, "floor_height_min": -168.0, "floor_height_avg": -12.225, "ceiling_height_max": 256.0, "ceiling_height_min": -168.0, "ceiling_height_avg": 103.55, "room_height_max": 320.0, "room_height_min": 0.0, "room_height_avg": 115.775, "sector_area_max": 517261.5, "sector_area_min": 512.0, "sector_area_avg": 29037.41875, "lines_per_sector_max": 102.0, "lines_per_sector_min": 3.0, "lines_per_sector_avg": 7.475, "sector_aspect_ratio_max": 7.588235294117647, "sector_aspect_ratio_min": 1.0, "sector_aspect_ratio_avg": 2.2344398107911667, "floors": 3, "level_area": 2565, "floors_area_mean": 855.0, "floors_area_min": 297, "floors_area_max": 1633, "floors_area_std": 567.1707561807702, "level_bbox_area": 5655, "level_convex_area": 4115, "floors_convex_area_mean": 1233.0, "floors_convex_area_min": 350, "floors_convex_area_max": 2532, "floors_convex_area_std": 938.1090910265536, "level_eccentricity": 0.693822088322009, "floors_eccentricity_mean": 0.8269438168099085, "floors_eccentricity_min": 0.8064036362623648, "floors_eccentricity_max": 0.8501569955828973, "floors_eccentricity_std": 0.017961956140554985, "level_equivalent_diameter": 57.147698398498015, "floors_equivalent_diameter_mean": 31.159547139070387, "floors_equivalent_diameter_min": 19.44613444328572, "floors_equivalent_diameter_max": 45.59824751624256, "floors_equivalent_diameter_std": 10.849075206514819, "level_euler_number": 0, "floors_euler_number_mean": 0.0, "floors_euler_number_min": -2, "floors_euler_number_max": 1, "floors_euler_number_std": 1.4142135623730951, "level_extent": 0.4535809018567639, "floors_extent_mean": 0.6037060928046253, "floors_extent_min": 0.44654088050314467, "floors_extent_max": 0.7615384615384615, "floors_extent_std": 0.12859808924916466, "level_filled_area": 2580, "floors_filled_area_mean": 860.0, "floors_filled_area_min": 297, "floors_filled_area_max": 1648, "floors_filled_area_std": 574.0319387165375, "level_major_axis_length": 85.58954250918812, "floors_major_axis_length_mean": 46.02019168947843, "floors_major_axis_length_min": 28.63105438786636, "floors_major_axis_length_max": 69.09131994924644, "floors_major_axis_length_std": 16.99945172176197, "level_minor_axis_length": 61.63700521347137, "floors_minor_axis_length_mean": 26.257543370993684, "floors_minor_axis_length_min": 15.075088456946917, "floors_minor_axis_length_max": 40.85822418441837, "floors_minor_axis_length_std": 10.799867999492314, "level_orientation": -1.5141822745092155, "floors_orientation_mean": 0.43919101140100586, "floors_orientation_min": 0.060443332662658195, "floors_orientation_max": 1.1006282973951242, "floors_orientation_std": 0.46934795248421457, "level_perimeter": 549.1137443927346, "floors_perimeter_mean": 183.0379147975782, "floors_perimeter_min": 96.48528137423857, "floors_perimeter_max": 293.0893577750951, "floors_perimeter_std": 81.96518062448256, "level_solidity": 0.6233292831105711, "floors_solidity_mean": 0.7569166394806959, "floors_solidity_min": 0.6449447077409163, "floors_solidity_max": 0.8485714285714285, "floors_solidity_std": 0.08436251171032916, "level_hu_moment_0": 0.27106944928405496, "level_hu_moment_1": 0.007383471502732849, "level_hu_moment_2": 0.0023059617016091285, "level_hu_moment_3": 0.00021449348504090784, "level_hu_moment_4": -1.3655730081347414e-07, "level_hu_moment_5": 1.716429601818476e-05, "level_hu_moment_6": -6.409386899236298e-08, "level_centroid_x": 26.589863547758284, "level_centroid_y": 42.203898635477586, "number_of_artifacts": 32, "number_of_powerups": 7, "number_of_weapons": 9, "number_of_ammunitions": 28, "number_of_keys": 0, "number_of_monsters": 2, "number_of_obstacles": 8, "number_of_decorations": 0, "walkable_area": 1915, "walkable_percentage": 0.746588693957115, "start_location_x_px": 10, "start_location_y_px": 32, "artifacts_per_walkable_area": 0.01671018276762402, "powerups_per_walkable_area": 0.0036553524804177544, "weapons_per_walkable_area": 0.004699738903394256, "ammunitions_per_walkable_area": 0.014621409921671017, "keys_per_walkable_area": 0.0, "monsters_per_walkable_area": 0.0010443864229765013, "obstacles_per_walkable_area": 0.004177545691906005, "decorations_per_walkable_area": 0.0, "nodes": 21, "avg-path-length": 2.3851851851851857, "diameter-mean": 5.333333333333333, "art-points": 13, "assortativity-mean": 0.24242424242424201, "betw-cen": NaN, "closn-cen": NaN, "distmap-max": 12.0, "distmap-mean": -Infinity, "distmap-var": 0.0, "distmap-skew": 0, "distmap-kurt": 0.0, "distmap-Q1": 0.0, "distmap-Q2": 0.021052631578947368, "distmap-Q3": 0.042105263157894736, "path_wallmap": "DWANGO5_MAP16_wallmap.png", "path_heightmap": "DWANGO5_MAP16_heightmap.png", "path_triggermap": "DWANGO5_MAP16_triggermap.png", "path_thingsmap": "DWANGO5_MAP16_thingsmap.png", "path_floormap": "DWANGO5_MAP16_floormap.png", "path_roommap": "DWANGO5_MAP16_roommap.png", "slot": "MAP16", "path_json": "DWANGO5_MAP16.json"}