{"number_of_lines": 547, "number_of_things": 38, "number_of_sectors": 52, "number_of_subsectors": 419, "number_of_vertices": 522, "x_max": 408, "y_max": 1048, "x_min": -2016, "y_min": -2256, "height": 3305, "width": 2425, "aspect_ratio": 1.3628865979381444, "floor_height_max": 0.0, "floor_height_min": -352.0, "floor_height_avg": -188.92307692307693, "ceiling_height_max": 256.0, "ceiling_height_min": -344.0, "ceiling_height_avg": 137.23076923076923, "room_height_max": 608.0, "room_height_min": 0.0, "room_height_avg": 326.15384615384613, "sector_area_max": 5987200.0, "sector_area_min": 256.0, "sector_area_avg": 298404.3076923077, "lines_per_sector_max": 114.0, "lines_per_sector_min": 4.0, "lines_per_sector_avg": 16.0, "sector_aspect_ratio_max": 15.222222222222221, "sector_aspect_ratio_min": 1.0, "sector_aspect_ratio_avg": 4.373667394213876, "floors": 2, "level_area": 5901, "floors_area_mean": 2950.5, "floors_area_min": 8, "floors_area_max": 5893, "floors_area_std": 2942.5, "level_bbox_area": 7400, "level_convex_area": 6452, "floors_convex_area_mean": 2960.0, "floors_convex_area_min": 8, "floors_convex_area_max": 5912, "floors_convex_area_std": 2952.0, "level_eccentricity": 0.7874213680956944, "floors_eccentricity_mean": 0.8418674481564387, "floors_eccentricity_min": 0.7893077053129615, "floors_eccentricity_max": 0.8944271909999159, "floors_eccentricity_std": 0.0525597428434772, "level_equivalent_diameter": 86.67979322473143, "floors_equivalent_diameter_mean": 44.906277768827586, "floors_equivalent_diameter_min": 3.1915382432114616, "floors_equivalent_diameter_max": 86.6210172944437, "floors_equivalent_diameter_std": 41.714739525616125, "level_euler_number": 2, "floors_euler_number_mean": 1.0, "floors_euler_number_min": 1, "floors_euler_number_max": 1, "floors_euler_number_std": 0.0, "level_extent": 0.7974324324324324, "floors_extent_mean": 0.983032786885246, "floors_extent_min": 0.9660655737704918, "floors_extent_max": 1.0, "floors_extent_std": 0.016967213114754076, "level_filled_area": 5901, "floors_filled_area_mean": 2950.5, "floors_filled_area_min": 8, "floors_filled_area_max": 5893, "floors_filled_area_std": 2942.5, "level_major_axis_length": 111.9955871773716, "floors_major_axis_length_mean": 58.27182060481613, "floors_major_axis_length_min": 4.47213595499958, "floors_major_axis_length_max": 112.07150525463267, "floors_major_axis_length_std": 53.79968464981654, "level_minor_axis_length": 69.03577230119194, "floors_minor_axis_length_mean": 35.40583102159541, "floors_minor_axis_length_min": 2.0, "floors_minor_axis_length_max": 68.81166204319082, "floors_minor_axis_length_std": 33.40583102159541, "level_orientation": 1.5675734273266364, "floors_orientation_mean": 0.7837447440033902, "floors_orientation_min": 0.0, "floors_orientation_max": 1.5674894880067805, "floors_orientation_std": 0.7837447440033902, "level_perimeter": 307.84062043356596, "floors_perimeter_mean": 153.92031021678298, "floors_perimeter_min": 8.0, "floors_perimeter_max": 299.84062043356596, "floors_perimeter_std": 145.92031021678298, "level_solidity": 0.9146001239925604, "floors_solidity_mean": 0.998393098782138, "floors_solidity_min": 0.996786197564276, "floors_solidity_max": 1.0, "floors_solidity_std": 0.0016069012178620001, "level_hu_moment_0": 0.18332644259899022, "level_hu_moment_1": 0.006784865354023035, "level_hu_moment_2": 1.357397169780859e-06, "level_hu_moment_3": 3.840162095141554e-09, "level_hu_moment_4": -1.69354101772403e-16, "level_hu_moment_5": 7.959839504574921e-11, "level_hu_moment_6": 2.1951984659581556e-16, "level_centroid_x": 42.92899508557871, "level_centroid_y": 51.637519064565325, "number_of_artifacts": 1, "number_of_powerups": 2, "number_of_weapons": 9, "number_of_ammunitions": 3, "number_of_keys": 0, "number_of_monsters": 4, "number_of_obstacles": 8, "number_of_decorations": 0, "walkable_area": 5431, "walkable_percentage": 0.9203524826300628, "start_location_x_px": 25, "start_location_y_px": 51, "artifacts_per_walkable_area": 0.00018412815319462345, "powerups_per_walkable_area": 0.0003682563063892469, "weapons_per_walkable_area": 0.0016571533787516112, "ammunitions_per_walkable_area": 0.0005523844595838704, "keys_per_walkable_area": 0.0, "monsters_per_walkable_area": 0.0007365126127784938, "obstacles_per_walkable_area": 0.0014730252255569876, "decorations_per_walkable_area": 0.0, "nodes": 15, "avg-path-length": 5.0, "diameter-mean": 13.0, "art-points": 12, "assortativity-mean": -0.08333333333334075, "betw-cen": NaN, "closn-cen": NaN, "distmap-max": 31.0, "distmap-mean": -Infinity, "distmap-var": 0.0, "distmap-skew": 0, "distmap-kurt": 0.0, "distmap-Q1": 0.13186813186813187, "distmap-Q2": 0.3296703296703297, "distmap-Q3": 0.41758241758241765, "path_wallmap": "DWANGO20_MAP15_wallmap.png", "path_heightmap": "DWANGO20_MAP15_heightmap.png", "path_triggermap": "DWANGO20_MAP15_triggermap.png", "path_thingsmap": "DWANGO20_MAP15_thingsmap.png", "path_floormap": "DWANGO20_MAP15_floormap.png", "path_roommap": "DWANGO20_MAP15_roommap.png", "slot": "MAP15", "path_json": "DWANGO20_MAP15.json"}