{"number_of_lines": 8029, "number_of_things": 1861, "number_of_sectors": 1412, "number_of_subsectors": 6531, "number_of_vertices": 9695, "x_max": 2944, "y_max": 4176, "x_min": -5312, "y_min": -4128, "height": 8305, "width": 8257, "aspect_ratio": 1.0058132493641758, "floor_height_max": 1550.0, "floor_height_min": -640.0, "floor_height_avg": -62.48087818696884, "ceiling_height_max": 2000.0, "ceiling_height_min": -432.0, "ceiling_height_avg": 163.78257790368272, "room_height_max": 1330.0, "room_height_min": -216.0, "room_height_avg": 226.26345609065154, "sector_area_max": 4148176.0, "sector_area_min": 0.0, "sector_area_avg": 23674.93590651558, "lines_per_sector_max": 381.0, "lines_per_sector_min": 3.0, "lines_per_sector_avg": 9.936968838526912, "sector_aspect_ratio_max": 35.8235294117647, "sector_aspect_ratio_min": 1.0, "sector_aspect_ratio_avg": 2.6557239234500254, "floors": 50, "level_area": 24223, "floors_area_mean": 484.46, "floors_area_min": 2, "floors_area_max": 21822, "floors_area_std": 3049.4664530701107, "level_bbox_area": 67340, "level_convex_area": 46834, "floors_convex_area_mean": 800.78, "floors_convex_area_min": 2, "floors_convex_area_max": 37534, "floors_convex_area_std": 5248.35617423208, "level_eccentricity": 0.4289545203457978, "floors_eccentricity_mean": 0.5877386629886228, "floors_eccentricity_min": 0.0, "floors_eccentricity_max": 1.0, "floors_eccentricity_std": 0.3725862434374884, "level_equivalent_diameter": 175.61799877039894, "floors_equivalent_diameter_mean": 9.542013225910086, "floors_equivalent_diameter_min": 1.5957691216057308, "floors_equivalent_diameter_max": 166.68723210015435, "floors_equivalent_diameter_std": 22.9299719458824, "level_euler_number": -1, "floors_euler_number_mean": -0.02, "floors_euler_number_min": -49, "floors_euler_number_max": 1, "floors_euler_number_std": 6.99854270544947, "level_extent": 0.3597119097119097, "floors_extent_mean": 0.923952697107045, "floors_extent_min": 0.36632533154272284, "floors_extent_max": 1.0, "floors_extent_std": 0.1366020499144608, "level_filled_area": 28430, "floors_filled_area_mean": 578.78, "floors_filled_area_min": 2, "floors_filled_area_max": 26529, "floors_filled_area_std": 3708.207568570023, "level_major_axis_length": 246.61998146984206, "floors_major_axis_length_mean": 13.702459308087287, "floors_major_axis_length_min": 2.0, "floors_major_axis_length_max": 256.1804543989099, "floors_major_axis_length_std": 35.39652262649407, "level_minor_axis_length": 222.77826283991897, "floors_minor_axis_length_mean": 8.822052279872883, "floors_minor_axis_length_min": 0.0, "floors_minor_axis_length_max": 195.44028949890867, "floors_minor_axis_length_std": 26.97506280684106, "level_orientation": 0.4846997368979826, "floors_orientation_mean": 0.32366737643470683, "floors_orientation_min": -1.286743960557683, "floors_orientation_max": 1.5707963267948966, "floors_orientation_std": 0.5360526817709175, "level_perimeter": 4022.8378413094847, "floors_perimeter_mean": 80.45675682618969, "floors_perimeter_min": 0.0, "floors_perimeter_max": 2993.239861563038, "floors_perimeter_std": 416.5669327840468, "level_solidity": 0.5172097194345988, "floors_solidity_mean": 0.9666931083652373, "floors_solidity_min": 0.5813928704641126, "floors_solidity_max": 1.0, "floors_solidity_std": 0.079239709559626, "level_hu_moment_0": 0.2849862982861259, "level_hu_moment_1": 0.0008338006218680141, "level_hu_moment_2": 0.007049626209729692, "level_hu_moment_3": 0.001234066095710781, "level_hu_moment_4": 3.639680898044808e-06, "level_hu_moment_5": 3.54432709797077e-05, "level_hu_moment_6": -4.08613532390443e-08, "level_centroid_x": 150.30751764851587, "level_centroid_y": 124.90731948974116, "number_of_artifacts": 14, "number_of_powerups": 24, "number_of_weapons": 2, "number_of_ammunitions": 132, "number_of_keys": 3, "number_of_monsters": 599, "number_of_obstacles": 411, "number_of_decorations": 0, "walkable_area": 21163, "walkable_percentage": 0.8736737811171201, "start_location_x_px": 117, "start_location_y_px": 61, "artifacts_per_walkable_area": 0.0006615319189150876, "powerups_per_walkable_area": 0.0011340547181401502, "weapons_per_walkable_area": 9.450455984501253e-05, "ammunitions_per_walkable_area": 0.0062373009497708265, "keys_per_walkable_area": 0.00014175683976751878, "monsters_per_walkable_area": 0.02830411567358125, "obstacles_per_walkable_area": 0.019420687048150073, "decorations_per_walkable_area": 0.0, "nodes": 212, "avg-path-length": 2.074936507936508, "diameter-mean": 4.125, "art-points": 59, "assortativity-mean": 0.2878050181682387, "betw-cen": NaN, "closn-cen": NaN, "distmap-max": 32.69556544854363, "distmap-mean": -Infinity, "distmap-var": 0.0, "distmap-skew": 0, "distmap-kurt": 0.0, "distmap-Q1": 0.0, "distmap-Q2": 0.00027081922816519973, "distmap-Q3": 0.022956819378620326, "path_wallmap": "Elysion_MAP01_wallmap.png", "path_heightmap": "Elysion_MAP01_heightmap.png", "path_triggermap": "Elysion_MAP01_triggermap.png", "path_thingsmap": "Elysion_MAP01_thingsmap.png", "path_floormap": "Elysion_MAP01_floormap.png", "path_roommap": "Elysion_MAP01_roommap.png", "slot": "MAP01", "path_json": "Elysion_MAP01.json"}