{"number_of_lines": 745, "number_of_things": 165, "number_of_sectors": 134, "number_of_subsectors": 284, "number_of_vertices": 636, "x_max": 3008, "y_max": -2432, "x_min": -320, "y_min": -4800, "height": 2369, "width": 3329, "aspect_ratio": 1.4052342760658505, "floor_height_max": 240.0, "floor_height_min": -192.0, "floor_height_avg": 8.119402985074627, "ceiling_height_max": 384.0, "ceiling_height_min": -192.0, "ceiling_height_avg": 119.43283582089552, "room_height_max": 256.0, "room_height_min": 0.0, "room_height_avg": 111.31343283582089, "sector_area_max": 315392.0, "sector_area_min": 256.0, "sector_area_avg": 25369.79104477612, "lines_per_sector_max": 46.0, "lines_per_sector_min": 4.0, "lines_per_sector_avg": 7.17910447761194, "sector_aspect_ratio_max": 14.333333333333334, "sector_aspect_ratio_min": 1.0, "sector_aspect_ratio_avg": 2.6101116568500653, "floors": 1, "level_area": 3871, "floors_area_mean": 3871.0, "floors_area_min": 3871, "floors_area_max": 3871, "floors_area_std": 0.0, "level_bbox_area": 7875, "level_convex_area": 6291, "floors_convex_area_mean": 6291.0, "floors_convex_area_min": 6291, "floors_convex_area_max": 6291, "floors_convex_area_std": 0.0, "level_eccentricity": 0.7482267559098292, "floors_eccentricity_mean": 0.7482267559098292, "floors_eccentricity_min": 0.7482267559098292, "floors_eccentricity_max": 0.7482267559098292, "floors_eccentricity_std": 0.0, "level_equivalent_diameter": 70.20477389515484, "floors_equivalent_diameter_mean": 70.20477389515484, "floors_equivalent_diameter_min": 70.20477389515484, "floors_equivalent_diameter_max": 70.20477389515484, "floors_equivalent_diameter_std": 0.0, "level_euler_number": -24, "floors_euler_number_mean": -24.0, "floors_euler_number_min": -24, "floors_euler_number_max": -24, "floors_euler_number_std": 0.0, "level_extent": 0.4915555555555556, "floors_extent_mean": 0.4915555555555556, "floors_extent_min": 0.4915555555555556, "floors_extent_max": 0.4915555555555556, "floors_extent_std": 0.0, "level_filled_area": 4448, "floors_filled_area_mean": 4448.0, "floors_filled_area_min": 4448, "floors_filled_area_max": 4448, "floors_filled_area_std": 0.0, "level_major_axis_length": 110.77329787821242, "floors_major_axis_length_mean": 110.77329787821242, "floors_major_axis_length_min": 110.77329787821242, "floors_major_axis_length_max": 110.77329787821242, "floors_major_axis_length_std": 0.0, "level_minor_axis_length": 73.49177803801078, "floors_minor_axis_length_mean": 73.49177803801078, "floors_minor_axis_length_min": 73.49177803801078, "floors_minor_axis_length_max": 73.49177803801078, "floors_minor_axis_length_std": 0.0, "level_orientation": -0.5578898071100538, "floors_orientation_mean": -0.5578898071100538, "floors_orientation_min": -0.5578898071100538, "floors_orientation_max": -0.5578898071100538, "floors_orientation_std": 0.0, "level_perimeter": 1023.7249634685277, "floors_perimeter_mean": 1023.7249634685277, "floors_perimeter_min": 1023.7249634685277, "floors_perimeter_max": 1023.7249634685277, "floors_perimeter_std": 0.0, "level_solidity": 0.6153234779844222, "floors_solidity_mean": 0.6153234779844222, "floors_solidity_min": 0.6153234779844222, "floors_solidity_max": 0.6153234779844222, "floors_solidity_std": 0.0, "level_hu_moment_0": 0.28532299409072953, "level_hu_moment_1": 0.012302318610901145, "level_hu_moment_2": 0.0022013929978062707, "level_hu_moment_3": 0.0016885884470084693, "level_hu_moment_4": 2.32358601973749e-06, "level_hu_moment_5": 0.0001465758605582113, "level_hu_moment_6": -2.2803615473413807e-06, "level_centroid_x": 41.94290880909326, "level_centroid_y": 35.89615086540945, "number_of_artifacts": 9, "number_of_powerups": 16, "number_of_weapons": 2, "number_of_ammunitions": 13, "number_of_keys": 2, "number_of_monsters": 93, "number_of_obstacles": 12, "number_of_decorations": 5, "walkable_area": 2637, "walkable_percentage": 0.6812193231723069, "start_location_x_px": 3, "start_location_y_px": 44, "artifacts_per_walkable_area": 0.0034129692832764505, "powerups_per_walkable_area": 0.006067500948047023, "weapons_per_walkable_area": 0.0007584376185058779, "ammunitions_per_walkable_area": 0.004929844520288207, "keys_per_walkable_area": 0.0007584376185058779, "monsters_per_walkable_area": 0.03526734926052332, "obstacles_per_walkable_area": 0.004550625711035267, "decorations_per_walkable_area": 0.0018960940462646946, "nodes": 55, "avg-path-length": 5.905723905723906, "diameter-mean": 17.0, "art-points": 6, "assortativity-mean": -0.0332093690872316, "betw-cen": NaN, "closn-cen": NaN, "distmap-max": 8.94427190999916, "distmap-mean": -Infinity, "distmap-var": 0.0, "distmap-skew": 0, "distmap-kurt": 0.0, "distmap-Q1": 0.012229210342417888, "distmap-Q2": 0.06254367575122292, "distmap-Q3": 0.1436058700209643, "path_wallmap": "HELINHEL_MAP05_wallmap.png", "path_heightmap": "HELINHEL_MAP05_heightmap.png", "path_triggermap": "HELINHEL_MAP05_triggermap.png", "path_thingsmap": "HELINHEL_MAP05_thingsmap.png", "path_floormap": "HELINHEL_MAP05_floormap.png", "path_roommap": "HELINHEL_MAP05_roommap.png", "slot": "MAP05", "path_json": "HELINHEL_MAP05.json"}