{"number_of_lines": 1619, "number_of_things": 388, "number_of_sectors": 248, "number_of_subsectors": 681, "number_of_vertices": 1425, "x_max": 4160, "y_max": 192, "x_min": -1408, "y_min": -4288, "height": 4481, "width": 5569, "aspect_ratio": 1.2428029457710332, "floor_height_max": 304.0, "floor_height_min": -831.0, "floor_height_avg": 22.568548387096776, "ceiling_height_max": 352.0, "ceiling_height_min": -256.0, "ceiling_height_avg": 143.73387096774192, "room_height_max": 1023.0, "room_height_min": 0.0, "room_height_avg": 121.16532258064517, "sector_area_max": 1128576.0, "sector_area_min": 256.0, "sector_area_avg": 39074.1935483871, "lines_per_sector_max": 61.0, "lines_per_sector_min": 3.0, "lines_per_sector_avg": 8.209677419354838, "sector_aspect_ratio_max": 21.444444444444443, "sector_aspect_ratio_min": 1.0, "sector_aspect_ratio_avg": 3.1883005605755925, "floors": 4, "level_area": 10310, "floors_area_mean": 2577.5, "floors_area_min": 104, "floors_area_max": 9841, "floors_area_std": 4193.716996889513, "level_bbox_area": 24675, "level_convex_area": 18374, "floors_convex_area_mean": 4372.0, "floors_convex_area_min": 124, "floors_convex_area_max": 16991, "floors_convex_area_std": 7285.638235597483, "level_eccentricity": 0.5346173172674263, "floors_eccentricity_mean": 0.534419172173276, "floors_eccentricity_min": 0.0, "floors_eccentricity_max": 0.9521176074996793, "floors_eccentricity_std": 0.3421169069146598, "level_equivalent_diameter": 114.57355587664864, "floors_equivalent_diameter_mean": 38.4776882786075, "floors_equivalent_diameter_min": 11.507254783503184, "floors_equivalent_diameter_max": 111.93726081934798, "floors_equivalent_diameter_std": 42.44104653857151, "level_euler_number": -48, "floors_euler_number_mean": -12.0, "floors_euler_number_min": -51, "floors_euler_number_max": 1, "floors_euler_number_std": 22.516660498395403, "level_extent": 0.4178318135764944, "floors_extent_mean": 0.7478840257026648, "floors_extent_min": 0.4204477484405708, "floors_extent_max": 1.0, "floors_extent_std": 0.22031260278266476, "level_filled_area": 12203, "floors_filled_area_mean": 3050.75, "floors_filled_area_min": 104, "floors_filled_area_max": 11734, "floors_filled_area_std": 5013.3882442416125, "level_major_axis_length": 158.55160486032568, "floors_major_axis_length_mean": 52.40209408254318, "floors_major_axis_length_min": 14.966629547095765, "floors_major_axis_length_max": 154.29070403253732, "floors_major_axis_length_std": 58.88262244949687, "level_minor_axis_length": 133.9910526627284, "floors_minor_axis_length_mean": 40.75831598052532, "floors_minor_axis_length_min": 6.811288674646917, "floors_minor_axis_length_max": 127.04946268681867, "floors_minor_axis_length_std": 49.92195270704989, "level_orientation": -0.08220984913914989, "floors_orientation_mean": 0.5016668553092041, "floors_orientation_min": -0.4219309521303531, "floors_orientation_max": 1.4789428616733444, "floors_orientation_std": 0.7075397397203754, "level_perimeter": 2317.8834764831845, "floors_perimeter_mean": 579.4708691207961, "floors_perimeter_min": 47.071067811865476, "floors_perimeter_max": 2168.3271272970806, "floors_perimeter_std": 917.3310348022334, "level_solidity": 0.5611189724610863, "floors_solidity_mean": 0.8446707433868234, "floors_solidity_min": 0.5791889824024483, "floors_solidity_max": 1.0, "floors_solidity_std": 0.16441231622024852, "level_hu_moment_0": 0.2612282589564192, "level_hu_moment_1": 0.001897131182578219, "level_hu_moment_2": 0.004556913137447835, "level_hu_moment_3": 9.49999473468981e-05, "level_hu_moment_4": -5.441861419911692e-08, "level_hu_moment_5": 3.7176339951076566e-06, "level_hu_moment_6": 3.075046883567665e-08, "level_centroid_x": 84.00649854510185, "level_centroid_y": 67.3113482056256, "number_of_artifacts": 25, "number_of_powerups": 23, "number_of_weapons": 8, "number_of_ammunitions": 20, "number_of_keys": 3, "number_of_monsters": 258, "number_of_obstacles": 23, "number_of_decorations": 8, "walkable_area": 7609, "walkable_percentage": 0.7380213385063046, "start_location_x_px": 29, "start_location_y_px": 100, "artifacts_per_walkable_area": 0.0032855828623997896, "powerups_per_walkable_area": 0.0030227362334078064, "weapons_per_walkable_area": 0.0010513865159679327, "ammunitions_per_walkable_area": 0.002628466289919832, "keys_per_walkable_area": 0.00039426994348797475, "monsters_per_walkable_area": 0.03390721513996583, "obstacles_per_walkable_area": 0.0030227362334078064, "decorations_per_walkable_area": 0.0010513865159679327, "nodes": 116, "avg-path-length": 4.984114848793748, "diameter-mean": 12.5, "art-points": 14, "assortativity-mean": 0, "betw-cen": NaN, "closn-cen": NaN, "distmap-max": 17.26267650163207, "distmap-mean": -Infinity, "distmap-var": 0.0, "distmap-skew": 0, "distmap-kurt": 0.0, "distmap-Q1": 0.003914950419527079, "distmap-Q2": 0.033091787439613524, "distmap-Q3": 0.07610602593440122, "path_wallmap": "HELINHEL_MAP23_wallmap.png", "path_heightmap": "HELINHEL_MAP23_heightmap.png", "path_triggermap": "HELINHEL_MAP23_triggermap.png", "path_thingsmap": "HELINHEL_MAP23_thingsmap.png", "path_floormap": "HELINHEL_MAP23_floormap.png", "path_roommap": "HELINHEL_MAP23_roommap.png", "slot": "MAP23", "path_json": "HELINHEL_MAP23.json"}