{"number_of_lines": 561, "number_of_things": 308, "number_of_sectors": 82, "number_of_subsectors": 294, "number_of_vertices": 579, "x_max": 4864, "y_max": 6912, "x_min": -5120, "y_min": -4608, "height": 11521, "width": 9985, "aspect_ratio": 1.1538307461191788, "floor_height_max": 192.0, "floor_height_min": -128.0, "floor_height_avg": 52.21951219512195, "ceiling_height_max": 256.0, "ceiling_height_min": 0.0, "ceiling_height_avg": 167.46341463414635, "room_height_max": 384.0, "room_height_min": 0.0, "room_height_avg": 115.2439024390244, "sector_area_max": 59793408.0, "sector_area_min": 1024.0, "sector_area_avg": 1085272.975609756, "lines_per_sector_max": 151.0, "lines_per_sector_min": 4.0, "lines_per_sector_avg": 9.353658536585366, "sector_aspect_ratio_max": 13.8, "sector_aspect_ratio_min": 1.0, "sector_aspect_ratio_avg": 2.3846145207021285, "floors": 1, "level_area": 63651, "floors_area_mean": 63651.0, "floors_area_min": 63651, "floors_area_max": 63651, "floors_area_std": 0.0, "level_bbox_area": 112993, "level_convex_area": 74364, "floors_convex_area_mean": 74364.0, "floors_convex_area_min": 74364, "floors_convex_area_max": 74364, "floors_convex_area_std": 0.0, "level_eccentricity": 0.34986732108045715, "floors_eccentricity_mean": 0.34986732108045715, "floors_eccentricity_min": 0.34986732108045715, "floors_eccentricity_max": 0.34986732108045715, "floors_eccentricity_std": 0.0, "level_equivalent_diameter": 284.68047046107296, "floors_equivalent_diameter_mean": 284.68047046107296, "floors_equivalent_diameter_min": 284.68047046107296, "floors_equivalent_diameter_max": 284.68047046107296, "floors_equivalent_diameter_std": 0.0, "level_euler_number": 1, "floors_euler_number_mean": 1.0, "floors_euler_number_min": 1, "floors_euler_number_max": 1, "floors_euler_number_std": 0.0, "level_extent": 0.5633180816510758, "floors_extent_mean": 0.5633180816510758, "floors_extent_min": 0.5633180816510758, "floors_extent_max": 0.5633180816510758, "floors_extent_std": 0.0, "level_filled_area": 63651, "floors_filled_area_mean": 63651.0, "floors_filled_area_min": 63651, "floors_filled_area_max": 63651, "floors_filled_area_std": 0.0, "level_major_axis_length": 303.8997739826209, "floors_major_axis_length_mean": 303.8997739826209, "floors_major_axis_length_min": 303.8997739826209, "floors_major_axis_length_max": 303.8997739826209, "floors_major_axis_length_std": 0.0, "level_minor_axis_length": 284.6930840466685, "floors_minor_axis_length_mean": 284.6930840466685, "floors_minor_axis_length_min": 284.6930840466685, "floors_minor_axis_length_max": 284.6930840466685, "floors_minor_axis_length_std": 0.0, "level_orientation": 0.2311086654956366, "floors_orientation_mean": 0.2311086654956366, "floors_orientation_min": 0.2311086654956366, "floors_orientation_max": 0.2311086654956366, "floors_orientation_std": 0.0, "level_perimeter": 1160.430590953299, "floors_perimeter_mean": 1160.430590953299, "floors_perimeter_min": 1160.430590953299, "floors_perimeter_max": 1160.430590953299, "floors_perimeter_std": 0.0, "level_solidity": 0.8559383572696466, "floors_solidity_mean": 0.8559383572696466, "floors_solidity_min": 0.8559383572696466, "floors_solidity_max": 0.8559383572696466, "floors_solidity_std": 0.0, "level_hu_moment_0": 0.17026954086610135, "level_hu_moment_1": 0.00012322096323305522, "level_hu_moment_2": 0.00026086227554231666, "level_hu_moment_3": 4.221414269369624e-05, "level_hu_moment_4": 4.32838155720082e-09, "level_hu_moment_5": -4.0960046070722406e-07, "level_hu_moment_6": 9.428719801053814e-10, "level_centroid_x": 154.73604499536535, "level_centroid_y": 135.35977439474635, "number_of_artifacts": 18, "number_of_powerups": 42, "number_of_weapons": 7, "number_of_ammunitions": 81, "number_of_keys": 2, "number_of_monsters": 119, "number_of_obstacles": 24, "number_of_decorations": 2, "walkable_area": 60770, "walkable_percentage": 0.9547375532199023, "start_location_x_px": 103, "start_location_y_px": 104, "artifacts_per_walkable_area": 0.00029619878229389504, "powerups_per_walkable_area": 0.0006911304920190883, "weapons_per_walkable_area": 0.00011518841533651473, "ammunitions_per_walkable_area": 0.0013328945203225275, "keys_per_walkable_area": 3.291097581043278e-05, "monsters_per_walkable_area": 0.0019582030607207504, "obstacles_per_walkable_area": 0.00039493170972519333, "decorations_per_walkable_area": 3.291097581043278e-05, "nodes": 24, "avg-path-length": 8.333333333333334, "diameter-mean": 23.0, "art-points": 22, "assortativity-mean": -0.045454545454535186, "betw-cen": NaN, "closn-cen": NaN, "distmap-max": 124.91997438360288, "distmap-mean": -Infinity, "distmap-var": 0.0, "distmap-skew": 0, "distmap-kurt": 0.0, "distmap-Q1": 0.21936758893280633, "distmap-Q2": 0.3794466403162055, "distmap-Q3": 0.48023715415019763, "path_wallmap": "HELINHEL_MAP18_wallmap.png", "path_heightmap": "HELINHEL_MAP18_heightmap.png", "path_triggermap": "HELINHEL_MAP18_triggermap.png", "path_thingsmap": "HELINHEL_MAP18_thingsmap.png", "path_floormap": "HELINHEL_MAP18_floormap.png", "path_roommap": "HELINHEL_MAP18_roommap.png", "slot": "MAP18", "path_json": "HELINHEL_MAP18.json"}