{"number_of_lines": 1146, "number_of_things": 163, "number_of_sectors": 211, "number_of_subsectors": 432, "number_of_vertices": 976, "x_max": 4480, "y_max": 2688, "x_min": -960, "y_min": -2336, "height": 5025, "width": 5441, "aspect_ratio": 1.0827860696517413, "floor_height_max": 384.0, "floor_height_min": -176.0, "floor_height_avg": 63.10900473933649, "ceiling_height_max": 512.0, "ceiling_height_min": -160.0, "ceiling_height_avg": 194.88151658767774, "room_height_max": 384.0, "room_height_min": 0.0, "room_height_avg": 131.77251184834122, "sector_area_max": 798720.0, "sector_area_min": 256.0, "sector_area_avg": 35854.71090047393, "lines_per_sector_max": 42.0, "lines_per_sector_min": 3.0, "lines_per_sector_avg": 6.819905213270142, "sector_aspect_ratio_max": 11.666666666666666, "sector_aspect_ratio_min": 1.0, "sector_aspect_ratio_avg": 3.419127652318138, "floors": 1, "level_area": 8211, "floors_area_mean": 8211.0, "floors_area_min": 8211, "floors_area_max": 8211, "floors_area_std": 0.0, "level_bbox_area": 27018, "level_convex_area": 17180, "floors_convex_area_mean": 17180.0, "floors_convex_area_min": 17180, "floors_convex_area_max": 17180, "floors_convex_area_std": 0.0, "level_eccentricity": 0.757839897207513, "floors_eccentricity_mean": 0.757839897207513, "floors_eccentricity_min": 0.757839897207513, "floors_eccentricity_max": 0.757839897207513, "floors_eccentricity_std": 0.0, "level_equivalent_diameter": 102.24759117857214, "floors_equivalent_diameter_mean": 102.24759117857214, "floors_equivalent_diameter_min": 102.24759117857214, "floors_equivalent_diameter_max": 102.24759117857214, "floors_equivalent_diameter_std": 0.0, "level_euler_number": -18, "floors_euler_number_mean": -18.0, "floors_euler_number_min": -18, "floors_euler_number_max": -18, "floors_euler_number_std": 0.0, "level_extent": 0.3039085054408172, "floors_extent_mean": 0.3039085054408172, "floors_extent_min": 0.3039085054408172, "floors_extent_max": 0.3039085054408172, "floors_extent_std": 0.0, "level_filled_area": 9307, "floors_filled_area_mean": 9307.0, "floors_filled_area_min": 9307, "floors_filled_area_max": 9307, "floors_filled_area_std": 0.0, "level_major_axis_length": 185.0560491149548, "floors_major_axis_length_mean": 185.0560491149548, "floors_major_axis_length_min": 185.0560491149548, "floors_major_axis_length_max": 185.0560491149548, "floors_major_axis_length_std": 0.0, "level_minor_axis_length": 120.73807314805235, "floors_minor_axis_length_mean": 120.73807314805235, "floors_minor_axis_length_min": 120.73807314805235, "floors_minor_axis_length_max": 120.73807314805235, "floors_minor_axis_length_std": 0.0, "level_orientation": 0.5172947206935842, "floors_orientation_mean": 0.5172947206935842, "floors_orientation_min": 0.5172947206935842, "floors_orientation_max": 0.5172947206935842, "floors_orientation_std": 0.0, "level_perimeter": 1722.7686860699232, "floors_perimeter_mean": 1722.7686860699232, "floors_perimeter_min": 1722.7686860699232, "floors_perimeter_max": 1722.7686860699232, "floors_perimeter_std": 0.0, "level_solidity": 0.4779394644935972, "floors_solidity_mean": 0.4779394644935972, "floors_solidity_min": 0.4779394644935972, "floors_solidity_max": 0.4779394644935972, "floors_solidity_std": 0.0, "level_hu_moment_0": 0.37163122352287337, "level_hu_moment_1": 0.022412532665478095, "level_hu_moment_2": 0.041134176487717854, "level_hu_moment_3": 0.003097497406702703, "level_hu_moment_4": 1.7300844195083725e-05, "level_hu_moment_5": -0.0001408571282252178, "level_hu_moment_6": -3.038327855857511e-05, "level_centroid_x": 70.41870661308002, "level_centroid_y": 96.19486055291682, "number_of_artifacts": 7, "number_of_powerups": 20, "number_of_weapons": 2, "number_of_ammunitions": 24, "number_of_keys": 3, "number_of_monsters": 96, "number_of_obstacles": 1, "number_of_decorations": 6, "walkable_area": 6187, "walkable_percentage": 0.7535014005602241, "start_location_x_px": 52, "start_location_y_px": 95, "artifacts_per_walkable_area": 0.0011314045579440763, "powerups_per_walkable_area": 0.0032325844512687894, "weapons_per_walkable_area": 0.0003232584451268789, "ammunitions_per_walkable_area": 0.0038791013415225475, "keys_per_walkable_area": 0.00048488766769031843, "monsters_per_walkable_area": 0.01551640536609019, "obstacles_per_walkable_area": 0.00016162922256343946, "decorations_per_walkable_area": 0.0009697753353806369, "nodes": 88, "avg-path-length": 10.448537095088819, "diameter-mean": 26.0, "art-points": 25, "assortativity-mean": -0.1228121111571964, "betw-cen": NaN, "closn-cen": NaN, "distmap-max": 13.038404810405298, "distmap-mean": -Infinity, "distmap-var": 0.0, "distmap-skew": 0, "distmap-kurt": 0.0, "distmap-Q1": 0.01078779547103525, "distmap-Q2": 0.055956517865098455, "distmap-Q3": 0.16233961507618283, "path_wallmap": "HELINHEL_MAP26_wallmap.png", "path_heightmap": "HELINHEL_MAP26_heightmap.png", "path_triggermap": "HELINHEL_MAP26_triggermap.png", "path_thingsmap": "HELINHEL_MAP26_thingsmap.png", "path_floormap": "HELINHEL_MAP26_floormap.png", "path_roommap": "HELINHEL_MAP26_roommap.png", "slot": "MAP26", "path_json": "HELINHEL_MAP26.json"}