{"number_of_lines": 784, "number_of_things": 270, "number_of_sectors": 390, "number_of_subsectors": 324, "number_of_vertices": 685, "x_max": 3328, "y_max": 448, "x_min": -768, "y_min": -3968, "height": 4417, "width": 4097, "aspect_ratio": 1.078105931169148, "floor_height_max": 196.0, "floor_height_min": -24.0, "floor_height_avg": 76.93793103448276, "ceiling_height_max": 768.0, "ceiling_height_min": 0.0, "ceiling_height_avg": 180.57241379310344, "room_height_max": 600.0, "room_height_min": 0.0, "room_height_avg": 103.63448275862069, "sector_area_max": 2701312.0, "sector_area_min": 256.0, "sector_area_avg": 58269.13103448276, "lines_per_sector_max": 58.0, "lines_per_sector_min": 3.0, "lines_per_sector_avg": 6.896551724137931, "sector_aspect_ratio_max": 14.333333333333334, "sector_aspect_ratio_min": 1.0, "sector_aspect_ratio_avg": 2.308653476021427, "floors": 3, "level_area": 8254, "floors_area_mean": 2751.3333333333335, "floors_area_min": 25, "floors_area_max": 8094, "floors_area_std": 3778.1027278545803, "level_bbox_area": 17931, "level_convex_area": 14973, "floors_convex_area_mean": 5044.333333333333, "floors_convex_area_min": 25, "floors_convex_area_max": 14973, "floors_convex_area_std": 7020.771151059943, "level_eccentricity": 0.7472900844059173, "floors_eccentricity_mean": 0.5180834152733048, "floors_eccentricity_min": 0.0, "floors_eccentricity_max": 0.8017837257372731, "floors_eccentricity_std": 0.3668931411908504, "level_equivalent_diameter": 102.51497062499718, "floors_equivalent_diameter_mean": 40.08966081146368, "floors_equivalent_diameter_min": 5.641895835477563, "floors_equivalent_diameter_max": 101.51650543180851, "floors_equivalent_diameter_std": 43.54222659407537, "level_euler_number": -9, "floors_euler_number_mean": -3.0, "floors_euler_number_min": -11, "floors_euler_number_max": 1, "floors_euler_number_std": 5.656854249492381, "level_extent": 0.4603201160002231, "floors_extent_mean": 0.8171323406391166, "floors_extent_min": 0.4513970219173498, "floors_extent_max": 1.0, "floors_extent_std": 0.25861392398758454, "level_filled_area": 9037, "floors_filled_area_mean": 3012.3333333333335, "floors_filled_area_min": 25, "floors_filled_area_max": 8877, "floors_filled_area_std": 4147.1887131190715, "level_major_axis_length": 173.28245464960443, "floors_major_axis_length_mean": 65.69363969275543, "floors_major_axis_length_min": 5.656854249492381, "floors_major_axis_length_max": 174.14208963301962, "floors_major_axis_length_std": 76.83135462421704, "level_minor_axis_length": 115.14583643252041, "floors_minor_axis_length_mean": 43.5600338293248, "floors_minor_axis_length_min": 5.656854249492381, "floors_minor_axis_length_max": 114.69529164859557, "floors_minor_axis_length_std": 50.33635846776927, "level_orientation": 1.1420977759314694, "floors_orientation_mean": 1.160259542947366, "floors_orientation_min": 0.7853981633974483, "floors_orientation_max": 1.5707963267948966, "floors_orientation_std": 0.32162827365440555, "level_perimeter": 1754.2874093090413, "floors_perimeter_mean": 584.7624697696805, "floors_perimeter_min": 16.0, "floors_perimeter_max": 1694.2874093090413, "floors_perimeter_std": 784.6358788613849, "level_solidity": 0.5512589327456088, "floors_solidity_mean": 0.8468576771522073, "floors_solidity_min": 0.5405730314566219, "floors_solidity_max": 1.0, "floors_solidity_std": 0.21657594994466753, "level_hu_moment_0": 0.3277605762140853, "level_hu_moment_1": 0.016121533501348213, "level_hu_moment_2": 0.004850837817581606, "level_hu_moment_3": 0.00013652812033226053, "level_hu_moment_4": 1.1329640011177328e-08, "level_hu_moment_5": 3.114010533610255e-06, "level_hu_moment_6": 1.1052787736640072e-07, "level_centroid_x": 53.97455779016234, "level_centroid_y": 67.45529440271383, "number_of_artifacts": 7, "number_of_powerups": 26, "number_of_weapons": 6, "number_of_ammunitions": 45, "number_of_keys": 6, "number_of_monsters": 150, "number_of_obstacles": 19, "number_of_decorations": 0, "walkable_area": 5855, "walkable_percentage": 0.7093530409498425, "start_location_x_px": 20, "start_location_y_px": 64, "artifacts_per_walkable_area": 0.0011955593509820667, "powerups_per_walkable_area": 0.0044406490179333905, "weapons_per_walkable_area": 0.0010247651579846286, "ammunitions_per_walkable_area": 0.007685738684884714, "keys_per_walkable_area": 0.0010247651579846286, "monsters_per_walkable_area": 0.025619128949615714, "obstacles_per_walkable_area": 0.0032450896669513236, "decorations_per_walkable_area": 0.0, "nodes": 110, "avg-path-length": 7.793589743589744, "diameter-mean": 21.5, "art-points": 36, "assortativity-mean": 0, "betw-cen": NaN, "closn-cen": NaN, "distmap-max": 37.0, "distmap-mean": -Infinity, "distmap-var": 0.0, "distmap-skew": 0, "distmap-kurt": 0.0, "distmap-Q1": 0.00010618416581719335, "distmap-Q2": 0.05304960924226984, "distmap-Q3": 0.19376486578321445, "path_wallmap": "HELINHEL_MAP09_wallmap.png", "path_heightmap": "HELINHEL_MAP09_heightmap.png", "path_triggermap": "HELINHEL_MAP09_triggermap.png", "path_thingsmap": "HELINHEL_MAP09_thingsmap.png", "path_floormap": "HELINHEL_MAP09_floormap.png", "path_roommap": "HELINHEL_MAP09_roommap.png", "slot": "MAP09", "path_json": "HELINHEL_MAP09.json"}