{"number_of_lines": 773, "number_of_things": 199, "number_of_sectors": 126, "number_of_subsectors": 368, "number_of_vertices": 740, "x_max": 1184, "y_max": 1440, "x_min": -1664, "y_min": -2816, "height": 4257, "width": 2849, "aspect_ratio": 1.494208494208494, "floor_height_max": 512.0, "floor_height_min": -767.0, "floor_height_avg": -62.57142857142857, "ceiling_height_max": 768.0, "ceiling_height_min": -696.0, "ceiling_height_avg": 82.46031746031746, "room_height_max": 1023.0, "room_height_min": 0.0, "room_height_avg": 145.03174603174602, "sector_area_max": 2253312.0, "sector_area_min": 256.0, "sector_area_avg": 55284.8253968254, "lines_per_sector_max": 84.0, "lines_per_sector_min": 4.0, "lines_per_sector_avg": 8.015873015873016, "sector_aspect_ratio_max": 10.107692307692307, "sector_aspect_ratio_min": 1.0, "sector_aspect_ratio_avg": 2.7223001283207107, "floors": 1, "level_area": 7060, "floors_area_mean": 7060.0, "floors_area_min": 7060, "floors_area_max": 7060, "floors_area_std": 0.0, "level_bbox_area": 12060, "level_convex_area": 8838, "floors_convex_area_mean": 8838.0, "floors_convex_area_min": 8838, "floors_convex_area_max": 8838, "floors_convex_area_std": 0.0, "level_eccentricity": 0.8128952972544129, "floors_eccentricity_mean": 0.8128952972544129, "floors_eccentricity_min": 0.8128952972544129, "floors_eccentricity_max": 0.8128952972544129, "floors_eccentricity_std": 0.0, "level_equivalent_diameter": 94.81071240018318, "floors_equivalent_diameter_mean": 94.81071240018318, "floors_equivalent_diameter_min": 94.81071240018318, "floors_equivalent_diameter_max": 94.81071240018318, "floors_equivalent_diameter_std": 0.0, "level_euler_number": -30, "floors_euler_number_mean": -30.0, "floors_euler_number_min": -30, "floors_euler_number_max": -30, "floors_euler_number_std": 0.0, "level_extent": 0.5854063018242123, "floors_extent_mean": 0.5854063018242123, "floors_extent_min": 0.5854063018242123, "floors_extent_max": 0.5854063018242123, "floors_extent_std": 0.0, "level_filled_area": 7387, "floors_filled_area_mean": 7387.0, "floors_filled_area_min": 7387, "floors_filled_area_max": 7387, "floors_filled_area_std": 0.0, "level_major_axis_length": 132.39593314742797, "floors_major_axis_length_mean": 132.39593314742797, "floors_major_axis_length_min": 132.39593314742797, "floors_major_axis_length_max": 132.39593314742797, "floors_major_axis_length_std": 0.0, "level_minor_axis_length": 77.10869582922686, "floors_minor_axis_length_mean": 77.10869582922686, "floors_minor_axis_length_min": 77.10869582922686, "floors_minor_axis_length_max": 77.10869582922686, "floors_minor_axis_length_std": 0.0, "level_orientation": 1.4722445596913065, "floors_orientation_mean": 1.4722445596913065, "floors_orientation_min": 1.4722445596913065, "floors_orientation_max": 1.4722445596913065, "floors_orientation_std": 0.0, "level_perimeter": 925.6305550595491, "floors_perimeter_mean": 925.6305550595491, "floors_perimeter_min": 925.6305550595491, "floors_perimeter_max": 925.6305550595491, "floors_perimeter_std": 0.0, "level_solidity": 0.7988232631817154, "floors_solidity_mean": 0.7988232631817154, "floors_solidity_min": 0.7988232631817154, "floors_solidity_max": 0.7988232631817154, "floors_solidity_std": 0.0, "level_hu_moment_0": 0.20781191648780495, "level_hu_moment_1": 0.010514476547833388, "level_hu_moment_2": 0.0009005314472316128, "level_hu_moment_3": 9.454756486117803e-05, "level_hu_moment_4": 2.719160249509635e-08, "level_hu_moment_5": 9.686438707541828e-06, "level_hu_moment_6": -4.661666283726658e-09, "level_centroid_x": 41.19730878186969, "level_centroid_y": 71.0172804532578, "number_of_artifacts": 3, "number_of_powerups": 23, "number_of_weapons": 16, "number_of_ammunitions": 22, "number_of_keys": 1, "number_of_monsters": 97, "number_of_obstacles": 20, "number_of_decorations": 5, "walkable_area": 5921, "walkable_percentage": 0.8386685552407932, "start_location_x_px": 21, "start_location_y_px": 93, "artifacts_per_walkable_area": 0.0005066711704104037, "powerups_per_walkable_area": 0.003884478973146428, "weapons_per_walkable_area": 0.0027022462421888195, "ammunitions_per_walkable_area": 0.003715588583009627, "keys_per_walkable_area": 0.00016889039013680122, "monsters_per_walkable_area": 0.016382367843269716, "obstacles_per_walkable_area": 0.0033778078027360244, "decorations_per_walkable_area": 0.0008444519506840061, "nodes": 36, "avg-path-length": 3.414285714285714, "diameter-mean": 8.0, "art-points": 3, "assortativity-mean": -0.18164564028134406, "betw-cen": NaN, "closn-cen": NaN, "distmap-max": 17.26267650163207, "distmap-mean": -Infinity, "distmap-var": 0.0, "distmap-skew": 0, "distmap-kurt": 0.0, "distmap-Q1": 0.0016806722689075631, "distmap-Q2": 0.036974789915966394, "distmap-Q3": 0.09786414565826329, "path_wallmap": "HELINHEL_MAP24_wallmap.png", "path_heightmap": "HELINHEL_MAP24_heightmap.png", "path_triggermap": "HELINHEL_MAP24_triggermap.png", "path_thingsmap": "HELINHEL_MAP24_thingsmap.png", "path_floormap": "HELINHEL_MAP24_floormap.png", "path_roommap": "HELINHEL_MAP24_roommap.png", "slot": "MAP24", "path_json": "HELINHEL_MAP24.json"}