{"number_of_lines": 1023, "number_of_things": 303, "number_of_sectors": 217, "number_of_subsectors": 445, "number_of_vertices": 842, "x_max": 3264, "y_max": 1088, "x_min": -1536, "y_min": -3008, "height": 4097, "width": 4801, "aspect_ratio": 1.171833048572126, "floor_height_max": 158.0, "floor_height_min": -984.0, "floor_height_avg": 5.092592592592593, "ceiling_height_max": 384.0, "ceiling_height_min": -856.0, "ceiling_height_avg": 134.91666666666666, "room_height_max": 1112.0, "room_height_min": 0.0, "room_height_avg": 129.82407407407408, "sector_area_max": 804864.0, "sector_area_min": 512.0, "sector_area_avg": 30514.37037037037, "lines_per_sector_max": 40.0, "lines_per_sector_min": 3.0, "lines_per_sector_avg": 6.388888888888889, "sector_aspect_ratio_max": 7.588235294117647, "sector_aspect_ratio_min": 1.0, "sector_aspect_ratio_avg": 2.2564912365330936, "floors": 1, "level_area": 7110, "floors_area_mean": 7110.0, "floors_area_min": 7110, "floors_area_max": 7110, "floors_area_std": 0.0, "level_bbox_area": 19479, "level_convex_area": 13870, "floors_convex_area_mean": 13870.0, "floors_convex_area_min": 13870, "floors_convex_area_max": 13870, "floors_convex_area_std": 0.0, "level_eccentricity": 0.6648060849293321, "floors_eccentricity_mean": 0.6648060849293321, "floors_eccentricity_min": 0.6648060849293321, "floors_eccentricity_max": 0.6648060849293321, "floors_eccentricity_std": 0.0, "level_equivalent_diameter": 95.14585205392302, "floors_equivalent_diameter_mean": 95.14585205392302, "floors_equivalent_diameter_min": 95.14585205392302, "floors_equivalent_diameter_max": 95.14585205392302, "floors_equivalent_diameter_std": 0.0, "level_euler_number": -21, "floors_euler_number_mean": -21.0, "floors_euler_number_min": -21, "floors_euler_number_max": -21, "floors_euler_number_std": 0.0, "level_extent": 0.3650084706607115, "floors_extent_mean": 0.3650084706607115, "floors_extent_min": 0.3650084706607115, "floors_extent_max": 0.3650084706607115, "floors_extent_std": 0.0, "level_filled_area": 8705, "floors_filled_area_mean": 8705.0, "floors_filled_area_min": 8705, "floors_filled_area_max": 8705, "floors_filled_area_std": 0.0, "level_major_axis_length": 145.11588097430842, "floors_major_axis_length_mean": 145.11588097430842, "floors_major_axis_length_min": 145.11588097430842, "floors_major_axis_length_max": 145.11588097430842, "floors_major_axis_length_std": 0.0, "level_minor_axis_length": 108.40388156030366, "floors_minor_axis_length_mean": 108.40388156030366, "floors_minor_axis_length_min": 108.40388156030366, "floors_minor_axis_length_max": 108.40388156030366, "floors_minor_axis_length_std": 0.0, "level_orientation": 0.23795664776499376, "floors_orientation_mean": 0.23795664776499376, "floors_orientation_min": 0.23795664776499376, "floors_orientation_max": 0.23795664776499376, "floors_orientation_std": 0.0, "level_perimeter": 1760.9514062334704, "floors_perimeter_mean": 1760.9514062334704, "floors_perimeter_min": 1760.9514062334704, "floors_perimeter_max": 1760.9514062334704, "floors_perimeter_std": 0.0, "level_solidity": 0.5126171593366979, "floors_solidity_mean": 0.5126171593366979, "floors_solidity_min": 0.5126171593366979, "floors_solidity_max": 0.5126171593366979, "floors_solidity_std": 0.0, "level_hu_moment_0": 0.2884143850939697, "level_hu_moment_1": 0.006693612199685982, "level_hu_moment_2": 0.00015944920803704518, "level_hu_moment_3": 0.00011367538895052794, "level_hu_moment_4": 1.110972584055255e-08, "level_hu_moment_5": -1.040098395708105e-06, "level_hu_moment_6": 1.0525814504491352e-08, "level_centroid_x": 73.98101265822785, "level_centroid_y": 72.06666666666666, "number_of_artifacts": 6, "number_of_powerups": 34, "number_of_weapons": 8, "number_of_ammunitions": 49, "number_of_keys": 3, "number_of_monsters": 149, "number_of_obstacles": 32, "number_of_decorations": 8, "walkable_area": 5330, "walkable_percentage": 0.749648382559775, "start_location_x_px": 28, "start_location_y_px": 98, "artifacts_per_walkable_area": 0.001125703564727955, "powerups_per_walkable_area": 0.006378986866791745, "weapons_per_walkable_area": 0.00150093808630394, "ammunitions_per_walkable_area": 0.009193245778611633, "keys_per_walkable_area": 0.0005628517823639775, "monsters_per_walkable_area": 0.02795497185741088, "obstacles_per_walkable_area": 0.00600375234521576, "decorations_per_walkable_area": 0.00150093808630394, "nodes": 114, "avg-path-length": 10.706722558608911, "diameter-mean": 26.0, "art-points": 19, "assortativity-mean": -0.15456215042991867, "betw-cen": NaN, "closn-cen": NaN, "distmap-max": 12.206555615733702, "distmap-mean": -Infinity, "distmap-var": 0.0, "distmap-skew": 0, "distmap-kurt": 0.0, "distmap-Q1": 0.017699115044247787, "distmap-Q2": 0.06573957016434893, "distmap-Q3": 0.12361443471193789, "path_wallmap": "HELINHEL_MAP20_wallmap.png", "path_heightmap": "HELINHEL_MAP20_heightmap.png", "path_triggermap": "HELINHEL_MAP20_triggermap.png", "path_thingsmap": "HELINHEL_MAP20_thingsmap.png", "path_floormap": "HELINHEL_MAP20_floormap.png", "path_roommap": "HELINHEL_MAP20_roommap.png", "slot": "MAP20", "path_json": "HELINHEL_MAP20.json"}