{"number_of_lines": 1072, "number_of_things": 230, "number_of_sectors": 139, "number_of_subsectors": 544, "number_of_vertices": 1052, "x_max": 4864, "y_max": 1280, "x_min": -3712, "y_min": -6208, "height": 7489, "width": 8577, "aspect_ratio": 1.1452797436239819, "floor_height_max": 384.0, "floor_height_min": -1279.0, "floor_height_avg": -91.9568345323741, "ceiling_height_max": 512.0, "ceiling_height_min": -680.0, "ceiling_height_avg": 110.34532374100719, "room_height_max": 1152.0, "room_height_min": 0.0, "room_height_avg": 202.3021582733813, "sector_area_max": 3348480.0, "sector_area_min": 768.0, "sector_area_avg": 138492.54676258992, "lines_per_sector_max": 62.0, "lines_per_sector_min": 4.0, "lines_per_sector_avg": 10.079136690647482, "sector_aspect_ratio_max": 12.815384615384616, "sector_aspect_ratio_min": 1.0, "sector_aspect_ratio_avg": 2.4546151515361263, "floors": 1, "level_area": 20078, "floors_area_mean": 20078.0, "floors_area_min": 20078, "floors_area_max": 20078, "floors_area_std": 0.0, "level_bbox_area": 63215, "level_convex_area": 38359, "floors_convex_area_mean": 38359.0, "floors_convex_area_min": 38359, "floors_convex_area_max": 38359, "floors_convex_area_std": 0.0, "level_eccentricity": 0.9205988755342318, "floors_eccentricity_mean": 0.9205988755342318, "floors_eccentricity_min": 0.9205988755342318, "floors_eccentricity_max": 0.9205988755342318, "floors_eccentricity_std": 0.0, "level_equivalent_diameter": 159.88778433386523, "floors_equivalent_diameter_mean": 159.88778433386523, "floors_equivalent_diameter_min": 159.88778433386523, "floors_equivalent_diameter_max": 159.88778433386523, "floors_equivalent_diameter_std": 0.0, "level_euler_number": -22, "floors_euler_number_mean": -22.0, "floors_euler_number_min": -22, "floors_euler_number_max": -22, "floors_euler_number_std": 0.0, "level_extent": 0.3176144902317488, "floors_extent_mean": 0.3176144902317488, "floors_extent_min": 0.3176144902317488, "floors_extent_max": 0.3176144902317488, "floors_extent_std": 0.0, "level_filled_area": 23691, "floors_filled_area_mean": 23691.0, "floors_filled_area_min": 23691, "floors_filled_area_max": 23691, "floors_filled_area_std": 0.0, "level_major_axis_length": 343.3376674304074, "floors_major_axis_length_mean": 343.3376674304074, "floors_major_axis_length_min": 343.3376674304074, "floors_major_axis_length_max": 343.3376674304074, "floors_major_axis_length_std": 0.0, "level_minor_axis_length": 134.07663876413056, "floors_minor_axis_length_mean": 134.07663876413056, "floors_minor_axis_length_min": 134.07663876413056, "floors_minor_axis_length_max": 134.07663876413056, "floors_minor_axis_length_std": 0.0, "level_orientation": -0.7648854857878065, "floors_orientation_mean": -0.7648854857878065, "floors_orientation_min": -0.7648854857878065, "floors_orientation_max": -0.7648854857878065, "floors_orientation_std": 0.0, "level_perimeter": 3112.4896449250937, "floors_perimeter_mean": 3112.4896449250937, "floors_perimeter_min": 3112.4896449250937, "floors_perimeter_max": 3112.4896449250937, "floors_perimeter_std": 0.0, "level_solidity": 0.5234234469094606, "floors_solidity_mean": 0.5234234469094606, "floors_solidity_min": 0.5234234469094606, "floors_solidity_max": 0.5234234469094606, "floors_solidity_std": 0.0, "level_hu_moment_0": 0.4229047307340129, "level_hu_moment_1": 0.09671341182602523, "level_hu_moment_2": 0.009651633360455986, "level_hu_moment_3": 0.002474030440145152, "level_hu_moment_4": 1.196711950119195e-05, "level_hu_moment_5": 0.0006531862714593182, "level_hu_moment_6": 1.7157534086960734e-06, "level_centroid_x": 134.78140253013248, "level_centroid_y": 132.92922601852774, "number_of_artifacts": 3, "number_of_powerups": 13, "number_of_weapons": 5, "number_of_ammunitions": 38, "number_of_keys": 3, "number_of_monsters": 153, "number_of_obstacles": 5, "number_of_decorations": 2, "walkable_area": 17078, "walkable_percentage": 0.8505827273632832, "start_location_x_px": 104, "start_location_y_px": 128, "artifacts_per_walkable_area": 0.0001756645977280712, "powerups_per_walkable_area": 0.0007612132568216419, "weapons_per_walkable_area": 0.00029277432954678535, "ammunitions_per_walkable_area": 0.0022250849045555685, "keys_per_walkable_area": 0.0001756645977280712, "monsters_per_walkable_area": 0.00895889448413163, "obstacles_per_walkable_area": 0.00029277432954678535, "decorations_per_walkable_area": 0.00011710973181871414, "nodes": 170, "avg-path-length": 13.93734772015315, "diameter-mean": 39.0, "art-points": 16, "assortativity-mean": 0.04639676901367271, "betw-cen": NaN, "closn-cen": NaN, "distmap-max": 24.166091947189145, "distmap-mean": -Infinity, "distmap-var": 0.0, "distmap-skew": 0, "distmap-kurt": 0.0, "distmap-Q1": 0.01569514886822579, "distmap-Q2": 0.03545012679628064, "distmap-Q3": 0.1050771344040575, "path_wallmap": "HELINHEL_MAP29_wallmap.png", "path_heightmap": "HELINHEL_MAP29_heightmap.png", "path_triggermap": "HELINHEL_MAP29_triggermap.png", "path_thingsmap": "HELINHEL_MAP29_thingsmap.png", "path_floormap": "HELINHEL_MAP29_floormap.png", "path_roommap": "HELINHEL_MAP29_roommap.png", "slot": "MAP29", "path_json": "HELINHEL_MAP29.json"}