{"number_of_lines": 758, "number_of_things": 138, "number_of_sectors": 168, "number_of_subsectors": 425, "number_of_vertices": 676, "x_max": 3136, "y_max": 896, "x_min": -2752, "y_min": -2624, "height": 3521, "width": 5889, "aspect_ratio": 1.6725362113036069, "floor_height_max": 272.0, "floor_height_min": -668.0, "floor_height_avg": 85.23809523809524, "ceiling_height_max": 384.0, "ceiling_height_min": 112.0, "ceiling_height_avg": 289.9166666666667, "room_height_max": 1024.0, "room_height_min": 0.0, "room_height_avg": 204.67857142857142, "sector_area_max": 1474560.0, "sector_area_min": 512.0, "sector_area_avg": 41767.619047619046, "lines_per_sector_max": 130.0, "lines_per_sector_min": 3.0, "lines_per_sector_avg": 6.910714285714286, "sector_aspect_ratio_max": 8.757575757575758, "sector_aspect_ratio_min": 1.0, "sector_aspect_ratio_avg": 2.594725635626878, "floors": 1, "level_area": 6744, "floors_area_mean": 6744.0, "floors_area_min": 6744, "floors_area_max": 6744, "floors_area_std": 0.0, "level_bbox_area": 20535, "level_convex_area": 13916, "floors_convex_area_mean": 13916.0, "floors_convex_area_min": 13916, "floors_convex_area_max": 13916, "floors_convex_area_std": 0.0, "level_eccentricity": 0.8828487365446501, "floors_eccentricity_mean": 0.8828487365446501, "floors_eccentricity_min": 0.8828487365446501, "floors_eccentricity_max": 0.8828487365446501, "floors_eccentricity_std": 0.0, "level_equivalent_diameter": 92.66459674381548, "floors_equivalent_diameter_mean": 92.66459674381548, "floors_equivalent_diameter_min": 92.66459674381548, "floors_equivalent_diameter_max": 92.66459674381548, "floors_equivalent_diameter_std": 0.0, "level_euler_number": -4, "floors_euler_number_mean": -4.0, "floors_euler_number_min": -4, "floors_euler_number_max": -4, "floors_euler_number_std": 0.0, "level_extent": 0.3284149013878744, "floors_extent_mean": 0.3284149013878744, "floors_extent_min": 0.3284149013878744, "floors_extent_max": 0.3284149013878744, "floors_extent_std": 0.0, "level_filled_area": 8009, "floors_filled_area_mean": 8009.0, "floors_filled_area_min": 8009, "floors_filled_area_max": 8009, "floors_filled_area_std": 0.0, "level_major_axis_length": 196.09164384091974, "floors_major_axis_length_mean": 196.09164384091974, "floors_major_axis_length_min": 196.09164384091974, "floors_major_axis_length_max": 196.09164384091974, "floors_major_axis_length_std": 0.0, "level_minor_axis_length": 92.09589891607291, "floors_minor_axis_length_mean": 92.09589891607291, "floors_minor_axis_length_min": 92.09589891607291, "floors_minor_axis_length_max": 92.09589891607291, "floors_minor_axis_length_std": 0.0, "level_orientation": -0.008290466980834991, "floors_orientation_mean": -0.008290466980834991, "floors_orientation_min": -0.008290466980834991, "floors_orientation_max": -0.008290466980834991, "floors_orientation_std": 0.0, "level_perimeter": 1170.6417023478425, "floors_perimeter_mean": 1170.6417023478425, "floors_perimeter_min": 1170.6417023478425, "floors_perimeter_max": 1170.6417023478425, "floors_perimeter_std": 0.0, "level_solidity": 0.484622017821213, "floors_solidity_mean": 0.484622017821213, "floors_solidity_min": 0.484622017821213, "floors_solidity_max": 0.484622017821213, "floors_solidity_std": 0.0, "level_hu_moment_0": 0.4349568818708634, "level_hu_moment_1": 0.07714476487387786, "level_hu_moment_2": 0.024799971295977743, "level_hu_moment_3": 0.0024595539620569625, "level_hu_moment_4": 9.087045211167614e-06, "level_hu_moment_5": -2.871719762954141e-05, "level_hu_moment_6": 1.692395957696566e-05, "level_centroid_x": 91.23250296559905, "level_centroid_y": 47.01868327402135, "number_of_artifacts": 6, "number_of_powerups": 9, "number_of_weapons": 3, "number_of_ammunitions": 36, "number_of_keys": 1, "number_of_monsters": 63, "number_of_obstacles": 2, "number_of_decorations": 6, "walkable_area": 5517, "walkable_percentage": 0.8180604982206405, "start_location_x_px": 59, "start_location_y_px": 58, "artifacts_per_walkable_area": 0.001087547580206634, "powerups_per_walkable_area": 0.0016313213703099511, "weapons_per_walkable_area": 0.000543773790103317, "ammunitions_per_walkable_area": 0.0065252854812398045, "keys_per_walkable_area": 0.00018125793003443902, "monsters_per_walkable_area": 0.011419249592169658, "obstacles_per_walkable_area": 0.00036251586006887804, "decorations_per_walkable_area": 0.001087547580206634, "nodes": 71, "avg-path-length": 10.657545271629779, "diameter-mean": 24.0, "art-points": 15, "assortativity-mean": -0.2484249957432315, "betw-cen": NaN, "closn-cen": NaN, "distmap-max": 19.235384061671343, "distmap-mean": -Infinity, "distmap-var": 0.0, "distmap-skew": 0, "distmap-kurt": 0.0, "distmap-Q1": 0.061007591442374054, "distmap-Q2": 0.12429261559696343, "distmap-Q3": 0.19354727398205662, "path_wallmap": "HELINHEL_MAP25_wallmap.png", "path_heightmap": "HELINHEL_MAP25_heightmap.png", "path_triggermap": "HELINHEL_MAP25_triggermap.png", "path_thingsmap": "HELINHEL_MAP25_thingsmap.png", "path_floormap": "HELINHEL_MAP25_floormap.png", "path_roommap": "HELINHEL_MAP25_roommap.png", "slot": "MAP25", "path_json": "HELINHEL_MAP25.json"}