{"number_of_lines": 135, "number_of_things": 72, "number_of_sectors": 19, "number_of_subsectors": 57, "number_of_vertices": 132, "x_max": 2048, "y_max": 2592, "x_min": -2048, "y_min": -768, "height": 3361, "width": 4097, "aspect_ratio": 1.2189824457006844, "floor_height_max": 128.0, "floor_height_min": -528.0, "floor_height_avg": 21.894736842105264, "ceiling_height_max": 144.0, "ceiling_height_min": 16.0, "ceiling_height_avg": 105.26315789473684, "room_height_max": 672.0, "room_height_min": 0.0, "room_height_avg": 83.36842105263158, "sector_area_max": 6291456.0, "sector_area_min": 2048.0, "sector_area_avg": 427546.94736842107, "lines_per_sector_max": 40.0, "lines_per_sector_min": 4.0, "lines_per_sector_avg": 9.052631578947368, "sector_aspect_ratio_max": 7.588235294117647, "sector_aspect_ratio_min": 1.0, "sector_aspect_ratio_avg": 3.1142951695256125, "floors": 2, "level_area": 7487, "floors_area_mean": 3743.5, "floors_area_min": 196, "floors_area_max": 7291, "floors_area_std": 3547.5, "level_bbox_area": 13674, "level_convex_area": 11256, "floors_convex_area_mean": 5044.5, "floors_convex_area_min": 224, "floors_convex_area_max": 9865, "floors_convex_area_std": 4820.5, "level_eccentricity": 0.7018227253656911, "floors_eccentricity_mean": 0.6372385733320178, "floors_eccentricity_min": 0.514728634963738, "floors_eccentricity_max": 0.7597485117002976, "floors_eccentricity_std": 0.12250993836827978, "level_equivalent_diameter": 97.63577454720253, "floors_equivalent_diameter_mean": 56.07330912604599, "floors_equivalent_diameter_min": 15.797308339337176, "floors_equivalent_diameter_max": 96.3493099127548, "floors_equivalent_diameter_std": 40.27600078670881, "level_euler_number": -2, "floors_euler_number_mean": -1.0, "floors_euler_number_min": -3, "floors_euler_number_max": 1, "floors_euler_number_std": 2.0, "level_extent": 0.5475354687728536, "floors_extent_mean": 0.7118480237343286, "floors_extent_min": 0.6977701215427313, "floors_extent_max": 0.725925925925926, "floors_extent_std": 0.014077902191597325, "level_filled_area": 7491, "floors_filled_area_mean": 3745.5, "floors_filled_area_min": 196, "floors_filled_area_max": 7295, "floors_filled_area_std": 3549.5, "level_major_axis_length": 139.48720525812365, "floors_major_axis_length_mean": 79.71861300677958, "floors_major_axis_length_min": 18.112460475865667, "floors_major_axis_length_max": 141.32476553769348, "floors_major_axis_length_std": 61.60615253091391, "level_minor_axis_length": 99.36393973300463, "floors_minor_axis_length_mean": 53.71027292253897, "floors_minor_axis_length_min": 15.52877513337279, "floors_minor_axis_length_max": 91.89177071170515, "floors_minor_axis_length_std": 38.18149778916618, "level_orientation": 0.04226424297662281, "floors_orientation_mean": 0.8050989991544086, "floors_orientation_min": 0.03940167151392066, "floors_orientation_max": 1.5707963267948966, "floors_orientation_std": 0.7656973276404879, "level_perimeter": 719.1543289325508, "floors_perimeter_mean": 359.57716446627535, "floors_perimeter_min": 58.48528137423857, "floors_perimeter_max": 660.6690475583122, "floors_perimeter_std": 301.09188309203677, "level_solidity": 0.6651563610518835, "floors_solidity_mean": 0.8070387734414597, "floors_solidity_min": 0.7390775468829194, "floors_solidity_max": 0.875, "floors_solidity_std": 0.06796122655854031, "level_hu_moment_0": 0.244839997245109, "level_hu_moment_1": 0.006400170845881361, "level_hu_moment_2": 0.0018415452776264455, "level_hu_moment_3": 4.488400447842744e-05, "level_hu_moment_4": 1.1458022457927784e-08, "level_hu_moment_5": 3.0410631270983496e-06, "level_hu_moment_6": 5.935502511763948e-09, "level_centroid_x": 65.40536930679845, "level_centroid_y": 36.6206758381194, "number_of_artifacts": 2, "number_of_powerups": 3, "number_of_weapons": 4, "number_of_ammunitions": 18, "number_of_keys": 3, "number_of_monsters": 26, "number_of_obstacles": 8, "number_of_decorations": 0, "walkable_area": 6777, "walkable_percentage": 0.9051689595298518, "start_location_x_px": 34, "start_location_y_px": 34, "artifacts_per_walkable_area": 0.00029511583296443856, "powerups_per_walkable_area": 0.0004426737494466578, "weapons_per_walkable_area": 0.0005902316659288771, "ammunitions_per_walkable_area": 0.0026560424966799467, "keys_per_walkable_area": 0.0004426737494466578, "monsters_per_walkable_area": 0.003836505828537701, "obstacles_per_walkable_area": 0.0011804633318577543, "decorations_per_walkable_area": 0.0, "nodes": 45, "avg-path-length": 2.5940803382663846, "diameter-mean": 5.0, "art-points": 2, "assortativity-mean": 0, "betw-cen": NaN, "closn-cen": NaN, "distmap-max": 25.298221281347036, "distmap-mean": -Infinity, "distmap-var": 0.0, "distmap-skew": 0, "distmap-kurt": 0.0, "distmap-Q1": 0.0, "distmap-Q2": 0.0, "distmap-Q3": 0.0, "path_wallmap": "HELINHEL_MAP07_wallmap.png", "path_heightmap": "HELINHEL_MAP07_heightmap.png", "path_triggermap": "HELINHEL_MAP07_triggermap.png", "path_thingsmap": "HELINHEL_MAP07_thingsmap.png", "path_floormap": "HELINHEL_MAP07_floormap.png", "path_roommap": "HELINHEL_MAP07_roommap.png", "slot": "MAP07", "path_json": "HELINHEL_MAP07.json"}