{"number_of_lines": 1662, "number_of_things": 360, "number_of_sectors": 245, "number_of_subsectors": 778, "number_of_vertices": 1523, "x_max": 1344, "y_max": 3120, "x_min": -5120, "y_min": -2208, "height": 5329, "width": 6465, "aspect_ratio": 1.2131732032276223, "floor_height_max": 416.0, "floor_height_min": -721.0, "floor_height_avg": 99.59591836734694, "ceiling_height_max": 512.0, "ceiling_height_min": -176.0, "ceiling_height_avg": 238.09795918367348, "room_height_max": 1023.0, "room_height_min": 0.0, "room_height_avg": 138.50204081632654, "sector_area_max": 1787904.0, "sector_area_min": 64.0, "sector_area_avg": 60423.60816326531, "lines_per_sector_max": 102.0, "lines_per_sector_min": 4.0, "lines_per_sector_avg": 9.118367346938776, "sector_aspect_ratio_max": 14.575757575757576, "sector_aspect_ratio_min": 1.0, "sector_aspect_ratio_avg": 3.3860347185174278, "floors": 1, "level_area": 15071, "floors_area_mean": 15071.0, "floors_area_min": 15071, "floors_area_max": 15071, "floors_area_std": 0.0, "level_bbox_area": 33901, "level_convex_area": 22593, "floors_convex_area_mean": 22593.0, "floors_convex_area_min": 22593, "floors_convex_area_max": 22593, "floors_convex_area_std": 0.0, "level_eccentricity": 0.8877637695082983, "floors_eccentricity_mean": 0.8877637695082983, "floors_eccentricity_min": 0.8877637695082983, "floors_eccentricity_max": 0.8877637695082983, "floors_eccentricity_std": 0.0, "level_equivalent_diameter": 138.5243414664139, "floors_equivalent_diameter_mean": 138.5243414664139, "floors_equivalent_diameter_min": 138.5243414664139, "floors_equivalent_diameter_max": 138.5243414664139, "floors_equivalent_diameter_std": 0.0, "level_euler_number": -54, "floors_euler_number_mean": -54.0, "floors_euler_number_min": -54, "floors_euler_number_max": -54, "floors_euler_number_std": 0.0, "level_extent": 0.444559157546975, "floors_extent_mean": 0.444559157546975, "floors_extent_min": 0.444559157546975, "floors_extent_max": 0.444559157546975, "floors_extent_std": 0.0, "level_filled_area": 16400, "floors_filled_area_mean": 16400.0, "floors_filled_area_min": 16400, "floors_filled_area_max": 16400, "floors_filled_area_std": 0.0, "level_major_axis_length": 232.93420067642333, "floors_major_axis_length_mean": 232.93420067642333, "floors_major_axis_length_min": 232.93420067642333, "floors_major_axis_length_max": 232.93420067642333, "floors_major_axis_length_std": 0.0, "level_minor_axis_length": 107.21946064238892, "floors_minor_axis_length_mean": 107.21946064238892, "floors_minor_axis_length_min": 107.21946064238892, "floors_minor_axis_length_max": 107.21946064238892, "floors_minor_axis_length_std": 0.0, "level_orientation": -0.5586481091805662, "floors_orientation_mean": -0.5586481091805662, "floors_orientation_min": -0.5586481091805662, "floors_orientation_max": -0.5586481091805662, "floors_orientation_std": 0.0, "level_perimeter": 2169.9230150024737, "floors_perimeter_mean": 2169.9230150024737, "floors_perimeter_min": 2169.9230150024737, "floors_perimeter_max": 2169.9230150024737, "floors_perimeter_std": 0.0, "level_solidity": 0.6670650201389811, "floors_solidity_mean": 0.6670650201389811, "floors_solidity_min": 0.6670650201389811, "floors_solidity_max": 0.6670650201389811, "floors_solidity_std": 0.0, "level_hu_moment_0": 0.2726857648182314, "level_hu_moment_1": 0.03144840314446268, "level_hu_moment_2": 0.00034321727549277534, "level_hu_moment_3": 9.639185332346878e-05, "level_hu_moment_4": 1.5482206455294303e-08, "level_hu_moment_5": 7.193290738593572e-06, "level_hu_moment_6": 8.227488294875401e-09, "level_centroid_x": 104.5734855019574, "level_centroid_y": 81.19852697233097, "number_of_artifacts": 12, "number_of_powerups": 22, "number_of_weapons": 5, "number_of_ammunitions": 33, "number_of_keys": 2, "number_of_monsters": 233, "number_of_obstacles": 12, "number_of_decorations": 33, "walkable_area": 12201, "walkable_percentage": 0.8095680445889457, "start_location_x_px": 146, "start_location_y_px": 83, "artifacts_per_walkable_area": 0.0009835259404966806, "powerups_per_walkable_area": 0.001803130890910581, "weapons_per_walkable_area": 0.00040980247520695025, "ammunitions_per_walkable_area": 0.0027046963363658717, "keys_per_walkable_area": 0.0001639209900827801, "monsters_per_walkable_area": 0.019096795344643883, "obstacles_per_walkable_area": 0.0009835259404966806, "decorations_per_walkable_area": 0.0027046963363658717, "nodes": 110, "avg-path-length": 10.281734778982486, "diameter-mean": 33.0, "art-points": 22, "assortativity-mean": 0.1814777951561688, "betw-cen": NaN, "closn-cen": NaN, "distmap-max": 19.0, "distmap-mean": -Infinity, "distmap-var": 0.0, "distmap-skew": 0, "distmap-kurt": 0.0, "distmap-Q1": 0.011022149715938135, "distmap-Q2": 0.03739821873689114, "distmap-Q3": 0.15676322062175288, "path_wallmap": "HELINHEL_MAP28_wallmap.png", "path_heightmap": "HELINHEL_MAP28_heightmap.png", "path_triggermap": "HELINHEL_MAP28_triggermap.png", "path_thingsmap": "HELINHEL_MAP28_thingsmap.png", "path_floormap": "HELINHEL_MAP28_floormap.png", "path_roommap": "HELINHEL_MAP28_roommap.png", "slot": "MAP28", "path_json": "HELINHEL_MAP28.json"}