{"number_of_lines": 1179, "number_of_things": 332, "number_of_sectors": 169, "number_of_subsectors": 502, "number_of_vertices": 1048, "x_max": 6304, "y_max": 4288, "x_min": -1152, "y_min": -288, "height": 4577, "width": 7457, "aspect_ratio": 1.6292331221324012, "floor_height_max": 96.0, "floor_height_min": -144.0, "floor_height_avg": -29.964497041420117, "ceiling_height_max": 256.0, "ceiling_height_min": -128.0, "ceiling_height_avg": 68.22485207100591, "room_height_max": 288.0, "room_height_min": 0.0, "room_height_avg": 98.18934911242603, "sector_area_max": 1174016.0, "sector_area_min": 512.0, "sector_area_avg": 74283.17159763313, "lines_per_sector_max": 76.0, "lines_per_sector_min": 4.0, "lines_per_sector_avg": 8.698224852071005, "sector_aspect_ratio_max": 21.444444444444443, "sector_aspect_ratio_min": 1.0, "sector_aspect_ratio_avg": 3.3017513234055484, "floors": 1, "level_area": 13544, "floors_area_mean": 13544.0, "floors_area_min": 13544, "floors_area_max": 13544, "floors_area_std": 0.0, "level_bbox_area": 33696, "level_convex_area": 24039, "floors_convex_area_mean": 24039.0, "floors_convex_area_min": 24039, "floors_convex_area_max": 24039, "floors_convex_area_std": 0.0, "level_eccentricity": 0.7492981712592546, "floors_eccentricity_mean": 0.7492981712592546, "floors_eccentricity_min": 0.7492981712592546, "floors_eccentricity_max": 0.7492981712592546, "floors_eccentricity_std": 0.0, "level_equivalent_diameter": 131.3192917811128, "floors_equivalent_diameter_mean": 131.3192917811128, "floors_equivalent_diameter_min": 131.3192917811128, "floors_equivalent_diameter_max": 131.3192917811128, "floors_equivalent_diameter_std": 0.0, "level_euler_number": -50, "floors_euler_number_mean": -50.0, "floors_euler_number_min": -50, "floors_euler_number_max": -50, "floors_euler_number_std": 0.0, "level_extent": 0.4019468186134853, "floors_extent_mean": 0.4019468186134853, "floors_extent_min": 0.4019468186134853, "floors_extent_max": 0.4019468186134853, "floors_extent_std": 0.0, "level_filled_area": 14322, "floors_filled_area_mean": 14322.0, "floors_filled_area_min": 14322, "floors_filled_area_max": 14322, "floors_filled_area_std": 0.0, "level_major_axis_length": 204.46852763138727, "floors_major_axis_length_mean": 204.46852763138727, "floors_major_axis_length_min": 204.46852763138727, "floors_major_axis_length_max": 204.46852763138727, "floors_major_axis_length_std": 0.0, "level_minor_axis_length": 135.4057608029074, "floors_minor_axis_length_mean": 135.4057608029074, "floors_minor_axis_length_min": 135.4057608029074, "floors_minor_axis_length_max": 135.4057608029074, "floors_minor_axis_length_std": 0.0, "level_orientation": -0.054468148727726685, "floors_orientation_mean": -0.054468148727726685, "floors_orientation_min": -0.054468148727726685, "floors_orientation_max": -0.054468148727726685, "floors_orientation_std": 0.0, "level_perimeter": 2048.035713374682, "floors_perimeter_mean": 2048.035713374682, "floors_perimeter_min": 2048.035713374682, "floors_perimeter_max": 2048.035713374682, "floors_perimeter_std": 0.0, "level_solidity": 0.5634177794417405, "floors_solidity_mean": 0.5634177794417405, "floors_solidity_min": 0.5634177794417405, "floors_solidity_max": 0.5634177794417405, "floors_solidity_std": 0.0, "level_hu_moment_0": 0.2775310970280269, "level_hu_moment_1": 0.011732504076338858, "level_hu_moment_2": 0.003603206255688934, "level_hu_moment_3": 0.0012250304858733682, "level_hu_moment_4": 2.2495788279352645e-06, "level_hu_moment_5": 6.760935369337103e-05, "level_hu_moment_6": 1.2504158611423832e-06, "level_centroid_x": 95.94152392203189, "level_centroid_y": 75.01218251624336, "number_of_artifacts": 8, "number_of_powerups": 26, "number_of_weapons": 12, "number_of_ammunitions": 70, "number_of_keys": 2, "number_of_monsters": 186, "number_of_obstacles": 19, "number_of_decorations": 0, "walkable_area": 10844, "walkable_percentage": 0.8006497341996456, "start_location_x_px": 17, "start_location_y_px": 10, "artifacts_per_walkable_area": 0.0007377351530800443, "powerups_per_walkable_area": 0.002397639247510144, "weapons_per_walkable_area": 0.0011066027296200663, "ammunitions_per_walkable_area": 0.006455182589450387, "keys_per_walkable_area": 0.00018443378827001107, "monsters_per_walkable_area": 0.01715234230911103, "obstacles_per_walkable_area": 0.0017521209885651052, "decorations_per_walkable_area": 0.0, "nodes": 114, "avg-path-length": 9.185374941779227, "diameter-mean": 29.0, "art-points": 38, "assortativity-mean": 0.22535211267605634, "betw-cen": NaN, "closn-cen": NaN, "distmap-max": 16.1245154965971, "distmap-mean": -Infinity, "distmap-var": 0.0, "distmap-skew": 0, "distmap-kurt": 0.0, "distmap-Q1": 0.009518259737523318, "distmap-Q2": 0.03508217446270544, "distmap-Q3": 0.08533501896333756, "path_wallmap": "HELINHEL_MAP30_wallmap.png", "path_heightmap": "HELINHEL_MAP30_heightmap.png", "path_triggermap": "HELINHEL_MAP30_triggermap.png", "path_thingsmap": "HELINHEL_MAP30_thingsmap.png", "path_floormap": "HELINHEL_MAP30_floormap.png", "path_roommap": "HELINHEL_MAP30_roommap.png", "slot": "MAP30", "path_json": "HELINHEL_MAP30.json"}