{"number_of_lines": 2014, "number_of_things": 507, "number_of_sectors": 343, "number_of_subsectors": 980, "number_of_vertices": 1816, "x_max": 0, "y_max": 1216, "x_min": -6976, "y_min": -4416, "height": 5633, "width": 6977, "aspect_ratio": 1.2385939996449493, "floor_height_max": 224.0, "floor_height_min": -64.0, "floor_height_avg": 88.06413994169097, "ceiling_height_max": 384.0, "ceiling_height_min": 0.0, "ceiling_height_avg": 204.54810495626822, "room_height_max": 320.0, "room_height_min": 0.0, "room_height_avg": 116.48396501457727, "sector_area_max": 1232896.0, "sector_area_min": 256.0, "sector_area_avg": 45852.08163265306, "lines_per_sector_max": 88.0, "lines_per_sector_min": 3.0, "lines_per_sector_avg": 8.087463556851311, "sector_aspect_ratio_max": 7.588235294117647, "sector_aspect_ratio_min": 1.0, "sector_aspect_ratio_avg": 1.9770031591350676, "floors": 2, "level_area": 16603, "floors_area_mean": 8301.5, "floors_area_min": 280, "floors_area_max": 16323, "floors_area_std": 8021.5, "level_bbox_area": 38409, "level_convex_area": 29066, "floors_convex_area_mean": 14454.5, "floors_convex_area_min": 316, "floors_convex_area_max": 28593, "floors_convex_area_std": 14138.5, "level_eccentricity": 0.6386825963151678, "floors_eccentricity_mean": 0.6815621478492595, "floors_eccentricity_min": 0.650772686827901, "floors_eccentricity_max": 0.7123516088706181, "floors_eccentricity_std": 0.030789461021358544, "level_equivalent_diameter": 145.3946221881604, "floors_equivalent_diameter_mean": 81.52240296927289, "floors_equivalent_diameter_min": 18.881394877652593, "floors_equivalent_diameter_max": 144.1634110608932, "floors_equivalent_diameter_std": 62.6410080916203, "level_euler_number": -52, "floors_euler_number_mean": -26.0, "floors_euler_number_min": -53, "floors_euler_number_max": 1, "floors_euler_number_std": 27.0, "level_extent": 0.4322684787419615, "floors_extent_mean": 0.6003008946786408, "floors_extent_min": 0.4249785206592205, "floors_extent_max": 0.775623268698061, "floors_extent_std": 0.17532237401942025, "level_filled_area": 18433, "floors_filled_area_mean": 9216.5, "floors_filled_area_min": 280, "floors_filled_area_max": 18153, "floors_filled_area_std": 8936.5, "level_major_axis_length": 212.77286371621759, "floors_major_axis_length_mean": 118.5984865452545, "floors_major_axis_length_min": 24.248711305964285, "floors_major_axis_length_max": 212.9482617845447, "floors_major_axis_length_std": 94.34977523929021, "level_minor_axis_length": 163.72239907952903, "floors_minor_axis_length_mean": 89.35204096440522, "floors_minor_axis_length_min": 17.01829747594018, "floors_minor_axis_length_max": 161.68578445287025, "floors_minor_axis_length_std": 72.33374348846505, "level_orientation": -0.3125225720770748, "floors_orientation_mean": 0.21320275476408473, "floors_orientation_min": -0.3589926538692787, "floors_orientation_max": 0.7853981633974482, "floors_orientation_std": 0.5721954086333634, "level_perimeter": 3016.0367593952087, "floors_perimeter_mean": 1508.0183796976041, "floors_perimeter_min": 71.41421356237309, "floors_perimeter_max": 2944.6225458328354, "floors_perimeter_std": 1436.604166135231, "level_solidity": 0.571217229752976, "floors_solidity_mean": 0.7284749697522674, "floors_solidity_min": 0.5708739901374462, "floors_solidity_max": 0.8860759493670886, "floors_solidity_std": 0.15760097961482117, "level_hu_moment_0": 0.2713263999516527, "level_hu_moment_1": 0.004832726107527985, "level_hu_moment_2": 0.005210841284000154, "level_hu_moment_3": 0.0006792240328713781, "level_hu_moment_4": 7.116227083592026e-07, "level_hu_moment_5": 1.9631244433397614e-05, "level_hu_moment_6": -1.061341464216674e-06, "level_centroid_x": 132.597422152623, "level_centroid_y": 92.27958802626031, "number_of_artifacts": 53, "number_of_powerups": 46, "number_of_weapons": 9, "number_of_ammunitions": 78, "number_of_keys": 5, "number_of_monsters": 228, "number_of_obstacles": 53, "number_of_decorations": 21, "walkable_area": 12872, "walkable_percentage": 0.775281575618864, "start_location_x_px": 34, "start_location_y_px": 134, "artifacts_per_walkable_area": 0.004117464263517713, "powerups_per_walkable_area": 0.0035736482287134865, "weapons_per_walkable_area": 0.0006991920447482909, "ammunitions_per_walkable_area": 0.0060596643878185205, "keys_per_walkable_area": 0.0003884400248601616, "monsters_per_walkable_area": 0.017712865133623367, "obstacles_per_walkable_area": 0.004117464263517713, "decorations_per_walkable_area": 0.0016314481044126788, "nodes": 165, "avg-path-length": 8.45425964266544, "diameter-mean": 21.0, "art-points": 25, "assortativity-mean": -0.026023707693901412, "betw-cen": NaN, "closn-cen": NaN, "distmap-max": 19.0, "distmap-mean": -Infinity, "distmap-var": 0.0, "distmap-skew": 0, "distmap-kurt": 0.0, "distmap-Q1": 0.006434236121502319, "distmap-Q2": 0.026634744875056113, "distmap-Q3": 0.09394038177892733, "path_wallmap": "HELINHEL_MAP22_wallmap.png", "path_heightmap": "HELINHEL_MAP22_heightmap.png", "path_triggermap": "HELINHEL_MAP22_triggermap.png", "path_thingsmap": "HELINHEL_MAP22_thingsmap.png", "path_floormap": "HELINHEL_MAP22_floormap.png", "path_roommap": "HELINHEL_MAP22_roommap.png", "slot": "MAP22", "path_json": "HELINHEL_MAP22.json"}