{"number_of_lines": 897, "number_of_things": 282, "number_of_sectors": 169, "number_of_subsectors": 407, "number_of_vertices": 813, "x_max": 3936, "y_max": 2240, "x_min": -1984, "y_min": -4096, "height": 6337, "width": 5921, "aspect_ratio": 1.0702584022969093, "floor_height_max": 178.0, "floor_height_min": -128.0, "floor_height_avg": 14.820359281437126, "ceiling_height_max": 306.0, "ceiling_height_min": -68.0, "ceiling_height_avg": 138.16167664670658, "room_height_max": 384.0, "room_height_min": 0.0, "room_height_avg": 123.34131736526946, "sector_area_max": 1032192.0, "sector_area_min": 256.0, "sector_area_avg": 75622.70658682635, "lines_per_sector_max": 44.0, "lines_per_sector_min": 3.0, "lines_per_sector_avg": 7.047904191616767, "sector_aspect_ratio_max": 18.88235294117647, "sector_aspect_ratio_min": 1.0, "sector_aspect_ratio_avg": 3.4346422306483886, "floors": 1, "level_area": 12508, "floors_area_mean": 12508.0, "floors_area_min": 12508, "floors_area_max": 12508, "floors_area_std": 0.0, "level_bbox_area": 37014, "level_convex_area": 24132, "floors_convex_area_mean": 24132.0, "floors_convex_area_min": 24132, "floors_convex_area_max": 24132, "floors_convex_area_std": 0.0, "level_eccentricity": 0.5050318322287317, "floors_eccentricity_mean": 0.5050318322287317, "floors_eccentricity_min": 0.5050318322287317, "floors_eccentricity_max": 0.5050318322287317, "floors_eccentricity_std": 0.0, "level_equivalent_diameter": 126.1969897642072, "floors_equivalent_diameter_mean": 126.1969897642072, "floors_equivalent_diameter_min": 126.1969897642072, "floors_equivalent_diameter_max": 126.1969897642072, "floors_equivalent_diameter_std": 0.0, "level_euler_number": -21, "floors_euler_number_mean": -21.0, "floors_euler_number_min": -21, "floors_euler_number_max": -21, "floors_euler_number_std": 0.0, "level_extent": 0.3379261900902361, "floors_extent_mean": 0.3379261900902361, "floors_extent_min": 0.3379261900902361, "floors_extent_max": 0.3379261900902361, "floors_extent_std": 0.0, "level_filled_area": 14225, "floors_filled_area_mean": 14225.0, "floors_filled_area_min": 14225, "floors_filled_area_max": 14225, "floors_filled_area_std": 0.0, "level_major_axis_length": 201.22161420187206, "floors_major_axis_length_mean": 201.22161420187206, "floors_major_axis_length_min": 201.22161420187206, "floors_major_axis_length_max": 201.22161420187206, "floors_major_axis_length_std": 0.0, "level_minor_axis_length": 173.6745195809338, "floors_minor_axis_length_mean": 173.6745195809338, "floors_minor_axis_length_min": 173.6745195809338, "floors_minor_axis_length_max": 173.6745195809338, "floors_minor_axis_length_std": 0.0, "level_orientation": 0.19533159109097042, "floors_orientation_mean": 0.19533159109097042, "floors_orientation_min": 0.19533159109097042, "floors_orientation_max": 0.19533159109097042, "floors_orientation_std": 0.0, "level_perimeter": 2123.863094478902, "floors_perimeter_mean": 2123.863094478902, "floors_perimeter_min": 2123.863094478902, "floors_perimeter_max": 2123.863094478902, "floors_perimeter_std": 0.0, "level_solidity": 0.518315929056854, "floors_solidity_mean": 0.518315929056854, "floors_solidity_min": 0.518315929056854, "floors_solidity_max": 0.518315929056854, "floors_solidity_std": 0.0, "level_hu_moment_0": 0.35303893894744964, "level_hu_moment_1": 0.0026629181295414685, "level_hu_moment_2": 0.03888148283064723, "level_hu_moment_3": 0.0001270794802786414, "level_hu_moment_4": 2.74765920482593e-07, "level_hu_moment_5": 6.33633306493353e-06, "level_hu_moment_6": 6.555518186538662e-08, "level_centroid_x": 77.09098177166614, "level_centroid_y": 107.36832427246563, "number_of_artifacts": 14, "number_of_powerups": 22, "number_of_weapons": 7, "number_of_ammunitions": 50, "number_of_keys": 3, "number_of_monsters": 149, "number_of_obstacles": 28, "number_of_decorations": 1, "walkable_area": 10075, "walkable_percentage": 0.8054844899264471, "start_location_x_px": 20, "start_location_y_px": 110, "artifacts_per_walkable_area": 0.0013895781637717122, "powerups_per_walkable_area": 0.002183622828784119, "weapons_per_walkable_area": 0.0006947890818858561, "ammunitions_per_walkable_area": 0.004962779156327543, "keys_per_walkable_area": 0.0002977667493796526, "monsters_per_walkable_area": 0.01478908188585608, "obstacles_per_walkable_area": 0.0027791563275434243, "decorations_per_walkable_area": 9.925558312655087e-05, "nodes": 108, "avg-path-length": 10.216337833160264, "diameter-mean": 26.0, "art-points": 17, "assortativity-mean": 0.058630586305863056, "betw-cen": NaN, "closn-cen": NaN, "distmap-max": 16.1245154965971, "distmap-mean": -Infinity, "distmap-var": 0.0, "distmap-skew": 0, "distmap-kurt": 0.0, "distmap-Q1": 0.007082084288485275, "distmap-Q2": 0.0343031799212367, "distmap-Q3": 0.10170237465467577, "path_wallmap": "HELINHEL_MAP15_wallmap.png", "path_heightmap": "HELINHEL_MAP15_heightmap.png", "path_triggermap": "HELINHEL_MAP15_triggermap.png", "path_thingsmap": "HELINHEL_MAP15_thingsmap.png", "path_floormap": "HELINHEL_MAP15_floormap.png", "path_roommap": "HELINHEL_MAP15_roommap.png", "slot": "MAP15", "path_json": "HELINHEL_MAP15.json"}