{"number_of_lines": 1109, "number_of_things": 292, "number_of_sectors": 231, "number_of_subsectors": 563, "number_of_vertices": 1060, "x_max": 992, "y_max": -1008, "x_min": -3520, "y_min": -4128, "height": 3121, "width": 4513, "aspect_ratio": 1.4460108939442486, "floor_height_max": 240.0, "floor_height_min": 0.0, "floor_height_avg": 75.49350649350649, "ceiling_height_max": 304.0, "ceiling_height_min": 0.0, "ceiling_height_avg": 226.14718614718615, "room_height_max": 288.0, "room_height_min": 0.0, "room_height_avg": 150.65367965367966, "sector_area_max": 2181120.0, "sector_area_min": 256.0, "sector_area_avg": 37557.194805194806, "lines_per_sector_max": 148.0, "lines_per_sector_min": 3.0, "lines_per_sector_avg": 7.67965367965368, "sector_aspect_ratio_max": 65.96969696969697, "sector_aspect_ratio_min": 1.0, "sector_aspect_ratio_avg": 3.8912325225442426, "floors": 5, "level_area": 7271, "floors_area_mean": 1454.2, "floors_area_min": 45, "floors_area_max": 4536, "floors_area_std": 1686.5388699938107, "level_bbox_area": 13916, "level_convex_area": 11945, "floors_convex_area_mean": 2990.8, "floors_convex_area_min": 45, "floors_convex_area_max": 11945, "floors_convex_area_std": 4544.2725446434215, "level_eccentricity": 0.8666870760817418, "floors_eccentricity_mean": 0.6477837024519997, "floors_eccentricity_min": 0.3640341577395528, "floors_eccentricity_max": 0.9080238431629016, "floors_eccentricity_std": 0.19990329500583467, "level_equivalent_diameter": 96.21707088541704, "floors_equivalent_diameter_mean": 35.19957985567761, "floors_equivalent_diameter_min": 7.569397566060481, "floors_equivalent_diameter_max": 75.99614842160554, "floors_equivalent_diameter_std": 24.749434820570123, "level_euler_number": 4, "floors_euler_number_mean": 0.8, "floors_euler_number_min": 0, "floors_euler_number_max": 1, "floors_euler_number_std": 0.4, "level_extent": 0.5224920954297212, "floors_extent_mean": 0.8120675599905416, "floors_extent_min": 0.32595573440643866, "floors_extent_max": 1.0, "floors_extent_std": 0.24757997886165423, "level_filled_area": 7272, "floors_filled_area_mean": 1454.4, "floors_filled_area_min": 45, "floors_filled_area_max": 4536, "floors_filled_area_std": 1686.4125948296282, "level_major_axis_length": 166.81004812103845, "floors_major_axis_length_mean": 59.86307651975291, "floors_major_axis_length_min": 10.327955589886445, "floors_major_axis_length_max": 183.34306513574754, "floors_major_axis_length_std": 63.9293549969022, "level_minor_axis_length": 83.21355860250287, "floors_minor_axis_length_mean": 34.24043247688687, "floors_minor_axis_length_min": 5.656854249492381, "floors_minor_axis_length_max": 76.80579977626367, "floors_minor_axis_length_std": 25.320920217968744, "level_orientation": -0.2165692510849121, "floors_orientation_mean": 0.49847959768870115, "floors_orientation_min": -0.37676311963631404, "floors_orientation_max": 1.5707963267948966, "floors_orientation_std": 0.7660023151293834, "level_perimeter": 1165.2253967444162, "floors_perimeter_mean": 233.04507934888323, "floors_perimeter_min": 24.0, "floors_perimeter_max": 755.4264068711929, "floors_perimeter_std": 270.5869264563254, "level_solidity": 0.6087065717873588, "floors_solidity_mean": 0.8404461317106584, "floors_solidity_min": 0.3797404771871076, "floors_solidity_max": 1.0, "floors_solidity_std": 0.23333200797655496, "level_hu_moment_0": 0.29870451527846353, "level_hu_moment_1": 0.032278240852672634, "level_hu_moment_2": 0.0008996714736908377, "level_hu_moment_3": 0.0008881430258878527, "level_hu_moment_4": 6.880502741142153e-07, "level_hu_moment_5": 0.00012836634710583996, "level_hu_moment_6": -3.9606261109384226e-07, "level_centroid_x": 65.80415348645303, "level_centroid_y": 57.53981570623023, "number_of_artifacts": 22, "number_of_powerups": 14, "number_of_weapons": 8, "number_of_ammunitions": 18, "number_of_keys": 2, "number_of_monsters": 151, "number_of_obstacles": 57, "number_of_decorations": 2, "walkable_area": 5912, "walkable_percentage": 0.8130931096135332, "start_location_x_px": 62, "start_location_y_px": 87, "artifacts_per_walkable_area": 0.0037212449255751017, "powerups_per_walkable_area": 0.002368064952638701, "weapons_per_walkable_area": 0.0013531799729364006, "ammunitions_per_walkable_area": 0.003044654939106901, "keys_per_walkable_area": 0.00033829499323410016, "monsters_per_walkable_area": 0.02554127198917456, "obstacles_per_walkable_area": 0.009641407307171853, "decorations_per_walkable_area": 0.00033829499323410016, "nodes": 65, "avg-path-length": 4.069147449336128, "diameter-mean": 10.25, "art-points": 41, "assortativity-mean": 0, "betw-cen": NaN, "closn-cen": NaN, "distmap-max": 25.632011235952593, "distmap-mean": -Infinity, "distmap-var": 0.0, "distmap-skew": 0, "distmap-kurt": 0.0, "distmap-Q1": 0.0, "distmap-Q2": 0.0744047619047619, "distmap-Q3": 0.2693452380952381, "path_wallmap": "HELINHEL_MAP14_wallmap.png", "path_heightmap": "HELINHEL_MAP14_heightmap.png", "path_triggermap": "HELINHEL_MAP14_triggermap.png", "path_thingsmap": "HELINHEL_MAP14_thingsmap.png", "path_floormap": "HELINHEL_MAP14_floormap.png", "path_roommap": "HELINHEL_MAP14_roommap.png", "slot": "MAP14", "path_json": "HELINHEL_MAP14.json"}