{"number_of_lines": 986, "number_of_things": 320, "number_of_sectors": 148, "number_of_subsectors": 477, "number_of_vertices": 909, "x_max": 3648, "y_max": 1728, "x_min": -1280, "y_min": -4544, "height": 6273, "width": 4929, "aspect_ratio": 1.2726719415702983, "floor_height_max": 272.0, "floor_height_min": -24.0, "floor_height_avg": 85.22972972972973, "ceiling_height_max": 456.0, "ceiling_height_min": 0.0, "ceiling_height_avg": 203.45945945945945, "room_height_max": 344.0, "room_height_min": 0.0, "room_height_avg": 118.22972972972973, "sector_area_max": 3604480.0, "sector_area_min": 512.0, "sector_area_avg": 114397.4054054054, "lines_per_sector_max": 81.0, "lines_per_sector_min": 3.0, "lines_per_sector_avg": 8.608108108108109, "sector_aspect_ratio_max": 15.117647058823529, "sector_aspect_ratio_min": 1.0, "sector_aspect_ratio_avg": 3.111141837419307, "floors": 1, "level_area": 17619, "floors_area_mean": 17619.0, "floors_area_min": 17619, "floors_area_max": 17619, "floors_area_std": 0.0, "level_bbox_area": 30535, "level_convex_area": 23759, "floors_convex_area_mean": 23759.0, "floors_convex_area_min": 23759, "floors_convex_area_max": 23759, "floors_convex_area_std": 0.0, "level_eccentricity": 0.7864267475706426, "floors_eccentricity_mean": 0.7864267475706426, "floors_eccentricity_min": 0.7864267475706426, "floors_eccentricity_max": 0.7864267475706426, "floors_eccentricity_std": 0.0, "level_equivalent_diameter": 149.7771929857441, "floors_equivalent_diameter_mean": 149.7771929857441, "floors_equivalent_diameter_min": 149.7771929857441, "floors_equivalent_diameter_max": 149.7771929857441, "floors_equivalent_diameter_std": 0.0, "level_euler_number": -41, "floors_euler_number_mean": -41.0, "floors_euler_number_min": -41, "floors_euler_number_max": -41, "floors_euler_number_std": 0.0, "level_extent": 0.5770099885377435, "floors_extent_mean": 0.5770099885377435, "floors_extent_min": 0.5770099885377435, "floors_extent_max": 0.5770099885377435, "floors_extent_std": 0.0, "level_filled_area": 19263, "floors_filled_area_mean": 19263.0, "floors_filled_area_min": 19263, "floors_filled_area_max": 19263, "floors_filled_area_std": 0.0, "level_major_axis_length": 209.00489892346363, "floors_major_axis_length_mean": 209.00489892346363, "floors_major_axis_length_min": 209.00489892346363, "floors_major_axis_length_max": 209.00489892346363, "floors_major_axis_length_std": 0.0, "level_minor_axis_length": 129.09888840220722, "floors_minor_axis_length_mean": 129.09888840220722, "floors_minor_axis_length_min": 129.09888840220722, "floors_minor_axis_length_max": 129.09888840220722, "floors_minor_axis_length_std": 0.0, "level_orientation": 0.9595905041292901, "floors_orientation_mean": 0.9595905041292901, "floors_orientation_min": 0.9595905041292901, "floors_orientation_max": 0.9595905041292901, "floors_orientation_std": 0.0, "level_perimeter": 2520.8712831743646, "floors_perimeter_mean": 2520.8712831743646, "floors_perimeter_min": 2520.8712831743646, "floors_perimeter_max": 2520.8712831743646, "floors_perimeter_std": 0.0, "level_solidity": 0.7415716149669599, "floors_solidity_mean": 0.7415716149669599, "floors_solidity_min": 0.7415716149669599, "floors_solidity_max": 0.7415716149669599, "floors_solidity_std": 0.0, "level_hu_moment_0": 0.21407844784285712, "level_hu_moment_1": 0.009184520567640473, "level_hu_moment_2": 0.00014504445904269046, "level_hu_moment_3": 4.87135944241703e-06, "level_hu_moment_4": -1.2576229359991128e-10, "level_hu_moment_5": -4.3879621137330484e-07, "level_hu_moment_6": -3.0833470504322654e-11, "level_centroid_x": 72.21976275611556, "level_centroid_y": 102.02275952097168, "number_of_artifacts": 37, "number_of_powerups": 46, "number_of_weapons": 6, "number_of_ammunitions": 67, "number_of_keys": 3, "number_of_monsters": 123, "number_of_obstacles": 23, "number_of_decorations": 5, "walkable_area": 14647, "walkable_percentage": 0.831318463022873, "start_location_x_px": 32, "start_location_y_px": 98, "artifacts_per_walkable_area": 0.002526114562709087, "powerups_per_walkable_area": 0.0031405748617464326, "weapons_per_walkable_area": 0.00040964019935823035, "ammunitions_per_walkable_area": 0.004574315559500239, "keys_per_walkable_area": 0.00020482009967911518, "monsters_per_walkable_area": 0.008397624086843723, "obstacles_per_walkable_area": 0.0015702874308732163, "decorations_per_walkable_area": 0.0003413668327985253, "nodes": 152, "avg-path-length": 10.478389682816312, "diameter-mean": 26.0, "art-points": 24, "assortativity-mean": 0.12845317162383282, "betw-cen": NaN, "closn-cen": NaN, "distmap-max": 28.460498941515414, "distmap-mean": -Infinity, "distmap-var": 0.0, "distmap-skew": 0, "distmap-kurt": 0.0, "distmap-Q1": 0.004482707873436352, "distmap-Q2": 0.027127825081467473, "distmap-Q3": 0.09082413539367182, "path_wallmap": "HELINHEL_MAP19_wallmap.png", "path_heightmap": "HELINHEL_MAP19_heightmap.png", "path_triggermap": "HELINHEL_MAP19_triggermap.png", "path_thingsmap": "HELINHEL_MAP19_thingsmap.png", "path_floormap": "HELINHEL_MAP19_floormap.png", "path_roommap": "HELINHEL_MAP19_roommap.png", "slot": "MAP19", "path_json": "HELINHEL_MAP19.json"}