{"number_of_lines": 1184, "number_of_things": 370, "number_of_sectors": 239, "number_of_subsectors": 556, "number_of_vertices": 1114, "x_max": 4928, "y_max": 1344, "x_min": -320, "y_min": -3776, "height": 5121, "width": 5249, "aspect_ratio": 1.024995118140988, "floor_height_max": 224.0, "floor_height_min": -324.0, "floor_height_avg": 5.2719665271966525, "ceiling_height_max": 256.0, "ceiling_height_min": -200.0, "ceiling_height_avg": 138.94560669456067, "room_height_max": 514.0, "room_height_min": 0.0, "room_height_avg": 133.67364016736403, "sector_area_max": 11288576.0, "sector_area_min": 512.0, "sector_area_avg": 90572.92050209205, "lines_per_sector_max": 101.0, "lines_per_sector_min": 3.0, "lines_per_sector_avg": 6.849372384937238, "sector_aspect_ratio_max": 25.470588235294116, "sector_aspect_ratio_min": 1.0, "sector_aspect_ratio_avg": 3.391570421437812, "floors": 2, "level_area": 17833, "floors_area_mean": 8916.5, "floors_area_min": 3418, "floors_area_max": 14415, "floors_area_std": 5498.5, "level_bbox_area": 26565, "level_convex_area": 24556, "floors_convex_area_mean": 11171.0, "floors_convex_area_min": 4029, "floors_convex_area_max": 18313, "floors_convex_area_std": 7142.0, "level_eccentricity": 0.6003288079887747, "floors_eccentricity_mean": 0.6778369953652499, "floors_eccentricity_min": 0.5257581395792843, "floors_eccentricity_max": 0.8299158511512155, "floors_eccentricity_std": 0.15207885578596558, "level_equivalent_diameter": 150.68404295499295, "floors_equivalent_diameter_mean": 100.72259290147265, "floors_equivalent_diameter_min": 65.9691804095275, "floors_equivalent_diameter_max": 135.4760053934178, "floors_equivalent_diameter_std": 34.753412491945156, "level_euler_number": -13, "floors_euler_number_mean": -6.5, "floors_euler_number_min": -10, "floors_euler_number_max": -3, "floors_euler_number_std": 3.5, "level_extent": 0.6712968191229061, "floors_extent_mean": 0.6808385513421484, "floors_extent_min": 0.6285153695225638, "floors_extent_max": 0.7331617331617332, "floors_extent_std": 0.052323181819584674, "level_filled_area": 18079, "floors_filled_area_mean": 9039.5, "floors_filled_area_min": 3590, "floors_filled_area_max": 14489, "floors_filled_area_std": 5449.5, "level_major_axis_length": 201.78979763158, "floors_major_axis_length_mean": 135.66304213176215, "floors_major_axis_length_min": 74.62286283995027, "floors_major_axis_length_max": 196.703221423574, "floors_major_axis_length_std": 61.04017929181187, "level_minor_axis_length": 161.38205422043796, "floors_minor_axis_length_mean": 86.6076175561288, "floors_minor_axis_length_min": 63.47675206004923, "floors_minor_axis_length_max": 109.73848305220838, "floors_minor_axis_length_std": 23.130865496079576, "level_orientation": 0.49335150598246613, "floors_orientation_mean": 0.17455483523075732, "floors_orientation_min": -0.2131709131891266, "floors_orientation_max": 0.5622805836506413, "floors_orientation_std": 0.38772574841988394, "level_perimeter": 1200.2680733252853, "floors_perimeter_mean": 600.1340366626426, "floors_perimeter_min": 511.237590053236, "floors_perimeter_max": 689.0304832720493, "floors_perimeter_std": 88.89644660940667, "level_solidity": 0.7262176250203616, "floors_solidity_mean": 0.8177476049148777, "floors_solidity_min": 0.7871457434609294, "floors_solidity_max": 0.848349466368826, "floors_solidity_std": 0.03060186145394833, "level_hu_moment_0": 0.23398786607904717, "level_hu_moment_1": 0.002645238117075616, "level_hu_moment_2": 0.0021973376314030645, "level_hu_moment_3": 0.00041895245035329583, "level_hu_moment_4": 3.703289079129594e-07, "level_hu_moment_5": -1.613690466279644e-06, "level_hu_moment_6": -1.5632582254256352e-07, "level_centroid_x": 79.13183423989233, "level_centroid_y": 98.79728593057814, "number_of_artifacts": 29, "number_of_powerups": 32, "number_of_weapons": 10, "number_of_ammunitions": 45, "number_of_keys": 3, "number_of_monsters": 163, "number_of_obstacles": 50, "number_of_decorations": 22, "walkable_area": 14891, "walkable_percentage": 0.835024953737453, "start_location_x_px": 2, "start_location_y_px": 86, "artifacts_per_walkable_area": 0.0019474850580887785, "powerups_per_walkable_area": 0.0021489490296152038, "weapons_per_walkable_area": 0.0006715465717547512, "ammunitions_per_walkable_area": 0.0030219595728963804, "keys_per_walkable_area": 0.00020146397152642537, "monsters_per_walkable_area": 0.010946209119602444, "obstacles_per_walkable_area": 0.003357732858773756, "decorations_per_walkable_area": 0.0014774024578604525, "nodes": 62, "avg-path-length": 2.85308908045977, "diameter-mean": 6.0, "art-points": 5, "assortativity-mean": -0.35916114266485183, "betw-cen": NaN, "closn-cen": NaN, "distmap-max": 80.95677859203639, "distmap-mean": -Infinity, "distmap-var": 0.0, "distmap-skew": 0, "distmap-kurt": 0.0, "distmap-Q1": 0.0, "distmap-Q2": 0.0017759562841530054, "distmap-Q3": 0.013838797814207649, "path_wallmap": "HELINHEL_MAP13_wallmap.png", "path_heightmap": "HELINHEL_MAP13_heightmap.png", "path_triggermap": "HELINHEL_MAP13_triggermap.png", "path_thingsmap": "HELINHEL_MAP13_thingsmap.png", "path_floormap": "HELINHEL_MAP13_floormap.png", "path_roommap": "HELINHEL_MAP13_roommap.png", "slot": "MAP13", "path_json": "HELINHEL_MAP13.json"}