{"number_of_lines": 1063, "number_of_things": 340, "number_of_sectors": 222, "number_of_subsectors": 593, "number_of_vertices": 1102, "x_max": 2424, "y_max": 3120, "x_min": -2112, "y_min": -320, "height": 3441, "width": 4537, "aspect_ratio": 1.3185120604475442, "floor_height_max": 192.0, "floor_height_min": -128.0, "floor_height_avg": -21.2972972972973, "ceiling_height_max": 352.0, "ceiling_height_min": -64.0, "ceiling_height_avg": 129.1891891891892, "room_height_max": 416.0, "room_height_min": 0.0, "room_height_avg": 150.48648648648648, "sector_area_max": 1203200.0, "sector_area_min": 32.0, "sector_area_avg": 30747.53153153153, "lines_per_sector_max": 77.0, "lines_per_sector_min": 3.0, "lines_per_sector_avg": 7.252252252252252, "sector_aspect_ratio_max": 14.333333333333334, "sector_aspect_ratio_min": 1.0, "sector_aspect_ratio_avg": 3.176243145906572, "floors": 4, "level_area": 6461, "floors_area_mean": 1615.25, "floors_area_min": 15, "floors_area_max": 6279, "floors_area_std": 2693.0484933435564, "level_bbox_area": 15336, "level_convex_area": 10240, "floors_convex_area_mean": 2609.75, "floors_convex_area_min": 15, "floors_convex_area_max": 10240, "floors_convex_area_std": 4405.586645101876, "level_eccentricity": 0.8243183511300632, "floors_eccentricity_mean": 0.7107276498607427, "floors_eccentricity_min": 0.3041290439975801, "floors_eccentricity_max": 0.900635856770977, "floors_eccentricity_std": 0.2371066174523355, "level_equivalent_diameter": 90.6995077083326, "floors_equivalent_diameter_mean": 28.26433347822588, "floors_equivalent_diameter_min": 4.370193722368317, "floors_equivalent_diameter_max": 89.41292468872767, "floors_equivalent_diameter_std": 35.4644558348935, "level_euler_number": -11, "floors_euler_number_mean": -2.75, "floors_euler_number_min": -14, "floors_euler_number_max": 1, "floors_euler_number_std": 6.49519052838329, "level_extent": 0.4212962962962963, "floors_extent_mean": 0.6673535005231918, "floors_extent_min": 0.40942879499217527, "floors_extent_max": 1.0, "floors_extent_std": 0.25203041752227906, "level_filled_area": 6829, "floors_filled_area_mean": 1752.75, "floors_filled_area_min": 15, "floors_filled_area_max": 6829, "floors_filled_area_std": 2931.1704466816664, "level_major_axis_length": 148.02264899587058, "floors_major_axis_length_mean": 44.74344594365046, "floors_major_axis_length_min": 5.656854249492381, "floors_major_axis_length_max": 148.82859202792923, "floors_major_axis_length_std": 60.16169690927849, "level_minor_axis_length": 83.79954968596626, "floors_minor_axis_length_mean": 26.449942368873277, "floors_minor_axis_length_min": 3.265986323710904, "floors_minor_axis_length_max": 84.83134799026006, "floors_minor_axis_length_std": 33.909657873905154, "level_orientation": -0.5114032425884167, "floors_orientation_mean": -0.005790176765768318, "floors_orientation_min": -0.7973463794006235, "floors_orientation_max": 1.5707963267948966, "floors_orientation_std": 0.9283024881293903, "level_perimeter": 1257.4528855298854, "floors_perimeter_mean": 314.3632213824714, "floors_perimeter_min": 12.0, "floors_perimeter_max": 1183.6538956566624, "floors_perimeter_std": 501.9950236953928, "level_solidity": 0.63095703125, "floors_solidity_mean": 0.8170345987615661, "floors_solidity_min": 0.61318359375, "floors_solidity_max": 1.0, "floors_solidity_std": 0.17105511530609588, "level_hu_moment_0": 0.2798818791917411, "level_hu_moment_1": 0.020742118635370035, "level_hu_moment_2": 0.0020379249306390025, "level_hu_moment_3": 1.616283308458179e-05, "level_hu_moment_4": -2.8184931519326194e-09, "level_hu_moment_5": -5.922131791351545e-07, "level_hu_moment_6": -8.129536812514085e-10, "level_centroid_x": 68.33168240210493, "level_centroid_y": 44.03343135737502, "number_of_artifacts": 22, "number_of_powerups": 20, "number_of_weapons": 13, "number_of_ammunitions": 59, "number_of_keys": 3, "number_of_monsters": 146, "number_of_obstacles": 26, "number_of_decorations": 7, "walkable_area": 5022, "walkable_percentage": 0.7772790589691998, "start_location_x_px": 5, "start_location_y_px": 48, "artifacts_per_walkable_area": 0.004380724810832338, "powerups_per_walkable_area": 0.00398247710075667, "weapons_per_walkable_area": 0.002588610115491836, "ammunitions_per_walkable_area": 0.011748307447232178, "keys_per_walkable_area": 0.0005973715651135006, "monsters_per_walkable_area": 0.029072082835523694, "obstacles_per_walkable_area": 0.005177220230983672, "decorations_per_walkable_area": 0.0013938669852648347, "nodes": 53, "avg-path-length": 3.5255102040816326, "diameter-mean": 8.5, "art-points": 10, "assortativity-mean": 0, "betw-cen": NaN, "closn-cen": NaN, "distmap-max": 15.231546211727817, "distmap-mean": -Infinity, "distmap-var": 0.0, "distmap-skew": 0, "distmap-kurt": 0.0, "distmap-Q1": 0.01297134238310709, "distmap-Q2": 0.0481774761186526, "distmap-Q3": 0.12094017094017095, "path_wallmap": "NeoDoom_MAP02_wallmap.png", "path_heightmap": "NeoDoom_MAP02_heightmap.png", "path_triggermap": "NeoDoom_MAP02_triggermap.png", "path_thingsmap": "NeoDoom_MAP02_thingsmap.png", "path_floormap": "NeoDoom_MAP02_floormap.png", "path_roommap": "NeoDoom_MAP02_roommap.png", "slot": "MAP02", "path_json": "NeoDoom_MAP02.json"}