{"number_of_lines": 1088, "number_of_things": 631, "number_of_sectors": 153, "number_of_subsectors": 875, "number_of_vertices": 1300, "x_max": 5632, "y_max": 6240, "x_min": -5344, "y_min": -1984, "height": 8225, "width": 10977, "aspect_ratio": 1.3345896656534955, "floor_height_max": 1152.0, "floor_height_min": -64.0, "floor_height_avg": 587.0261437908497, "ceiling_height_max": 1152.0, "ceiling_height_min": 0.0, "ceiling_height_avg": 914.7712418300654, "room_height_max": 1216.0, "room_height_min": 0.0, "room_height_avg": 327.7450980392157, "sector_area_max": 27803520.0, "sector_area_min": 64.0, "sector_area_avg": 388532.23529411765, "lines_per_sector_max": 166.0, "lines_per_sector_min": 3.0, "lines_per_sector_avg": 11.947712418300654, "sector_aspect_ratio_max": 43.0, "sector_aspect_ratio_min": 1.0, "sector_aspect_ratio_avg": 5.8507680331071485, "floors": 7, "level_area": 58984, "floors_area_mean": 8426.285714285714, "floors_area_min": 2, "floors_area_max": 57230, "floors_area_std": 19927.288660200084, "level_bbox_area": 88752, "level_convex_area": 73926, "floors_convex_area_mean": 10296.857142857143, "floors_convex_area_min": 2, "floors_convex_area_max": 70295, "floors_convex_area_std": 24496.879308122792, "level_eccentricity": 0.7551066376780358, "floors_eccentricity_mean": 0.7574612446728181, "floors_eccentricity_min": 0.0, "floors_eccentricity_max": 1.0, "floors_eccentricity_std": 0.31737622418356604, "level_equivalent_diameter": 274.04518114110095, "floors_equivalent_diameter_mean": 50.703940434270116, "floors_equivalent_diameter_min": 1.5957691216057308, "floors_equivalent_diameter_max": 269.9398065221085, "floors_equivalent_diameter_std": 90.32048832409806, "level_euler_number": -6, "floors_euler_number_mean": -0.8571428571428571, "floors_euler_number_min": -12, "floors_euler_number_max": 1, "floors_euler_number_std": 4.549052379454475, "level_extent": 0.6645934739498828, "floors_extent_mean": 0.9026520233496979, "floors_extent_min": 0.6661312475265964, "floors_extent_max": 1.0, "floors_extent_std": 0.11870926656510095, "level_filled_area": 62784, "floors_filled_area_mean": 8997.285714285714, "floors_filled_area_min": 2, "floors_filled_area_max": 61227, "floors_filled_area_std": 21325.733775446613, "level_major_axis_length": 364.3702863525852, "floors_major_axis_length_mean": 69.63875600676253, "floors_major_axis_length_min": 2.0, "floors_major_axis_length_max": 363.41314608240975, "floors_major_axis_length_std": 121.25271409874284, "level_minor_axis_length": 238.88188384106252, "floors_minor_axis_length_mean": 41.665963755530804, "floors_minor_axis_length_min": 0.0, "floors_minor_axis_length_max": 231.7565549467217, "floors_minor_axis_length_std": 78.1471639042638, "level_orientation": 0.013917642352009233, "floors_orientation_mean": 0.7804908370801924, "floors_orientation_min": -0.03187002777690867, "floors_orientation_max": 1.5707963267948966, "floors_orientation_std": 0.7317414362630712, "level_perimeter": 2475.676369701998, "floors_perimeter_mean": 353.6680528145711, "floors_perimeter_min": 0.0, "floors_perimeter_max": 2176.398195108946, "floors_perimeter_std": 745.5693369017459, "level_solidity": 0.7978789600411222, "floors_solidity_mean": 0.964569505428255, "floors_solidity_min": 0.8141404082793939, "floors_solidity_max": 1.0, "floors_solidity_std": 0.06321497563683609, "level_hu_moment_0": 0.20114592517051216, "level_hu_moment_1": 0.006434229687733842, "level_hu_moment_2": 6.414052605741998e-05, "level_hu_moment_3": 6.083479542871852e-05, "level_hu_moment_4": 1.1708068335388376e-09, "level_hu_moment_5": 4.841784354369283e-06, "level_hu_moment_6": -3.615235203851684e-09, "level_centroid_x": 166.4647192458972, "level_centroid_y": 127.94922351824223, "number_of_artifacts": 15, "number_of_powerups": 25, "number_of_weapons": 14, "number_of_ammunitions": 61, "number_of_keys": 1, "number_of_monsters": 297, "number_of_obstacles": 67, "number_of_decorations": 71, "walkable_area": 57186, "walkable_percentage": 0.9695171571951716, "start_location_x_px": 148, "start_location_y_px": 195, "artifacts_per_walkable_area": 0.0002623019620186759, "powerups_per_walkable_area": 0.00043716993669779317, "weapons_per_walkable_area": 0.0002448151645507642, "ammunitions_per_walkable_area": 0.0010666946455426154, "keys_per_walkable_area": 1.7486797467911725e-05, "monsters_per_walkable_area": 0.005193578847969783, "obstacles_per_walkable_area": 0.0011716154303500856, "decorations_per_walkable_area": 0.0012415626202217326, "nodes": 81, "avg-path-length": 3.8977214541730674, "diameter-mean": 9.0, "art-points": 13, "assortativity-mean": 0.40080845771144236, "betw-cen": NaN, "closn-cen": NaN, "distmap-max": 89.05054744357274, "distmap-mean": -Infinity, "distmap-var": 0.0, "distmap-skew": 0, "distmap-kurt": 0.0, "distmap-Q1": 0.00189873417721519, "distmap-Q2": 0.05015822784810127, "distmap-Q3": 0.09672995780590717, "path_wallmap": "NeoDoom_MAP22_wallmap.png", "path_heightmap": "NeoDoom_MAP22_heightmap.png", "path_triggermap": "NeoDoom_MAP22_triggermap.png", "path_thingsmap": "NeoDoom_MAP22_thingsmap.png", "path_floormap": "NeoDoom_MAP22_floormap.png", "path_roommap": "NeoDoom_MAP22_roommap.png", "slot": "MAP22", "path_json": "NeoDoom_MAP22.json"}