{"number_of_lines": 1156, "number_of_things": 324, "number_of_sectors": 234, "number_of_subsectors": 645, "number_of_vertices": 1081, "x_max": 3344, "y_max": 3024, "x_min": -1192, "y_min": -288, "height": 3313, "width": 4537, "aspect_ratio": 1.369453667370963, "floor_height_max": 208.0, "floor_height_min": -128.0, "floor_height_avg": 46.572649572649574, "ceiling_height_max": 320.0, "ceiling_height_min": -24.0, "ceiling_height_avg": 164.66666666666666, "room_height_max": 448.0, "room_height_min": 0.0, "room_height_avg": 118.09401709401709, "sector_area_max": 568320.0, "sector_area_min": 64.0, "sector_area_avg": 30854.37606837607, "lines_per_sector_max": 58.0, "lines_per_sector_min": 3.0, "lines_per_sector_avg": 7.405982905982906, "sector_aspect_ratio_max": 22.647058823529413, "sector_aspect_ratio_min": 1.0, "sector_aspect_ratio_avg": 3.5482221039059483, "floors": 7, "level_area": 6614, "floors_area_mean": 944.8571428571429, "floors_area_min": 6, "floors_area_max": 6412, "floors_area_std": 2232.3284722825324, "level_bbox_area": 14768, "level_convex_area": 10557, "floors_convex_area_mean": 1478.857142857143, "floors_convex_area_min": 6, "floors_convex_area_max": 9793, "floors_convex_area_std": 3398.003927878476, "level_eccentricity": 0.8222882049371057, "floors_eccentricity_mean": 0.8041893365586709, "floors_eccentricity_min": 0.5759048965827146, "floors_eccentricity_max": 0.9354143466934853, "floors_eccentricity_std": 0.10721035664176523, "level_equivalent_diameter": 91.76713109212015, "floors_equivalent_diameter_mean": 17.641248498658403, "floors_equivalent_diameter_min": 2.763953195770684, "floors_equivalent_diameter_max": 90.35492217273979, "floors_equivalent_diameter_std": 29.863285650105187, "level_euler_number": -7, "floors_euler_number_mean": -1.0, "floors_euler_number_min": -13, "floors_euler_number_max": 1, "floors_euler_number_std": 4.898979485566356, "level_extent": 0.4478602383531961, "floors_extent_mean": 0.7402539507703099, "floors_extent_min": 0.2481060606060606, "floors_extent_max": 1.0, "floors_extent_std": 0.29948190409757885, "level_filled_area": 6770, "floors_filled_area_mean": 967.1428571428571, "floors_filled_area_min": 6, "floors_filled_area_max": 6568, "floors_filled_area_std": 2286.9081078778727, "level_major_axis_length": 140.94518920587578, "floors_major_axis_length_mean": 29.659198009322527, "floors_major_axis_length_min": 3.265986323710904, "floors_major_axis_length_max": 142.8034247037784, "floors_major_axis_length_std": 47.4245014165816, "level_minor_axis_length": 80.20785753470929, "floors_minor_axis_length_mean": 16.204637499908223, "floors_minor_axis_length_min": 2.0, "floors_minor_axis_length_max": 75.48564442289373, "floors_minor_axis_length_std": 25.10891994037854, "level_orientation": -0.27885914317767996, "floors_orientation_mean": -0.27061074878725455, "floors_orientation_min": -1.3758373948294704, "floors_orientation_max": 0.36403354626542994, "floors_orientation_std": 0.530001006960915, "level_perimeter": 1242.9259735953042, "floors_perimeter_mean": 177.56085337075774, "floors_perimeter_min": 6.0, "floors_perimeter_max": 1080.819371877506, "floors_perimeter_std": 370.14743863045317, "level_solidity": 0.6265037415932556, "floors_solidity_mean": 0.8025564282512525, "floors_solidity_min": 0.27348643006263046, "floors_solidity_max": 1.0, "floors_solidity_std": 0.25924157217528737, "level_hu_moment_0": 0.24851495663165588, "level_hu_moment_1": 0.016111238405678935, "level_hu_moment_2": 0.0017465395976095162, "level_hu_moment_3": 5.529851157516155e-05, "level_hu_moment_4": -1.436493864497568e-08, "level_hu_moment_5": -6.383035284627134e-06, "level_hu_moment_6": 9.433247154455365e-09, "level_centroid_x": 68.52661022074388, "level_centroid_y": 55.822648926519506, "number_of_artifacts": 34, "number_of_powerups": 23, "number_of_weapons": 13, "number_of_ammunitions": 50, "number_of_keys": 2, "number_of_monsters": 127, "number_of_obstacles": 14, "number_of_decorations": 10, "walkable_area": 5222, "walkable_percentage": 0.789537345025703, "start_location_x_px": 21, "start_location_y_px": 76, "artifacts_per_walkable_area": 0.0065109153581003444, "powerups_per_walkable_area": 0.004404442742244351, "weapons_per_walkable_area": 0.00248946763692072, "ammunitions_per_walkable_area": 0.009574875526618154, "keys_per_walkable_area": 0.00038299502106472615, "monsters_per_walkable_area": 0.024320183837610112, "obstacles_per_walkable_area": 0.002680965147453083, "decorations_per_walkable_area": 0.0019149751053236309, "nodes": 68, "avg-path-length": 3.5176470588235293, "diameter-mean": 8.333333333333334, "art-points": 26, "assortativity-mean": 0.12031093575172247, "betw-cen": NaN, "closn-cen": NaN, "distmap-max": 13.601470508735444, "distmap-mean": -Infinity, "distmap-var": 0.0, "distmap-skew": 0, "distmap-kurt": 0.0, "distmap-Q1": 0.0, "distmap-Q2": 0.010666365143977084, "distmap-Q3": 0.0508819538670285, "path_wallmap": "NeoDoom_MAP03_wallmap.png", "path_heightmap": "NeoDoom_MAP03_heightmap.png", "path_triggermap": "NeoDoom_MAP03_triggermap.png", "path_thingsmap": "NeoDoom_MAP03_thingsmap.png", "path_floormap": "NeoDoom_MAP03_floormap.png", "path_roommap": "NeoDoom_MAP03_roommap.png", "slot": "MAP03", "path_json": "NeoDoom_MAP03.json"}