{"number_of_lines": 1266, "number_of_things": 384, "number_of_sectors": 243, "number_of_subsectors": 701, "number_of_vertices": 1233, "x_max": 3200, "y_max": 3584, "x_min": -1024, "y_min": -544, "height": 4129, "width": 4225, "aspect_ratio": 1.023250181642044, "floor_height_max": 224.0, "floor_height_min": -192.0, "floor_height_avg": -11.724279835390947, "ceiling_height_max": 272.0, "ceiling_height_min": -128.0, "ceiling_height_avg": 80.92181069958848, "room_height_max": 320.0, "room_height_min": 0.0, "room_height_avg": 92.64609053497942, "sector_area_max": 943104.0, "sector_area_min": 32.0, "sector_area_avg": 33948.77366255144, "lines_per_sector_max": 58.0, "lines_per_sector_min": 3.0, "lines_per_sector_avg": 7.469135802469136, "sector_aspect_ratio_max": 25.8, "sector_aspect_ratio_min": 1.0, "sector_aspect_ratio_avg": 3.191766245546946, "floors": 9, "level_area": 7395, "floors_area_mean": 821.6666666666666, "floors_area_min": 1, "floors_area_max": 5651, "floors_area_std": 1778.982668081208, "level_bbox_area": 17290, "level_convex_area": 13059, "floors_convex_area_mean": 1261.6666666666667, "floors_convex_area_min": 1, "floors_convex_area_max": 9397, "floors_convex_area_std": 2928.5178276163297, "level_eccentricity": 0.4562323304529082, "floors_eccentricity_mean": 0.6304907812436752, "floors_eccentricity_min": 0.0, "floors_eccentricity_max": 1.0, "floors_eccentricity_std": 0.36436425712547915, "level_equivalent_diameter": 97.03404780445123, "floors_equivalent_diameter_mean": 17.159107595362865, "floors_equivalent_diameter_min": 1.1283791670955126, "floors_equivalent_diameter_max": 84.82379776512252, "floors_equivalent_diameter_std": 27.41794155514753, "level_euler_number": 4, "floors_euler_number_mean": 0.4444444444444444, "floors_euler_number_min": -4, "floors_euler_number_max": 1, "floors_euler_number_std": 1.5713484026367723, "level_extent": 0.4277038750722961, "floors_extent_mean": 0.8321850775100084, "floors_extent_min": 0.4180970701390944, "floors_extent_max": 1.0, "floors_extent_std": 0.21766119580519758, "level_filled_area": 7988, "floors_filled_area_mean": 887.8888888888889, "floors_filled_area_min": 1, "floors_filled_area_max": 6247, "floors_filled_area_std": 1959.4593043572247, "level_major_axis_length": 140.3630315837814, "floors_major_axis_length_mean": 24.590685186487438, "floors_major_axis_length_min": 0.0, "floors_major_axis_length_max": 139.33701712832013, "floors_major_axis_length_std": 43.344055540286966, "level_minor_axis_length": 124.90354516425003, "floors_minor_axis_length_mean": 15.511569217798504, "floors_minor_axis_length_min": 0.0, "floors_minor_axis_length_max": 77.44117101456669, "floors_minor_axis_length_std": 25.66398744365568, "level_orientation": -0.740655936339109, "floors_orientation_mean": 0.8693840159446946, "floors_orientation_min": -1.3074180428897835, "floors_orientation_max": 1.5707963267948966, "floors_orientation_std": 0.8371235283708683, "level_perimeter": 1461.659992311072, "floors_perimeter_mean": 162.40666581234132, "floors_perimeter_min": 0.0, "floors_perimeter_max": 1193.4701294725885, "floors_perimeter_std": 369.47399642502876, "level_solidity": 0.5662761314036296, "floors_solidity_mean": 0.9109466286198443, "floors_solidity_min": 0.6013621368521869, "floors_solidity_max": 1.0, "floors_solidity_std": 0.14594777333059597, "level_hu_moment_0": 0.29836609389779806, "level_hu_moment_1": 0.0012012651225357077, "level_hu_moment_2": 0.010410462069042156, "level_hu_moment_3": 0.0005576825238422657, "level_hu_moment_4": 2.883153531324159e-07, "level_hu_moment_5": 1.4826414595601336e-05, "level_hu_moment_6": 1.3124458186563443e-06, "level_centroid_x": 68.32805949966193, "level_centroid_y": 56.09898580121704, "number_of_artifacts": 37, "number_of_powerups": 24, "number_of_weapons": 11, "number_of_ammunitions": 46, "number_of_keys": 1, "number_of_monsters": 178, "number_of_obstacles": 20, "number_of_decorations": 16, "walkable_area": 5755, "walkable_percentage": 0.7782285327924273, "start_location_x_px": 18, "start_location_y_px": 70, "artifacts_per_walkable_area": 0.006429192006950478, "powerups_per_walkable_area": 0.004170286707211121, "weapons_per_walkable_area": 0.0019113814074717638, "ammunitions_per_walkable_area": 0.007993049522154648, "keys_per_walkable_area": 0.0001737619461337967, "monsters_per_walkable_area": 0.030929626411815812, "obstacles_per_walkable_area": 0.0034752389226759338, "decorations_per_walkable_area": 0.002780191138140747, "nodes": 73, "avg-path-length": 4.0816029143898, "diameter-mean": 10.333333333333334, "art-points": 25, "assortativity-mean": -0.0925231977159168, "betw-cen": NaN, "closn-cen": NaN, "distmap-max": 19.849433241279208, "distmap-mean": -Infinity, "distmap-var": 0.0, "distmap-skew": 0, "distmap-kurt": 0.0, "distmap-Q1": 0.0, "distmap-Q2": 0.022887323943661973, "distmap-Q3": 0.1273474178403756, "path_wallmap": "NeoDoom_MAP04_wallmap.png", "path_heightmap": "NeoDoom_MAP04_heightmap.png", "path_triggermap": "NeoDoom_MAP04_triggermap.png", "path_thingsmap": "NeoDoom_MAP04_thingsmap.png", "path_floormap": "NeoDoom_MAP04_floormap.png", "path_roommap": "NeoDoom_MAP04_roommap.png", "slot": "MAP04", "path_json": "NeoDoom_MAP04.json"}