{"number_of_lines": 1837, "number_of_things": 621, "number_of_sectors": 353, "number_of_subsectors": 1190, "number_of_vertices": 2065, "x_max": 6272, "y_max": 5120, "x_min": -128, "y_min": -800, "height": 5921, "width": 6401, "aspect_ratio": 1.0810673872656646, "floor_height_max": 896.0, "floor_height_min": -8.0, "floor_height_avg": 205.23796033994336, "ceiling_height_max": 1024.0, "ceiling_height_min": 0.0, "ceiling_height_avg": 412.7082152974504, "room_height_max": 1032.0, "room_height_min": 0.0, "room_height_avg": 207.47025495750708, "sector_area_max": 27869184.0, "sector_area_min": 32.0, "sector_area_avg": 229144.73087818697, "lines_per_sector_max": 165.0, "lines_per_sector_min": 3.0, "lines_per_sector_avg": 7.841359773371105, "sector_aspect_ratio_max": 28.555555555555557, "sector_aspect_ratio_min": 1.0, "sector_aspect_ratio_avg": 3.7888210009450702, "floors": 2, "level_area": 27581, "floors_area_mean": 13790.5, "floors_area_min": 34, "floors_area_max": 27547, "floors_area_std": 13756.5, "level_bbox_area": 37386, "level_convex_area": 32223, "floors_convex_area_mean": 13792.5, "floors_convex_area_min": 38, "floors_convex_area_max": 27547, "floors_convex_area_std": 13754.5, "level_eccentricity": 0.2668514442218599, "floors_eccentricity_mean": 0.6123195054493438, "floors_eccentricity_min": 0.26409827557116655, "floors_eccentricity_max": 0.9605407353275209, "floors_eccentricity_std": 0.3482212298781772, "level_equivalent_diameter": 187.39589078563202, "floors_equivalent_diameter_mean": 96.92993764521532, "floors_equivalent_diameter_min": 6.579524642479541, "floors_equivalent_diameter_max": 187.2803506479511, "floors_equivalent_diameter_std": 90.35041300273578, "level_euler_number": 2, "floors_euler_number_mean": 1.0, "floors_euler_number_min": 1, "floors_euler_number_max": 1, "floors_euler_number_std": 0.0, "level_extent": 0.737736050928155, "floors_extent_mean": 0.8863636363636364, "floors_extent_min": 0.7727272727272727, "floors_extent_max": 1.0, "floors_extent_std": 0.11363636363636365, "level_filled_area": 27581, "floors_filled_area_mean": 13790.5, "floors_filled_area_min": 34, "floors_filled_area_max": 27547, "floors_filled_area_std": 13756.5, "level_major_axis_length": 195.68872707014927, "floors_major_axis_length_mean": 103.83834448877538, "floors_major_axis_length_min": 12.535714295143277, "floors_major_axis_length_max": 195.1409746824075, "floors_major_axis_length_std": 91.3026301936321, "level_minor_axis_length": 188.5925989012919, "floors_minor_axis_length_mean": 95.84966053580597, "floors_minor_axis_length_min": 3.4866753753144604, "floors_minor_axis_length_max": 188.21264569629747, "floors_minor_axis_length_std": 92.3629851604915, "level_orientation": 0.08216327090063988, "floors_orientation_mean": -0.006301186331735434, "floors_orientation_min": -0.012602372663470867, "floors_orientation_max": 0.0, "floors_orientation_std": 0.006301186331735434, "level_perimeter": 684.8284271247462, "floors_perimeter_mean": 342.4142135623731, "floors_perimeter_min": 24.82842712474619, "floors_perimeter_max": 660.0, "floors_perimeter_std": 317.5857864376269, "level_solidity": 0.8559414083108339, "floors_solidity_mean": 0.9473684210526316, "floors_solidity_min": 0.8947368421052632, "floors_solidity_max": 1.0, "floors_solidity_std": 0.05263157894736842, "level_hu_moment_0": 0.16737347780781822, "level_hu_moment_1": 3.8184005275840744e-05, "level_hu_moment_2": 8.410080587565081e-07, "level_hu_moment_3": 2.987174414542871e-07, "level_hu_moment_4": 1.4970906053316856e-13, "level_hu_moment_5": 4.109163915652097e-10, "level_hu_moment_6": -2.103503311536992e-15, "level_centroid_x": 115.86323918639643, "level_centroid_y": 103.87418875312716, "number_of_artifacts": 32, "number_of_powerups": 31, "number_of_weapons": 16, "number_of_ammunitions": 111, "number_of_keys": 3, "number_of_monsters": 307, "number_of_obstacles": 10, "number_of_decorations": 17, "walkable_area": 24516, "walkable_percentage": 0.8888727747362315, "start_location_x_px": 38, "start_location_y_px": 86, "artifacts_per_walkable_area": 0.0013052700277369881, "powerups_per_walkable_area": 0.0012644803393702072, "weapons_per_walkable_area": 0.0006526350138684941, "ammunitions_per_walkable_area": 0.004527655408712678, "keys_per_walkable_area": 0.00012236906510034264, "monsters_per_walkable_area": 0.01252243432860173, "obstacles_per_walkable_area": 0.0004078968836678088, "decorations_per_walkable_area": 0.0006934247022352749, "nodes": 6, "avg-path-length": 1.3333333333333333, "diameter-mean": 2.0, "art-points": 2, "assortativity-mean": -1.0, "betw-cen": NaN, "closn-cen": NaN, "distmap-max": 163.0, "distmap-mean": -Infinity, "distmap-var": 0.0, "distmap-skew": 0, "distmap-kurt": 0.0, "distmap-Q1": 0.0, "distmap-Q2": 0.0, "distmap-Q3": 0.07500000000000001, "path_wallmap": "NeoDoom_MAP15_wallmap.png", "path_heightmap": "NeoDoom_MAP15_heightmap.png", "path_triggermap": "NeoDoom_MAP15_triggermap.png", "path_thingsmap": "NeoDoom_MAP15_thingsmap.png", "path_floormap": "NeoDoom_MAP15_floormap.png", "path_roommap": "NeoDoom_MAP15_roommap.png", "slot": "MAP15", "path_json": "NeoDoom_MAP15.json"}