{"number_of_lines": 896, "number_of_things": 214, "number_of_sectors": 186, "number_of_subsectors": 449, "number_of_vertices": 819, "x_max": 3712, "y_max": 2176, "x_min": -640, "y_min": -1552, "height": 3729, "width": 4353, "aspect_ratio": 1.16733708769107, "floor_height_max": 192.0, "floor_height_min": -16.0, "floor_height_avg": 38.37096774193548, "ceiling_height_max": 384.0, "ceiling_height_min": 0.0, "ceiling_height_avg": 159.3548387096774, "room_height_max": 400.0, "room_height_min": 0.0, "room_height_avg": 120.98387096774194, "sector_area_max": 4139072.0, "sector_area_min": 64.0, "sector_area_avg": 45076.98924731183, "lines_per_sector_max": 83.0, "lines_per_sector_min": 3.0, "lines_per_sector_avg": 6.827956989247312, "sector_aspect_ratio_max": 15.117647058823529, "sector_aspect_ratio_min": 1.0, "sector_aspect_ratio_avg": 3.7135213942510523, "floors": 6, "level_area": 8666, "floors_area_mean": 1444.3333333333333, "floors_area_min": 9, "floors_area_max": 7807, "floors_area_std": 2860.952910405125, "level_bbox_area": 16029, "level_convex_area": 12257, "floors_convex_area_mean": 1785.0, "floors_convex_area_min": 9, "floors_convex_area_max": 9389, "floors_convex_area_std": 3432.3830400078214, "level_eccentricity": 0.7032049198204647, "floors_eccentricity_mean": 0.24805817117014586, "floors_eccentricity_min": 0.0, "floors_eccentricity_max": 0.8651023079170114, "floors_eccentricity_std": 0.35768732582415375, "level_equivalent_diameter": 105.04234334150642, "floors_equivalent_diameter_mean": 24.268653686303907, "floors_equivalent_diameter_min": 3.385137501286538, "floors_equivalent_diameter_max": 99.7004569986889, "floors_equivalent_diameter_std": 35.35554785367356, "level_euler_number": -12, "floors_euler_number_mean": -2.0, "floors_euler_number_min": -15, "floors_euler_number_max": 1, "floors_euler_number_std": 5.8594652770823155, "level_extent": 0.5406450807910662, "floors_extent_mean": 0.8804668438498776, "floors_extent_min": 0.5878571428571429, "floors_extent_max": 1.0, "floors_extent_std": 0.17184871931239643, "level_filled_area": 8803, "floors_filled_area_mean": 1467.1666666666667, "floors_filled_area_min": 9, "floors_filled_area_max": 7907, "floors_filled_area_std": 2896.696533217719, "level_major_axis_length": 147.61892971561204, "floors_major_axis_length_mean": 34.34223279992833, "floors_major_axis_length_min": 3.265986323710904, "floors_major_axis_length_max": 149.68426841045974, "floors_major_axis_length_std": 53.614444628542564, "level_minor_axis_length": 104.95517388394912, "floors_minor_axis_length_mean": 20.33510684826808, "floors_minor_axis_length_min": 3.265986323710904, "floors_minor_axis_length_max": 75.0809481765695, "floors_minor_axis_length_std": 26.912218056475794, "level_orientation": -0.0040966055493623105, "floors_orientation_mean": 0.566288918958447, "floors_orientation_min": 0.03230444319803122, "floors_orientation_max": 0.7853981633974483, "floors_orientation_std": 0.31476143888948793, "level_perimeter": 1092.9259735953042, "floors_perimeter_mean": 182.1543289325507, "floors_perimeter_min": 8.0, "floors_perimeter_max": 823.0853531617383, "floors_perimeter_std": 298.6671676031141, "level_solidity": 0.7070245573957739, "floors_solidity_mean": 0.9119953131123584, "floors_solidity_min": 0.6404669260700389, "floors_solidity_max": 1.0, "floors_solidity_std": 0.1361284092081925, "level_hu_moment_0": 0.23660668802931578, "level_hu_moment_1": 0.006039743238628989, "level_hu_moment_2": 0.003915496228486539, "level_hu_moment_3": 0.00026370719530689713, "level_hu_moment_4": -9.956978748381747e-09, "level_hu_moment_5": -2.0477844088680812e-05, "level_hu_moment_6": 2.6777889811753133e-07, "level_centroid_x": 73.71520886222017, "level_centroid_y": 69.42372490191553, "number_of_artifacts": 23, "number_of_powerups": 14, "number_of_weapons": 9, "number_of_ammunitions": 35, "number_of_keys": 1, "number_of_monsters": 68, "number_of_obstacles": 10, "number_of_decorations": 22, "walkable_area": 7447, "walkable_percentage": 0.8593353334871914, "start_location_x_px": 39, "start_location_y_px": 55, "artifacts_per_walkable_area": 0.003088492010205452, "powerups_per_walkable_area": 0.0018799516583859273, "weapons_per_walkable_area": 0.0012085403518195246, "ammunitions_per_walkable_area": 0.004699879145964818, "keys_per_walkable_area": 0.0001342822613132805, "monsters_per_walkable_area": 0.009131193769303075, "obstacles_per_walkable_area": 0.0013428226131328052, "decorations_per_walkable_area": 0.0029542097488921715, "nodes": 37, "avg-path-length": 3.145021645021645, "diameter-mean": 8.0, "art-points": 10, "assortativity-mean": 0, "betw-cen": NaN, "closn-cen": NaN, "distmap-max": 19.1049731745428, "distmap-mean": -Infinity, "distmap-var": 0.0, "distmap-skew": 0, "distmap-kurt": 0.0, "distmap-Q1": 0.0, "distmap-Q2": 0.014285714285714285, "distmap-Q3": 0.03492063492063492, "path_wallmap": "NeoDoom_MAP01_wallmap.png", "path_heightmap": "NeoDoom_MAP01_heightmap.png", "path_triggermap": "NeoDoom_MAP01_triggermap.png", "path_thingsmap": "NeoDoom_MAP01_thingsmap.png", "path_floormap": "NeoDoom_MAP01_floormap.png", "path_roommap": "NeoDoom_MAP01_roommap.png", "slot": "MAP01", "path_json": "NeoDoom_MAP01.json"}