{"number_of_lines": 1642, "number_of_things": 572, "number_of_sectors": 270, "number_of_subsectors": 951, "number_of_vertices": 1644, "x_max": 7104, "y_max": 5220, "x_min": -4160, "y_min": -1344, "height": 6565, "width": 11265, "aspect_ratio": 1.715917745620716, "floor_height_max": 1920.0, "floor_height_min": -128.0, "floor_height_avg": 10.88888888888889, "ceiling_height_max": 2048.0, "ceiling_height_min": -64.0, "ceiling_height_avg": 204.2074074074074, "room_height_max": 784.0, "room_height_min": 0.0, "room_height_avg": 193.31851851851852, "sector_area_max": 4588608.0, "sector_area_min": 64.0, "sector_area_avg": 62146.19259259259, "lines_per_sector_max": 108.0, "lines_per_sector_min": 3.0, "lines_per_sector_avg": 8.544444444444444, "sector_aspect_ratio_max": 21.666666666666668, "sector_aspect_ratio_min": 1.0, "sector_aspect_ratio_avg": 3.105414827949212, "floors": 6, "level_area": 16925, "floors_area_mean": 2820.8333333333335, "floors_area_min": 72, "floors_area_max": 9874, "floors_area_std": 3694.500436083642, "level_bbox_area": 72718, "level_convex_area": 47004, "floors_convex_area_mean": 5999.5, "floors_convex_area_min": 72, "floors_convex_area_max": 23868, "floors_convex_area_std": 8822.021324503812, "level_eccentricity": 0.9223565643595617, "floors_eccentricity_mean": 0.7818956543565431, "floors_eccentricity_min": 0.6010400450564889, "floors_eccentricity_max": 0.8926261075700199, "floors_eccentricity_std": 0.09471949034755352, "level_equivalent_diameter": 146.79774962390476, "floors_equivalent_diameter_mean": 45.031950625985985, "floors_equivalent_diameter_min": 9.574614729634384, "floors_equivalent_diameter_max": 112.12478434634778, "floors_equivalent_diameter_std": 39.543899300977706, "level_euler_number": -15, "floors_euler_number_mean": -2.5, "floors_euler_number_min": -18, "floors_euler_number_max": 1, "floors_euler_number_std": 6.970174555442162, "level_extent": 0.2327484254242416, "floors_extent_mean": 0.6391738494876603, "floors_extent_min": 0.27547148755719225, "floors_extent_max": 1.0, "floors_extent_std": 0.2699437973136362, "level_filled_area": 17262, "floors_filled_area_mean": 2877.0, "floors_filled_area_min": 72, "floors_filled_area_max": 10080, "floors_filled_area_std": 3776.148434582518, "level_major_axis_length": 404.18556158133714, "floors_major_axis_length_mean": 72.1286086446983, "floors_major_axis_length_min": 13.808210118138652, "floors_major_axis_length_max": 203.16834851286305, "floors_major_axis_length_std": 70.85197228348773, "level_minor_axis_length": 156.15293090034953, "floors_minor_axis_length_mean": 42.85989237301427, "floors_minor_axis_length_min": 6.831300510639732, "floors_minor_axis_length_max": 121.1189307218128, "floors_minor_axis_length_std": 43.06156672408995, "level_orientation": -0.028627011833222936, "floors_orientation_mean": -0.21808388234188372, "floors_orientation_min": -1.1938117524225527, "floors_orientation_max": 1.5707963267948966, "floors_orientation_std": 0.912595185721501, "level_perimeter": 2848.1748904055826, "floors_perimeter_mean": 474.6958150675971, "floors_perimeter_min": 32.0, "floors_perimeter_max": 1463.343325219257, "floors_perimeter_std": 587.5742459314672, "level_solidity": 0.36007573823504385, "floors_solidity_mean": 0.791405791011791, "floors_solidity_min": 0.41369197251550194, "floors_solidity_max": 1.0, "floors_solidity_std": 0.23232823758592788, "level_hu_moment_0": 0.6933150148433906, "level_hu_moment_1": 0.2634033134005589, "level_hu_moment_2": 0.11943024575279473, "level_hu_moment_3": 0.03715138199667259, "level_hu_moment_4": 0.0024498575006808004, "level_hu_moment_5": 0.018394961787927266, "level_hu_moment_6": -0.0003496506108708718, "level_centroid_x": 199.97660265878878, "level_centroid_y": 96.74381093057607, "number_of_artifacts": 18, "number_of_powerups": 18, "number_of_weapons": 13, "number_of_ammunitions": 62, "number_of_keys": 2, "number_of_monsters": 325, "number_of_obstacles": 15, "number_of_decorations": 12, "walkable_area": 14258, "walkable_percentage": 0.8424224519940916, "start_location_x_px": 32, "start_location_y_px": 89, "artifacts_per_walkable_area": 0.001262449151353626, "powerups_per_walkable_area": 0.001262449151353626, "weapons_per_walkable_area": 0.0009117688315331743, "ammunitions_per_walkable_area": 0.004348435965773601, "keys_per_walkable_area": 0.00014027212792818068, "monsters_per_walkable_area": 0.02279422078832936, "obstacles_per_walkable_area": 0.001052040959461355, "decorations_per_walkable_area": 0.0008416327675690841, "nodes": 127, "avg-path-length": 5.503636562967549, "diameter-mean": 13.5, "art-points": 79, "assortativity-mean": 0.29903158136727975, "betw-cen": NaN, "closn-cen": NaN, "distmap-max": 27.0, "distmap-mean": -Infinity, "distmap-var": 0.0, "distmap-skew": 0, "distmap-kurt": 0.0, "distmap-Q1": 0.0007513227513227512, "distmap-Q2": 0.009396825396825396, "distmap-Q3": 0.038388662131519286, "path_wallmap": "NeoDoom_MAP21_wallmap.png", "path_heightmap": "NeoDoom_MAP21_heightmap.png", "path_triggermap": "NeoDoom_MAP21_triggermap.png", "path_thingsmap": "NeoDoom_MAP21_thingsmap.png", "path_floormap": "NeoDoom_MAP21_floormap.png", "path_roommap": "NeoDoom_MAP21_roommap.png", "slot": "MAP21", "path_json": "NeoDoom_MAP21.json"}