{"number_of_lines": 928, "number_of_things": 519, "number_of_sectors": 198, "number_of_subsectors": 580, "number_of_vertices": 895, "x_max": 5632, "y_max": 4128, "x_min": -3160, "y_min": -1168, "height": 5297, "width": 8793, "aspect_ratio": 1.6599962242778932, "floor_height_max": 1296.0, "floor_height_min": -2056.0, "floor_height_avg": 735.8787878787879, "ceiling_height_max": 2048.0, "ceiling_height_min": 160.0, "ceiling_height_avg": 1029.3131313131314, "room_height_max": 4104.0, "room_height_min": 0.0, "room_height_avg": 293.4343434343434, "sector_area_max": 10082880.0, "sector_area_min": 120.0, "sector_area_avg": 85768.92929292929, "lines_per_sector_max": 136.0, "lines_per_sector_min": 3.0, "lines_per_sector_avg": 7.48989898989899, "sector_aspect_ratio_max": 17.8, "sector_aspect_ratio_min": 1.0, "sector_aspect_ratio_avg": 2.884665302957622, "floors": 5, "level_area": 17039, "floors_area_mean": 3407.8, "floors_area_min": 19, "floors_area_max": 16838, "floors_area_std": 6715.135066400378, "level_bbox_area": 45650, "level_convex_area": 27914, "floors_convex_area_mean": 5331.4, "floors_convex_area_min": 21, "floors_convex_area_max": 26408, "floors_convex_area_std": 10538.344606246277, "level_eccentricity": 0.760987289112416, "floors_eccentricity_mean": 0.7868965580088625, "floors_eccentricity_min": 0.4937672271590777, "floors_eccentricity_max": 0.9543421901823325, "floors_eccentricity_std": 0.15824791329856838, "level_equivalent_diameter": 147.29130525167614, "floors_equivalent_diameter_mean": 35.48230471846221, "floors_equivalent_diameter_min": 4.918490759365935, "floors_equivalent_diameter_max": 146.4199694517475, "floors_equivalent_diameter_std": 55.49731319996205, "level_euler_number": 5, "floors_euler_number_mean": 1.0, "floors_euler_number_min": 1, "floors_euler_number_max": 1, "floors_euler_number_std": 0.0, "level_extent": 0.3732530120481928, "floors_extent_mean": 0.5040161188018331, "floors_extent_min": 0.4165244279529994, "floors_extent_max": 0.5769230769230769, "floors_extent_std": 0.0538392997852892, "level_filled_area": 17039, "floors_filled_area_mean": 3407.8, "floors_filled_area_min": 19, "floors_filled_area_max": 16838, "floors_filled_area_std": 6715.135066400378, "level_major_axis_length": 207.22366052060943, "floors_major_axis_length_mean": 50.65239090922427, "floors_major_axis_length_min": 7.198831578944478, "floors_major_axis_length_max": 206.70462743448098, "floors_major_axis_length_std": 78.07142105772526, "level_minor_axis_length": 134.4398287289823, "floors_minor_axis_length_mean": 31.409769671552578, "floors_minor_axis_length_min": 3.4124724090185814, "floors_minor_axis_length_max": 131.50302429322718, "floors_minor_axis_length_std": 50.12628132432068, "level_orientation": 0.23153586850524174, "floors_orientation_mean": 0.20153180583612434, "floors_orientation_min": -1.3029150849176871, "floors_orientation_max": 1.162199602459702, "floors_orientation_std": 0.8671582921959763, "level_perimeter": 1533.8569978244918, "floors_perimeter_mean": 306.7713995648984, "floors_perimeter_min": 15.31370849898476, "floors_perimeter_max": 1419.9453095790604, "floors_perimeter_std": 556.6580525546431, "level_solidity": 0.6104105466790858, "floors_solidity_mean": 0.7982179337374733, "floors_solidity_min": 0.6376098152075129, "floors_solidity_max": 0.9047619047619048, "floors_solidity_std": 0.09509575074162413, "level_hu_moment_0": 0.22380903012294912, "level_hu_moment_1": 0.008320296521528084, "level_hu_moment_2": 0.0009403980345084538, "level_hu_moment_3": 5.407651727896255e-05, "level_hu_moment_4": 9.462830911285165e-09, "level_hu_moment_5": 3.433185878072745e-06, "level_hu_moment_6": -7.691816224595457e-09, "level_centroid_x": 141.34591231879804, "level_centroid_y": 70.8735841305241, "number_of_artifacts": 12, "number_of_powerups": 14, "number_of_weapons": 11, "number_of_ammunitions": 47, "number_of_keys": 0, "number_of_monsters": 160, "number_of_obstacles": 105, "number_of_decorations": 28, "walkable_area": 15744, "walkable_percentage": 0.923997887199953, "start_location_x_px": 52, "start_location_y_px": 74, "artifacts_per_walkable_area": 0.0007621951219512195, "powerups_per_walkable_area": 0.0008892276422764227, "weapons_per_walkable_area": 0.0006986788617886179, "ammunitions_per_walkable_area": 0.0029852642276422766, "keys_per_walkable_area": 0.0, "monsters_per_walkable_area": 0.01016260162601626, "obstacles_per_walkable_area": 0.006669207317073171, "decorations_per_walkable_area": 0.0017784552845528454, "nodes": 63, "avg-path-length": 11.614845119812975, "diameter-mean": 37.0, "art-points": 48, "assortativity-mean": 0, "betw-cen": NaN, "closn-cen": NaN, "distmap-max": 41.43669871020132, "distmap-mean": -Infinity, "distmap-var": 0.0, "distmap-skew": 0, "distmap-kurt": 0.0, "distmap-Q1": 0.030142781597038603, "distmap-Q2": 0.11422527763088314, "distmap-Q3": 0.26361713379164464, "path_wallmap": "NeoDoom_MAP28_wallmap.png", "path_heightmap": "NeoDoom_MAP28_heightmap.png", "path_triggermap": "NeoDoom_MAP28_triggermap.png", "path_thingsmap": "NeoDoom_MAP28_thingsmap.png", "path_floormap": "NeoDoom_MAP28_floormap.png", "path_roommap": "NeoDoom_MAP28_roommap.png", "slot": "MAP28", "path_json": "NeoDoom_MAP28.json"}