{"number_of_lines": 774, "number_of_things": 126, "number_of_sectors": 102, "number_of_subsectors": 650, "number_of_vertices": 892, "x_max": 10416, "y_max": 5632, "x_min": -4032, "y_min": -4288, "height": 9921, "width": 14449, "aspect_ratio": 1.4564056042737628, "floor_height_max": 1256.0, "floor_height_min": -256.0, "floor_height_avg": 173.01960784313727, "ceiling_height_max": 1280.0, "ceiling_height_min": -168.0, "ceiling_height_avg": 593.4901960784314, "room_height_max": 1344.0, "room_height_min": 0.0, "room_height_avg": 420.47058823529414, "sector_area_max": 40650048.0, "sector_area_min": 64.0, "sector_area_avg": 648018.0392156863, "lines_per_sector_max": 144.0, "lines_per_sector_min": 3.0, "lines_per_sector_avg": 13.019607843137255, "sector_aspect_ratio_max": 27.0, "sector_aspect_ratio_min": 1.0, "sector_aspect_ratio_avg": 4.957437842831311, "floors": 2, "level_area": 64494, "floors_area_mean": 32247.0, "floors_area_min": 9, "floors_area_max": 64485, "floors_area_std": 32238.0, "level_bbox_area": 140572, "level_convex_area": 84998, "floors_convex_area_mean": 42503.5, "floors_convex_area_min": 9, "floors_convex_area_max": 84998, "floors_convex_area_std": 42494.5, "level_eccentricity": 0.531958912029147, "floors_eccentricity_mean": 0.2657764141294356, "floors_eccentricity_min": 0.0, "floors_eccentricity_max": 0.5315528282588712, "floors_eccentricity_std": 0.2657764141294356, "level_equivalent_diameter": 286.5594374613225, "floors_equivalent_diameter_mean": 144.96228994309112, "floors_equivalent_diameter_min": 3.385137501286538, "floors_equivalent_diameter_max": 286.5394423848957, "floors_equivalent_diameter_std": 141.57715244180457, "level_euler_number": 1, "floors_euler_number_mean": 0.5, "floors_euler_number_min": 0, "floors_euler_number_max": 1, "floors_euler_number_std": 0.5, "level_extent": 0.45879691545969326, "floors_extent_mean": 0.729366445664855, "floors_extent_min": 0.45873289132971007, "floors_extent_max": 1.0, "floors_extent_std": 0.27063355433514497, "level_filled_area": 64494, "floors_filled_area_mean": 32247.0, "floors_filled_area_min": 9, "floors_filled_area_max": 64485, "floors_filled_area_std": 32238.0, "level_major_axis_length": 337.89692320648373, "floors_major_axis_length_mean": 170.54012187477755, "floors_major_axis_length_min": 3.265986323710904, "floors_major_axis_length_max": 337.81425742584423, "floors_major_axis_length_std": 167.27413555106665, "level_minor_axis_length": 286.12103413056036, "floors_minor_axis_length_mean": 144.70157780383857, "floors_minor_axis_length_min": 3.265986323710904, "floors_minor_axis_length_max": 286.1371692839663, "floors_minor_axis_length_std": 141.4355914801277, "level_orientation": 0.006356848905146184, "floors_orientation_mean": 0.3956832446457334, "floors_orientation_min": 0.005968325894018575, "floors_orientation_max": 0.7853981633974483, "floors_orientation_std": 0.3897149187517148, "level_perimeter": 1489.5849198858496, "floors_perimeter_mean": 744.7924599429248, "floors_perimeter_min": 8.0, "floors_perimeter_max": 1481.5849198858496, "floors_perimeter_std": 736.7924599429248, "level_solidity": 0.758770794606932, "floors_solidity_mean": 0.8793324548812913, "floors_solidity_min": 0.7586649097625826, "floors_solidity_max": 1.0, "floors_solidity_std": 0.1206675451187087, "level_hu_moment_0": 0.1899785027331512, "level_hu_moment_1": 0.0009803264345304933, "level_hu_moment_2": 0.0022416185770765137, "level_hu_moment_3": 0.0006782193866999304, "level_hu_moment_4": 8.362414481153395e-07, "level_hu_moment_5": 2.123021739142352e-05, "level_hu_moment_6": -3.793604675819643e-09, "level_centroid_x": 310.0931249418551, "level_centroid_y": 155.4237758551183, "number_of_artifacts": 3, "number_of_powerups": 0, "number_of_weapons": 7, "number_of_ammunitions": 10, "number_of_keys": 0, "number_of_monsters": 3, "number_of_obstacles": 51, "number_of_decorations": 42, "walkable_area": 63144, "walkable_percentage": 0.97906782026235, "start_location_x_px": 2, "start_location_y_px": 150, "artifacts_per_walkable_area": 4.751045229950589e-05, "powerups_per_walkable_area": 0.0, "weapons_per_walkable_area": 0.00011085772203218041, "ammunitions_per_walkable_area": 0.0001583681743316863, "keys_per_walkable_area": 0.0, "monsters_per_walkable_area": 4.751045229950589e-05, "obstacles_per_walkable_area": 0.0008076776890916001, "decorations_per_walkable_area": 0.0006651463321930824, "nodes": 22, "avg-path-length": 7.333333333333333, "diameter-mean": 20.0, "art-points": 19, "assortativity-mean": 0, "betw-cen": NaN, "closn-cen": NaN, "distmap-max": 125.15989773086265, "distmap-mean": -Infinity, "distmap-var": 0.0, "distmap-skew": 0, "distmap-kurt": 0.0, "distmap-Q1": 0.17142857142857143, "distmap-Q2": 0.330952380952381, "distmap-Q3": 0.43333333333333335, "path_wallmap": "NeoDoom_MAP30_wallmap.png", "path_heightmap": "NeoDoom_MAP30_heightmap.png", "path_triggermap": "NeoDoom_MAP30_triggermap.png", "path_thingsmap": "NeoDoom_MAP30_thingsmap.png", "path_floormap": "NeoDoom_MAP30_floormap.png", "path_roommap": "NeoDoom_MAP30_roommap.png", "slot": "MAP30", "path_json": "NeoDoom_MAP30.json"}