{"number_of_lines": 1388, "number_of_things": 548, "number_of_sectors": 230, "number_of_subsectors": 880, "number_of_vertices": 1469, "x_max": 6400, "y_max": 4832, "x_min": -704, "y_min": -5856, "height": 10689, "width": 7105, "aspect_ratio": 1.5044334975369458, "floor_height_max": 202.0, "floor_height_min": -96.0, "floor_height_avg": 52.69130434782609, "ceiling_height_max": 384.0, "ceiling_height_min": -32.0, "ceiling_height_avg": 203.8, "room_height_max": 384.0, "room_height_min": 0.0, "room_height_avg": 151.1086956521739, "sector_area_max": 5602048.0, "sector_area_min": 16.0, "sector_area_avg": 109416.48695652174, "lines_per_sector_max": 114.0, "lines_per_sector_min": 3.0, "lines_per_sector_avg": 9.008695652173913, "sector_aspect_ratio_max": 64.33333333333333, "sector_aspect_ratio_min": 1.0, "sector_aspect_ratio_avg": 4.214481956001797, "floors": 4, "level_area": 21100, "floors_area_mean": 5275.0, "floors_area_min": 63, "floors_area_max": 20446, "floors_area_std": 8759.546763389073, "level_bbox_area": 74705, "level_convex_area": 49148, "floors_convex_area_mean": 11889.5, "floors_convex_area_min": 63, "floors_convex_area_max": 46689, "floors_convex_area_std": 20092.260120504114, "level_eccentricity": 0.7260004270853943, "floors_eccentricity_mean": 0.8108258356205559, "floors_eccentricity_min": 0.6680807152279081, "floors_eccentricity_max": 0.9908673886137246, "floors_eccentricity_std": 0.13093886079805897, "level_equivalent_diameter": 163.90654164465778, "floors_equivalent_diameter_mean": 52.24889606428089, "floors_equivalent_diameter_min": 8.95623198216277, "floors_equivalent_diameter_max": 161.3463843154074, "floors_equivalent_diameter_std": 63.137876576124704, "level_euler_number": 3, "floors_euler_number_mean": 0.75, "floors_euler_number_min": 0, "floors_euler_number_max": 1, "floors_euler_number_std": 0.4330127018922193, "level_extent": 0.28244428083796264, "floors_extent_mean": 0.6829654821145622, "floors_extent_min": 0.28653913530936864, "floors_extent_max": 1.0, "floors_extent_std": 0.3219664839396546, "level_filled_area": 21103, "floors_filled_area_mean": 5275.75, "floors_filled_area_min": 63, "floors_filled_area_max": 20446, "floors_filled_area_std": 8759.124139290412, "level_major_axis_length": 308.1483983291875, "floors_major_axis_length_mean": 96.019076475747, "floors_major_axis_length_min": 24.221202832779934, "floors_major_axis_length_max": 300.8075200762644, "floors_major_axis_length_std": 118.27338756923683, "level_minor_axis_length": 211.9118813167028, "floors_minor_axis_length_mean": 63.33803395236706, "floors_minor_axis_length_min": 3.265986323710904, "floors_minor_axis_length_max": 213.2433002126238, "floors_minor_axis_length_std": 86.86466853883812, "level_orientation": 1.2773970487011979, "floors_orientation_mean": 1.0235343193318647, "floors_orientation_min": 0.0, "floors_orientation_max": 1.5707963267948966, "floors_orientation_std": 0.6042642901123043, "level_perimeter": 1805.6681810065347, "floors_perimeter_mean": 451.4170452516337, "floors_perimeter_min": 44.0, "floors_perimeter_max": 1562.4133470105958, "floors_perimeter_std": 642.3301219118678, "level_solidity": 0.42931553674615447, "floors_solidity_mean": 0.7622826422864977, "floors_solidity_min": 0.43791899590910066, "floors_solidity_max": 1.0, "floors_solidity_std": 0.24548590963210642, "level_hu_moment_0": 0.4142834147986609, "level_hu_moment_1": 0.021977702371362644, "level_hu_moment_2": 0.05681902048581339, "level_hu_moment_3": 0.01754185926381011, "level_hu_moment_4": 0.0005256289078807482, "level_hu_moment_5": 0.002596413461341173, "level_hu_moment_6": 0.00017441065696588158, "level_centroid_x": 103.49625592417061, "level_centroid_y": 133.19971563981042, "number_of_artifacts": 24, "number_of_powerups": 21, "number_of_weapons": 11, "number_of_ammunitions": 67, "number_of_keys": 2, "number_of_monsters": 238, "number_of_obstacles": 23, "number_of_decorations": 84, "walkable_area": 19030, "walkable_percentage": 0.9018957345971564, "start_location_x_px": 27, "start_location_y_px": 122, "artifacts_per_walkable_area": 0.0012611665790856542, "powerups_per_walkable_area": 0.0011035207566999475, "weapons_per_walkable_area": 0.0005780346820809249, "ammunitions_per_walkable_area": 0.0035207566999474514, "keys_per_walkable_area": 0.00010509721492380452, "monsters_per_walkable_area": 0.012506568575932738, "obstacles_per_walkable_area": 0.0012086179716237519, "decorations_per_walkable_area": 0.00441408302679979, "nodes": 80, "avg-path-length": 6.331284153005464, "diameter-mean": 16.5, "art-points": 68, "assortativity-mean": 0.2505147563486609, "betw-cen": NaN, "closn-cen": NaN, "distmap-max": 33.54101966249684, "distmap-mean": -Infinity, "distmap-var": 0.0, "distmap-skew": 0, "distmap-kurt": 0.0, "distmap-Q1": 0.0038948393378773127, "distmap-Q2": 0.1127880558260305, "distmap-Q3": 0.25381369685167154, "path_wallmap": "NeoDoom_MAP09_wallmap.png", "path_heightmap": "NeoDoom_MAP09_heightmap.png", "path_triggermap": "NeoDoom_MAP09_triggermap.png", "path_thingsmap": "NeoDoom_MAP09_thingsmap.png", "path_floormap": "NeoDoom_MAP09_floormap.png", "path_roommap": "NeoDoom_MAP09_roommap.png", "slot": "MAP09", "path_json": "NeoDoom_MAP09.json"}