{"number_of_lines": 1530, "number_of_things": 640, "number_of_sectors": 267, "number_of_subsectors": 1050, "number_of_vertices": 1643, "x_max": 9296, "y_max": 3280, "x_min": -10752, "y_min": -2272, "height": 5553, "width": 20049, "aspect_ratio": 3.6104808211777417, "floor_height_max": 768.0, "floor_height_min": -4112.0, "floor_height_avg": -251.55805243445693, "ceiling_height_max": 1024.0, "ceiling_height_min": -4056.0, "ceiling_height_avg": 99.5505617977528, "room_height_max": 1280.0, "room_height_min": 0.0, "room_height_avg": 351.10861423220973, "sector_area_max": 13236864.0, "sector_area_min": 64.0, "sector_area_avg": 162246.11235955055, "lines_per_sector_max": 153.0, "lines_per_sector_min": 3.0, "lines_per_sector_avg": 9.074906367041198, "sector_aspect_ratio_max": 21.666666666666668, "sector_aspect_ratio_min": 1.0, "sector_aspect_ratio_avg": 2.8942652274759144, "floors": 7, "level_area": 36261, "floors_area_mean": 5180.142857142857, "floors_area_min": 2, "floors_area_max": 33127, "floors_area_std": 11433.090838546199, "level_bbox_area": 109098, "level_convex_area": 62481, "floors_convex_area_mean": 8080.571428571428, "floors_convex_area_min": 2, "floors_convex_area_max": 53318, "floors_convex_area_std": 18484.23859753526, "level_eccentricity": 0.9698775003675056, "floors_eccentricity_mean": 0.88798094711113, "floors_eccentricity_min": 0.5896618941607871, "floors_eccentricity_max": 1.0, "floors_eccentricity_std": 0.13025609535614516, "level_equivalent_diameter": 214.86958633469217, "floors_equivalent_diameter_mean": 43.384781957112224, "floors_equivalent_diameter_min": 1.5957691216057308, "floors_equivalent_diameter_max": 205.37430802912456, "floors_equivalent_diameter_std": 68.653648319849, "level_euler_number": 7, "floors_euler_number_mean": 1.0, "floors_euler_number_min": 1, "floors_euler_number_max": 1, "floors_euler_number_std": 0.0, "level_extent": 0.33237089589176705, "floors_extent_mean": 0.798600992534048, "floors_extent_min": 0.39996860813290835, "floors_extent_max": 1.0, "floors_extent_std": 0.20826853574893966, "level_filled_area": 36261, "floors_filled_area_mean": 5180.142857142857, "floors_filled_area_min": 2, "floors_filled_area_max": 33127, "floors_filled_area_std": 11433.090838546199, "level_major_axis_length": 514.0003131430732, "floors_major_axis_length_mean": 79.0142350460309, "floors_major_axis_length_min": 2.0, "floors_major_axis_length_max": 410.54748196116367, "floors_major_axis_length_std": 138.05588040364992, "level_minor_axis_length": 125.20696756937635, "floors_minor_axis_length_mean": 28.19035494250939, "floors_minor_axis_length_min": 0.0, "floors_minor_axis_length_max": 129.86828419794102, "floors_minor_axis_length_std": 43.5422847951851, "level_orientation": 0.05138291400787438, "floors_orientation_mean": 0.4135827378411921, "floors_orientation_min": -0.3217505543966422, "floors_orientation_max": 1.5707963267948966, "floors_orientation_std": 0.7411697907420681, "level_perimeter": 2184.3382745853737, "floors_perimeter_mean": 312.04832494076766, "floors_perimeter_min": 0.0, "floors_perimeter_max": 1826.6214998123091, "floors_perimeter_std": 622.8270240329557, "level_solidity": 0.58035242713785, "floors_solidity_mean": 0.9102063782112867, "floors_solidity_min": 0.6213098765895195, "floors_solidity_max": 1.0, "floors_solidity_std": 0.13598975226377877, "level_hu_moment_0": 0.4823934575699377, "level_hu_moment_1": 0.183485417049322, "level_hu_moment_2": 0.0037960012517756787, "level_hu_moment_3": 0.0020443121285705153, "level_hu_moment_4": 5.667896101592734e-06, "level_hu_moment_5": 0.0007462794686798617, "level_hu_moment_6": -5.536451899114676e-07, "level_centroid_x": 310.08698050246824, "level_centroid_y": 87.830672071923, "number_of_artifacts": 20, "number_of_powerups": 7, "number_of_weapons": 13, "number_of_ammunitions": 51, "number_of_keys": 0, "number_of_monsters": 265, "number_of_obstacles": 114, "number_of_decorations": 64, "walkable_area": 34173, "walkable_percentage": 0.9424174733184413, "start_location_x_px": 51, "start_location_y_px": 98, "artifacts_per_walkable_area": 0.0005852573669271062, "powerups_per_walkable_area": 0.00020484007842448717, "weapons_per_walkable_area": 0.000380417288502619, "ammunitions_per_walkable_area": 0.0014924062856641208, "keys_per_walkable_area": 0.0, "monsters_per_walkable_area": 0.0077546601117841575, "obstacles_per_walkable_area": 0.0033359669914845053, "decorations_per_walkable_area": 0.0018728235741667398, "nodes": 79, "avg-path-length": 8.026170530553932, "diameter-mean": 21.0, "art-points": 64, "assortativity-mean": -0.23229357798165579, "betw-cen": NaN, "closn-cen": NaN, "distmap-max": 66.24198064671678, "distmap-mean": -Infinity, "distmap-var": 0.0, "distmap-skew": 0, "distmap-kurt": 0.0, "distmap-Q1": 0.002997002997002997, "distmap-Q2": 0.08824508824508824, "distmap-Q3": 0.24325674325674324, "path_wallmap": "NeoDoom_MAP25_wallmap.png", "path_heightmap": "NeoDoom_MAP25_heightmap.png", "path_triggermap": "NeoDoom_MAP25_triggermap.png", "path_thingsmap": "NeoDoom_MAP25_thingsmap.png", "path_floormap": "NeoDoom_MAP25_floormap.png", "path_roommap": "NeoDoom_MAP25_roommap.png", "slot": "MAP25", "path_json": "NeoDoom_MAP25.json"}