{"number_of_lines": 1378, "number_of_things": 353, "number_of_sectors": 257, "number_of_subsectors": 827, "number_of_vertices": 1405, "x_max": 6416, "y_max": 6608, "x_min": -24, "y_min": -640, "height": 7249, "width": 6441, "aspect_ratio": 1.1254463592609842, "floor_height_max": 192.0, "floor_height_min": -136.0, "floor_height_avg": 32.0, "ceiling_height_max": 424.0, "ceiling_height_min": 0.0, "ceiling_height_avg": 203.28793774319067, "room_height_max": 456.0, "room_height_min": 0.0, "room_height_avg": 171.28793774319067, "sector_area_max": 2519296.0, "sector_area_min": 256.0, "sector_area_avg": 75262.03891050584, "lines_per_sector_max": 90.0, "lines_per_sector_min": 4.0, "lines_per_sector_avg": 8.295719844357977, "sector_aspect_ratio_max": 15.117647058823529, "sector_aspect_ratio_min": 1.0, "sector_aspect_ratio_avg": 3.0693496592852925, "floors": 8, "level_area": 18387, "floors_area_mean": 2298.375, "floors_area_min": 3, "floors_area_max": 18150, "floors_area_std": 5991.417631443747, "level_bbox_area": 45854, "level_convex_area": 34910, "floors_convex_area_mean": 4409.375, "floors_convex_area_min": 3, "floors_convex_area_max": 34910, "floors_convex_area_std": 11528.285225235148, "level_eccentricity": 0.8030963383357919, "floors_eccentricity_mean": 0.8275164180409633, "floors_eccentricity_min": 0.5186507640960366, "floors_eccentricity_max": 1.0, "floors_eccentricity_std": 0.1367813058139369, "level_equivalent_diameter": 153.00671720236807, "floors_equivalent_diameter_mean": 24.06480671155439, "floors_equivalent_diameter_min": 1.9544100476116797, "floors_equivalent_diameter_max": 152.0174257673876, "floors_equivalent_diameter_std": 48.448601801973666, "level_euler_number": 5, "floors_euler_number_mean": 0.625, "floors_euler_number_min": -2, "floors_euler_number_max": 1, "floors_euler_number_std": 0.9921567416492215, "level_extent": 0.400990099009901, "floors_extent_mean": 0.6930796637439653, "floors_extent_min": 0.3263157894736842, "floors_extent_max": 1.0, "floors_extent_std": 0.264419910777666, "level_filled_area": 19299, "floors_filled_area_mean": 2428.5, "floors_filled_area_min": 3, "floors_filled_area_max": 19191, "floors_filled_area_std": 6335.692404938864, "level_major_axis_length": 278.4372886785856, "floors_major_axis_length_mean": 43.633864628004964, "floors_major_axis_length_min": 3.265986323710904, "floors_major_axis_length_max": 278.58887482551967, "floors_major_axis_length_std": 89.09496242863221, "level_minor_axis_length": 165.90663622589955, "floors_minor_axis_length_mean": 25.116058833522683, "floors_minor_axis_length_min": 0.0, "floors_minor_axis_length_max": 166.93609627921595, "floors_minor_axis_length_std": 53.728679712404826, "level_orientation": 1.0551041977204803, "floors_orientation_mean": 0.1440625508572725, "floors_orientation_min": -1.539104867388346, "floors_orientation_max": 1.5707963267948966, "floors_orientation_std": 0.8867813212904303, "level_perimeter": 2380.696572237531, "floors_perimeter_mean": 297.58707152969146, "floors_perimeter_min": 1.0, "floors_perimeter_max": 2218.826514552443, "floors_perimeter_std": 726.4013333545929, "level_solidity": 0.5266972214265253, "floors_solidity_mean": 0.7969070864526684, "floors_solidity_min": 0.5027027027027027, "floors_solidity_max": 1.0, "floors_solidity_std": 0.19839477215304294, "level_hu_moment_0": 0.3570876695167611, "level_hu_moment_1": 0.02888806483104791, "level_hu_moment_2": 0.014791889983221585, "level_hu_moment_3": 0.0022062695456309717, "level_hu_moment_4": 1.2171020781603234e-05, "level_hu_moment_5": 0.00033326064964511623, "level_hu_moment_6": -3.274248117695363e-06, "level_centroid_x": 114.08848643063034, "level_centroid_y": 101.39141784956763, "number_of_artifacts": 14, "number_of_powerups": 28, "number_of_weapons": 9, "number_of_ammunitions": 79, "number_of_keys": 3, "number_of_monsters": 151, "number_of_obstacles": 3, "number_of_decorations": 6, "walkable_area": 16243, "walkable_percentage": 0.8833958775221624, "start_location_x_px": 1, "start_location_y_px": 53, "artifacts_per_walkable_area": 0.000861909745736625, "powerups_per_walkable_area": 0.00172381949147325, "weapons_per_walkable_area": 0.0005540848365449732, "ammunitions_per_walkable_area": 0.004863633565228098, "keys_per_walkable_area": 0.00018469494551499107, "monsters_per_walkable_area": 0.009296312257587884, "obstacles_per_walkable_area": 0.00018469494551499107, "decorations_per_walkable_area": 0.00036938989102998213, "nodes": 92, "avg-path-length": 4.309174491392801, "diameter-mean": 11.75, "art-points": 49, "assortativity-mean": 0, "betw-cen": NaN, "closn-cen": NaN, "distmap-max": 21.02379604162864, "distmap-mean": -Infinity, "distmap-var": 0.0, "distmap-skew": 0, "distmap-kurt": 0.0, "distmap-Q1": 0.0, "distmap-Q2": 0.017094017094017096, "distmap-Q3": 0.11282051282051282, "path_wallmap": "NeoDoom_MAP32_wallmap.png", "path_heightmap": "NeoDoom_MAP32_heightmap.png", "path_triggermap": "NeoDoom_MAP32_triggermap.png", "path_thingsmap": "NeoDoom_MAP32_thingsmap.png", "path_floormap": "NeoDoom_MAP32_floormap.png", "path_roommap": "NeoDoom_MAP32_roommap.png", "slot": "MAP32", "path_json": "NeoDoom_MAP32.json"}