{"number_of_lines": 1371, "number_of_things": 314, "number_of_sectors": 289, "number_of_subsectors": 786, "number_of_vertices": 1385, "x_max": 5704, "y_max": 3152, "x_min": -992, "y_min": -2176, "height": 5329, "width": 6697, "aspect_ratio": 1.2567085757177707, "floor_height_max": 576.0, "floor_height_min": -80.0, "floor_height_avg": 43.22837370242215, "ceiling_height_max": 640.0, "ceiling_height_min": 0.0, "ceiling_height_avg": 223.6089965397924, "room_height_max": 640.0, "room_height_min": 0.0, "room_height_avg": 180.38062283737025, "sector_area_max": 921600.0, "sector_area_min": 32.0, "sector_area_avg": 25734.200692041522, "lines_per_sector_max": 59.0, "lines_per_sector_min": 3.0, "lines_per_sector_avg": 7.2456747404844295, "sector_aspect_ratio_max": 45.23529411764706, "sector_aspect_ratio_min": 1.0, "sector_aspect_ratio_avg": 4.151491271552967, "floors": 3, "level_area": 7847, "floors_area_mean": 2615.6666666666665, "floors_area_min": 118, "floors_area_max": 6604, "floors_area_std": 2849.984132509435, "level_bbox_area": 35070, "level_convex_area": 22959, "floors_convex_area_mean": 4984.666666666667, "floors_convex_area_min": 119, "floors_convex_area_max": 13710, "floors_convex_area_std": 6183.3966034498835, "level_eccentricity": 0.810603202235718, "floors_eccentricity_mean": 0.6333033527548804, "floors_eccentricity_min": 0.14791588932101016, "floors_eccentricity_max": 0.9203093700305555, "floors_eccentricity_std": 0.34512251051427556, "level_equivalent_diameter": 99.95554365585143, "floors_equivalent_diameter_mean": 47.267351495079446, "floors_equivalent_diameter_min": 12.257335203001883, "floors_equivalent_diameter_max": 91.69773145193405, "floors_equivalent_diameter_std": 33.10842367866852, "level_euler_number": -5, "floors_euler_number_mean": -1.6666666666666667, "floors_euler_number_min": -7, "floors_euler_number_max": 1, "floors_euler_number_std": 3.7712361663282534, "level_extent": 0.22375249500998004, "floors_extent_mean": 0.7269704433497536, "floors_extent_min": 0.36146688560481666, "floors_extent_max": 1.0, "floors_extent_std": 0.2687560420451339, "level_filled_area": 9358, "floors_filled_area_mean": 3119.3333333333335, "floors_filled_area_min": 118, "floors_filled_area_max": 8115, "floors_filled_area_std": 3556.3114161851586, "level_major_axis_length": 226.31142500224325, "floors_major_axis_length_mean": 92.04265898656763, "floors_major_axis_length_min": 12.339851493809583, "floors_major_axis_length_max": 211.83943282915155, "floors_major_axis_length_std": 86.23868173656146, "level_minor_axis_length": 132.52702143175694, "floors_minor_axis_length_mean": 41.306091316654644, "floors_minor_axis_length_min": 12.204112439180612, "floors_minor_axis_length_max": 82.8697513070714, "floors_minor_axis_length_std": 30.164860917655982, "level_orientation": -0.47815432037728023, "floors_orientation_mean": 0.5888257098125002, "floors_orientation_min": -0.10702608698931926, "floors_orientation_max": 1.5707963267948966, "floors_orientation_std": 0.7142221864822912, "level_perimeter": 1700.7655480083436, "floors_perimeter_mean": 566.9218493361144, "floors_perimeter_min": 36.97056274847714, "floors_perimeter_max": 1527.7949852598663, "floors_perimeter_std": 680.6416555307925, "level_solidity": 0.3417831787098741, "floors_solidity_mean": 0.8244296113777385, "floors_solidity_min": 0.48169219547775344, "floors_solidity_max": 1.0, "floors_solidity_std": 0.24237623138944028, "level_hu_moment_0": 0.5478229936290886, "level_hu_moment_1": 0.07184754062852938, "level_hu_moment_2": 0.0190936676631825, "level_hu_moment_3": 0.0198214615322938, "level_hu_moment_4": 0.00035835417175426025, "level_hu_moment_5": 0.0028837948813233514, "level_hu_moment_6": -0.00014239836022317596, "level_centroid_x": 95.97221868229897, "level_centroid_y": 104.33923792532178, "number_of_artifacts": 34, "number_of_powerups": 16, "number_of_weapons": 15, "number_of_ammunitions": 63, "number_of_keys": 1, "number_of_monsters": 103, "number_of_obstacles": 26, "number_of_decorations": 5, "walkable_area": 6291, "walkable_percentage": 0.8017076589779534, "start_location_x_px": 10, "start_location_y_px": 89, "artifacts_per_walkable_area": 0.0054045461770783655, "powerups_per_walkable_area": 0.002543315848036878, "weapons_per_walkable_area": 0.002384358607534573, "ammunitions_per_walkable_area": 0.010014306151645207, "keys_per_walkable_area": 0.00015895724050230488, "monsters_per_walkable_area": 0.016372595771737403, "obstacles_per_walkable_area": 0.004132888253059927, "decorations_per_walkable_area": 0.0007947862025115244, "nodes": 98, "avg-path-length": 7.12003657262278, "diameter-mean": 20.5, "art-points": 33, "assortativity-mean": -0.18268011353342567, "betw-cen": NaN, "closn-cen": NaN, "distmap-max": 16.0, "distmap-mean": -Infinity, "distmap-var": 0.0, "distmap-skew": 0, "distmap-kurt": 0.0, "distmap-Q1": 0.015195446735395189, "distmap-Q2": 0.052566580756013746, "distmap-Q3": 0.11946950171821305, "path_wallmap": "NeoDoom_MAP07_wallmap.png", "path_heightmap": "NeoDoom_MAP07_heightmap.png", "path_triggermap": "NeoDoom_MAP07_triggermap.png", "path_thingsmap": "NeoDoom_MAP07_thingsmap.png", "path_floormap": "NeoDoom_MAP07_floormap.png", "path_roommap": "NeoDoom_MAP07_roommap.png", "slot": "MAP07", "path_json": "NeoDoom_MAP07.json"}