{"number_of_lines": 2447, "number_of_things": 713, "number_of_sectors": 314, "number_of_subsectors": 2167, "number_of_vertices": 3383, "x_max": 5704, "y_max": 7360, "x_min": -14400, "y_min": -2304, "height": 9665, "width": 20105, "aspect_ratio": 2.0801862390067254, "floor_height_max": 480.0, "floor_height_min": -86.0, "floor_height_avg": 42.29936305732484, "ceiling_height_max": 768.0, "ceiling_height_min": -32.0, "ceiling_height_avg": 245.31210191082803, "room_height_max": 800.0, "room_height_min": 0.0, "room_height_avg": 203.01273885350318, "sector_area_max": 4916480.0, "sector_area_min": 16.0, "sector_area_avg": 129106.03821656051, "lines_per_sector_max": 182.0, "lines_per_sector_min": 3.0, "lines_per_sector_avg": 13.538216560509554, "sector_aspect_ratio_max": 28.555555555555557, "sector_aspect_ratio_min": 1.0, "sector_aspect_ratio_avg": 3.239939103113097, "floors": 2, "level_area": 34255, "floors_area_mean": 17127.5, "floors_area_min": 459, "floors_area_max": 33796, "floors_area_std": 16668.5, "level_bbox_area": 190587, "level_convex_area": 128255, "floors_convex_area_mean": 52373.0, "floors_convex_area_min": 474, "floors_convex_area_max": 104272, "floors_convex_area_std": 51899.0, "level_eccentricity": 0.9265514968281168, "floors_eccentricity_mean": 0.914621681847152, "floors_eccentricity_min": 0.8929582389412424, "floors_eccentricity_max": 0.9362851247530615, "floors_eccentricity_std": 0.021663442905909547, "level_equivalent_diameter": 208.84161607520423, "floors_equivalent_diameter_mean": 115.8062137423392, "floors_equivalent_diameter_min": 24.17471718621419, "floors_equivalent_diameter_max": 207.4377102984642, "floors_equivalent_diameter_std": 91.631496556125, "level_euler_number": -32, "floors_euler_number_mean": -16.0, "floors_euler_number_min": -33, "floors_euler_number_max": 1, "floors_euler_number_std": 17.0, "level_extent": 0.17973418963517973, "floors_extent_mean": 0.5814647183068236, "floors_extent_min": 0.23565670934091987, "floors_extent_max": 0.9272727272727272, "floors_extent_std": 0.3458080089659037, "level_filled_area": 34302, "floors_filled_area_mean": 17151.0, "floors_filled_area_min": 459, "floors_filled_area_max": 33843, "floors_filled_area_std": 16692.0, "level_major_axis_length": 637.2722453298605, "floors_major_axis_length_mean": 338.5467386829596, "floors_major_axis_length_min": 36.398822398980684, "floors_major_axis_length_max": 640.6946549669385, "floors_major_axis_length_std": 302.14791628397893, "level_minor_axis_length": 239.72139167672586, "floors_minor_axis_length_mean": 120.71135563137632, "floors_minor_axis_length_min": 16.384548283182706, "floors_minor_axis_length_max": 225.03816297956993, "floors_minor_axis_length_std": 104.32680734819361, "level_orientation": 0.08804846759622353, "floors_orientation_mean": 0.8310658880737583, "floors_orientation_min": 0.09628503319541407, "floors_orientation_max": 1.5658467429521024, "floors_orientation_std": 0.7347808548783441, "level_perimeter": 3747.651116532581, "floors_perimeter_mean": 1873.8255582662905, "floors_perimeter_min": 91.79898987322332, "floors_perimeter_max": 3655.8521266593575, "floors_perimeter_std": 1782.0265683930672, "level_solidity": 0.267085103894585, "floors_solidity_mean": 0.6462341432242451, "floors_solidity_min": 0.32411385606874327, "floors_solidity_max": 0.9683544303797469, "floors_solidity_std": 0.32212028715550184, "level_hu_moment_0": 0.84582955096918, "level_hu_moment_1": 0.4046600738149185, "level_hu_moment_2": 0.12403695053429825, "level_hu_moment_3": 0.08202937311529031, "level_hu_moment_4": 0.007838803721301088, "level_hu_moment_5": 0.050649721413733605, "level_hu_moment_6": -0.0026489019573749393, "level_centroid_x": 367.3355130637863, "level_centroid_y": 194.09146110056926, "number_of_artifacts": 16, "number_of_powerups": 22, "number_of_weapons": 11, "number_of_ammunitions": 94, "number_of_keys": 2, "number_of_monsters": 316, "number_of_obstacles": 13, "number_of_decorations": 128, "walkable_area": 30679, "walkable_percentage": 0.8956064808057218, "start_location_x_px": 2, "start_location_y_px": 80, "artifacts_per_walkable_area": 0.0005215293849212817, "powerups_per_walkable_area": 0.0007171029042667623, "weapons_per_walkable_area": 0.00035855145213338117, "ammunitions_per_walkable_area": 0.0030639851364125297, "keys_per_walkable_area": 6.519117311516021e-05, "monsters_per_walkable_area": 0.010300205352195313, "obstacles_per_walkable_area": 0.0004237426252485414, "decorations_per_walkable_area": 0.004172235079370253, "nodes": 212, "avg-path-length": 21.60034707565311, "diameter-mean": 64.5, "art-points": 180, "assortativity-mean": 0.22241404114516045, "betw-cen": NaN, "closn-cen": NaN, "distmap-max": 38.0, "distmap-mean": -Infinity, "distmap-var": 0.0, "distmap-skew": 0, "distmap-kurt": 0.0, "distmap-Q1": 0.027488151658767772, "distmap-Q2": 0.12931618144888288, "distmap-Q3": 0.32831189347777023, "path_wallmap": "NeoDoom_MAP17_wallmap.png", "path_heightmap": "NeoDoom_MAP17_heightmap.png", "path_triggermap": "NeoDoom_MAP17_triggermap.png", "path_thingsmap": "NeoDoom_MAP17_thingsmap.png", "path_floormap": "NeoDoom_MAP17_floormap.png", "path_roommap": "NeoDoom_MAP17_roommap.png", "slot": "MAP17", "path_json": "NeoDoom_MAP17.json"}