{"number_of_lines": 1807, "number_of_things": 659, "number_of_sectors": 247, "number_of_subsectors": 1179, "number_of_vertices": 1894, "x_max": 4704, "y_max": 5760, "x_min": -7424, "y_min": -1344, "height": 7105, "width": 12129, "aspect_ratio": 1.7071076706544688, "floor_height_max": 672.0, "floor_height_min": -672.0, "floor_height_avg": -84.82591093117409, "ceiling_height_max": 800.0, "ceiling_height_min": -656.0, "ceiling_height_avg": 227.1255060728745, "room_height_max": 1280.0, "room_height_min": 0.0, "room_height_avg": 311.9514170040486, "sector_area_max": 10304064.0, "sector_area_min": 16.0, "sector_area_avg": 137232.3886639676, "lines_per_sector_max": 142.0, "lines_per_sector_min": 3.0, "lines_per_sector_avg": 11.03238866396761, "sector_aspect_ratio_max": 57.0, "sector_aspect_ratio_min": 1.0, "sector_aspect_ratio_avg": 3.303099831105, "floors": 5, "level_area": 33681, "floors_area_mean": 6736.2, "floors_area_min": 5, "floors_area_max": 33237, "floors_area_std": 13251.379602139545, "level_bbox_area": 84740, "level_convex_area": 63610, "floors_convex_area_mean": 12270.4, "floors_convex_area_min": 5, "floors_convex_area_max": 60862, "floors_convex_area_std": 24296.458940347664, "level_eccentricity": 0.9035618670078543, "floors_eccentricity_mean": 0.8718447918438906, "floors_eccentricity_min": 0.7216919623480706, "floors_eccentricity_max": 1.0, "floors_eccentricity_std": 0.10118573829391182, "level_equivalent_diameter": 207.08447818758657, "floors_equivalent_diameter_mean": 47.555534227277214, "floors_equivalent_diameter_min": 2.5231325220201604, "floors_equivalent_diameter_max": 205.71500370260455, "floors_equivalent_diameter_std": 79.46865662387447, "level_euler_number": -13, "floors_euler_number_mean": -2.6, "floors_euler_number_min": -17, "floors_euler_number_max": 1, "floors_euler_number_std": 7.200000000000001, "level_extent": 0.39746282747226813, "floors_extent_mean": 0.8349571232001572, "floors_extent_min": 0.42875386996904025, "floors_extent_max": 1.0, "floors_extent_std": 0.22566623991514168, "level_filled_area": 34228, "floors_filled_area_mean": 6845.6, "floors_filled_area_min": 5, "floors_filled_area_max": 33784, "floors_filled_area_std": 13470.163690170955, "level_major_axis_length": 381.14327156367756, "floors_major_axis_length_mean": 85.54170142345188, "floors_major_axis_length_min": 3.265986323710904, "floors_major_axis_length_max": 383.5782659834661, "floors_major_axis_length_std": 149.3273412183708, "level_minor_axis_length": 163.30374806599738, "floors_minor_axis_length_mean": 36.43601434044105, "floors_minor_axis_length_min": 0.0, "floors_minor_axis_length_max": 157.72475938569056, "floors_minor_axis_length_std": 61.09926975039228, "level_orientation": 0.1801457290967859, "floors_orientation_mean": 0.05706805739989455, "floors_orientation_min": -1.4672536985537386, "floors_orientation_max": 1.5707963267948966, "floors_orientation_std": 0.9630162084871657, "level_perimeter": 2641.0510447450815, "floors_perimeter_mean": 528.2102089490163, "floors_perimeter_min": 3.0, "floors_perimeter_max": 2537.0804819966042, "floors_perimeter_std": 1004.8992232529685, "level_solidity": 0.5294922182046848, "floors_solidity_mean": 0.8896046556160921, "floors_solidity_min": 0.5461043015346193, "floors_solidity_max": 1.0, "floors_solidity_std": 0.17590084248745538, "level_hu_moment_0": 0.3190565667413861, "level_hu_moment_1": 0.048436715533741494, "level_hu_moment_2": 0.008561152930258761, "level_hu_moment_3": 0.0039998441268103875, "level_hu_moment_4": 2.3332528287877073e-05, "level_hu_moment_5": 0.0006593852332467055, "level_hu_moment_6": -1.8554945232310223e-06, "level_centroid_x": 181.45690448620883, "level_centroid_y": 107.48427897033936, "number_of_artifacts": 17, "number_of_powerups": 18, "number_of_weapons": 15, "number_of_ammunitions": 82, "number_of_keys": 1, "number_of_monsters": 247, "number_of_obstacles": 61, "number_of_decorations": 127, "walkable_area": 31422, "walkable_percentage": 0.9329295448472432, "start_location_x_px": 2, "start_location_y_px": 103, "artifacts_per_walkable_area": 0.0005410222137355993, "powerups_per_walkable_area": 0.0005728470498376934, "weapons_per_walkable_area": 0.0004773725415314111, "ammunitions_per_walkable_area": 0.002609636560371714, "keys_per_walkable_area": 3.182483610209407e-05, "monsters_per_walkable_area": 0.007860734517217235, "obstacles_per_walkable_area": 0.0019413150022277385, "decorations_per_walkable_area": 0.004041754184965948, "nodes": 97, "avg-path-length": 6.656593406593407, "diameter-mean": 20.5, "art-points": 55, "assortativity-mean": 0, "betw-cen": NaN, "closn-cen": NaN, "distmap-max": 58.728187440104094, "distmap-mean": -Infinity, "distmap-var": 0.0, "distmap-skew": 0, "distmap-kurt": 0.0, "distmap-Q1": 0.010599415204678346, "distmap-Q2": 0.05789473684210526, "distmap-Q3": 0.1618421052631579, "path_wallmap": "NeoDoom_MAP08_wallmap.png", "path_heightmap": "NeoDoom_MAP08_heightmap.png", "path_triggermap": "NeoDoom_MAP08_triggermap.png", "path_thingsmap": "NeoDoom_MAP08_thingsmap.png", "path_floormap": "NeoDoom_MAP08_floormap.png", "path_roommap": "NeoDoom_MAP08_roommap.png", "slot": "MAP08", "path_json": "NeoDoom_MAP08.json"}