{"number_of_lines": 1720, "number_of_things": 1257, "number_of_sectors": 243, "number_of_subsectors": 1222, "number_of_vertices": 1852, "x_max": 4760, "y_max": 4432, "x_min": -5056, "y_min": -9552, "height": 13985, "width": 9817, "aspect_ratio": 1.424569624121422, "floor_height_max": 3040.0, "floor_height_min": -6152.0, "floor_height_avg": -630.8971193415638, "ceiling_height_max": 3072.0, "ceiling_height_min": -976.0, "ceiling_height_avg": 98.79835390946502, "room_height_max": 6536.0, "room_height_min": 0.0, "room_height_avg": 729.6954732510288, "sector_area_max": 9331968.0, "sector_area_min": 64.0, "sector_area_avg": 218993.11934156378, "lines_per_sector_max": 88.0, "lines_per_sector_min": 3.0, "lines_per_sector_avg": 11.23045267489712, "sector_aspect_ratio_max": 96.11111111111111, "sector_aspect_ratio_min": 1.0, "sector_aspect_ratio_avg": 8.900054346837676, "floors": 4, "level_area": 49880, "floors_area_mean": 12470.0, "floors_area_min": 611, "floors_area_max": 44509, "floors_area_std": 18511.817860491174, "level_bbox_area": 134466, "level_convex_area": 93150, "floors_convex_area_mean": 22163.25, "floors_convex_area_min": 611, "floors_convex_area_max": 83282, "floors_convex_area_std": 35294.31626604346, "level_eccentricity": 0.816687826072949, "floors_eccentricity_mean": 0.9304593460840236, "floors_eccentricity_min": 0.8721300050732685, "floors_eccentricity_max": 0.9612039551927889, "floors_eccentricity_std": 0.03438023316184768, "level_equivalent_diameter": 252.0102944155058, "floors_equivalent_diameter_mean": 94.01104108414921, "floors_equivalent_diameter_min": 27.891743614073043, "floors_equivalent_diameter_max": 238.05591548335312, "floors_equivalent_diameter_std": 83.90006720570543, "level_euler_number": -13, "floors_euler_number_mean": -3.25, "floors_euler_number_min": -16, "floors_euler_number_max": 1, "floors_euler_number_std": 7.361215932167728, "level_extent": 0.3709487900287061, "floors_extent_mean": 0.8327514018413577, "floors_extent_min": 0.33100560736543067, "floors_extent_max": 1.0, "floors_extent_std": 0.2896830695054391, "level_filled_area": 54369, "floors_filled_area_mean": 13592.25, "floors_filled_area_min": 611, "floors_filled_area_max": 48998, "floors_filled_area_std": 20454.27268781513, "level_major_axis_length": 427.8954166938549, "floors_major_axis_length_mean": 174.3822984631273, "floors_major_axis_length_min": 54.258639865002145, "floors_major_axis_length_max": 446.9850476453423, "floors_major_axis_length_std": 158.40366847817643, "level_minor_axis_length": 246.9297641069885, "floors_minor_axis_length_mean": 74.57171601712291, "floors_minor_axis_length_min": 14.966629547095765, "floors_minor_axis_length_max": 218.69825683578182, "floors_minor_axis_length_std": 83.51222099797114, "level_orientation": 1.3936149681713903, "floors_orientation_mean": 1.5161675386284705, "floors_orientation_min": 1.3522811741291922, "floors_orientation_max": 1.5707963267948966, "floors_orientation_std": 0.0946198366601674, "level_perimeter": 3485.3058787410205, "floors_perimeter_mean": 871.3264696852551, "floors_perimeter_min": 116.0, "floors_perimeter_max": 2925.3058787410205, "floors_perimeter_std": 1186.6548800198916, "level_solidity": 0.5354804079441761, "floors_solidity_mean": 0.8836093033308519, "floors_solidity_min": 0.5344372133234072, "floors_solidity_max": 1.0, "floors_solidity_std": 0.20159460015930236, "level_hu_moment_0": 0.30581996294800107, "level_hu_moment_1": 0.02341434488587395, "level_hu_moment_2": 0.0013234535141761258, "level_hu_moment_3": 5.583732109081256e-05, "level_hu_moment_4": -3.5827702266991585e-09, "level_hu_moment_5": -6.59464762446616e-07, "level_hu_moment_6": -1.4750041522535229e-08, "level_centroid_x": 183.52259422614273, "level_centroid_y": 236.99380513231756, "number_of_artifacts": 27, "number_of_powerups": 32, "number_of_weapons": 17, "number_of_ammunitions": 123, "number_of_keys": 2, "number_of_monsters": 739, "number_of_obstacles": 109, "number_of_decorations": 31, "walkable_area": 46653, "walkable_percentage": 0.9353047313552526, "start_location_x_px": 37, "start_location_y_px": 179, "artifacts_per_walkable_area": 0.0005787409169828307, "powerups_per_walkable_area": 0.0006859151608685401, "weapons_per_walkable_area": 0.0003643924292114119, "ammunitions_per_walkable_area": 0.002636486399588451, "keys_per_walkable_area": 4.286969755428376e-05, "monsters_per_walkable_area": 0.015840353246307847, "obstacles_per_walkable_area": 0.0023363985167084646, "decorations_per_walkable_area": 0.0006644803120913981, "nodes": 148, "avg-path-length": 6.8677777777777775, "diameter-mean": 18.25, "art-points": 71, "assortativity-mean": 0.08497837939462329, "betw-cen": NaN, "closn-cen": NaN, "distmap-max": 42.43819034784589, "distmap-mean": -Infinity, "distmap-var": 0.0, "distmap-skew": 0, "distmap-kurt": 0.0, "distmap-Q1": 0.0031683906439288045, "distmap-Q2": 0.011143726897151554, "distmap-Q3": 0.03604044357469015, "path_wallmap": "NeoDoom_MAP27_wallmap.png", "path_heightmap": "NeoDoom_MAP27_heightmap.png", "path_triggermap": "NeoDoom_MAP27_triggermap.png", "path_thingsmap": "NeoDoom_MAP27_thingsmap.png", "path_floormap": "NeoDoom_MAP27_floormap.png", "path_roommap": "NeoDoom_MAP27_roommap.png", "slot": "MAP27", "path_json": "NeoDoom_MAP27.json"}