{"number_of_lines": 990, "number_of_things": 389, "number_of_sectors": 181, "number_of_subsectors": 568, "number_of_vertices": 986, "x_max": 5072, "y_max": 5504, "x_min": -1280, "y_min": -192, "height": 5697, "width": 6353, "aspect_ratio": 1.1151483236791293, "floor_height_max": 608.0, "floor_height_min": -352.0, "floor_height_avg": 101.42541436464089, "ceiling_height_max": 640.0, "ceiling_height_min": -280.0, "ceiling_height_avg": 321.8011049723757, "room_height_max": 768.0, "room_height_min": 0.0, "room_height_avg": 220.3756906077348, "sector_area_max": 7642480.0, "sector_area_min": 64.0, "sector_area_avg": 102294.93922651933, "lines_per_sector_max": 136.0, "lines_per_sector_min": 3.0, "lines_per_sector_avg": 8.276243093922652, "sector_aspect_ratio_max": 7.72, "sector_aspect_ratio_min": 1.0, "sector_aspect_ratio_avg": 3.338939532300587, "floors": 2, "level_area": 11132, "floors_area_mean": 5566.0, "floors_area_min": 5, "floors_area_max": 11127, "floors_area_std": 5561.0, "level_bbox_area": 35263, "level_convex_area": 18645, "floors_convex_area_mean": 9212.5, "floors_convex_area_min": 5, "floors_convex_area_max": 18420, "floors_convex_area_std": 9207.5, "level_eccentricity": 0.8777359571751313, "floors_eccentricity_mean": 0.9388514380086053, "floors_eccentricity_min": 0.8777028760172105, "floors_eccentricity_max": 1.0, "floors_eccentricity_std": 0.061148561991394734, "level_equivalent_diameter": 119.05336035573222, "floors_equivalent_diameter_mean": 60.77487656691593, "floors_equivalent_diameter_min": 2.5231325220201604, "floors_equivalent_diameter_max": 119.0266206118117, "floors_equivalent_diameter_std": 58.251744044895766, "level_euler_number": -5, "floors_euler_number_mean": -2.5, "floors_euler_number_min": -6, "floors_euler_number_max": 1, "floors_euler_number_std": 3.5, "level_extent": 0.31568499560445795, "floors_extent_mean": 0.6662085860245571, "floors_extent_min": 0.3324171720491142, "floors_extent_max": 1.0, "floors_extent_std": 0.3337914139754429, "level_filled_area": 11409, "floors_filled_area_mean": 5704.5, "floors_filled_area_min": 5, "floors_filled_area_max": 11404, "floors_filled_area_std": 5699.5, "level_major_axis_length": 206.5839156833912, "floors_major_axis_length_mean": 106.08592888240634, "floors_major_axis_length_min": 5.656854249492381, "floors_major_axis_length_max": 206.5150035153203, "floors_major_axis_length_std": 100.42907463291397, "level_minor_axis_length": 98.98357665173219, "floors_minor_axis_length_mean": 49.481535845607446, "floors_minor_axis_length_min": 0.0, "floors_minor_axis_length_max": 98.96307169121489, "floors_minor_axis_length_std": 49.481535845607446, "level_orientation": 0.6573115837297251, "floors_orientation_mean": 1.1143590535452508, "floors_orientation_min": 0.6579217802956052, "floors_orientation_max": 1.5707963267948966, "floors_orientation_std": 0.45643727324964567, "level_perimeter": 1269.6498910433054, "floors_perimeter_mean": 634.8249455216527, "floors_perimeter_min": 3.0, "floors_perimeter_max": 1266.6498910433054, "floors_perimeter_std": 631.8249455216527, "level_solidity": 0.5970501474926254, "floors_solidity_mean": 0.8020358306188925, "floors_solidity_min": 0.604071661237785, "floors_solidity_max": 1.0, "floors_solidity_std": 0.1979641693811075, "level_hu_moment_0": 0.2946160992288664, "level_hu_moment_1": 0.034076518604897896, "level_hu_moment_2": 0.015624240289589687, "level_hu_moment_3": 0.007892681830872892, "level_hu_moment_4": 8.76348441336368e-05, "level_hu_moment_5": 0.0014487947070840437, "level_hu_moment_6": -1.451100576897034e-06, "level_centroid_x": 87.36309737693136, "level_centroid_y": 76.61246855910888, "number_of_artifacts": 9, "number_of_powerups": 16, "number_of_weapons": 9, "number_of_ammunitions": 36, "number_of_keys": 1, "number_of_monsters": 142, "number_of_obstacles": 24, "number_of_decorations": 56, "walkable_area": 10028, "walkable_percentage": 0.9008264462809917, "start_location_x_px": 13, "start_location_y_px": 68, "artifacts_per_walkable_area": 0.0008974870362983646, "powerups_per_walkable_area": 0.0015955325089748703, "weapons_per_walkable_area": 0.0008974870362983646, "ammunitions_per_walkable_area": 0.0035899481451934583, "keys_per_walkable_area": 9.972078181092939e-05, "monsters_per_walkable_area": 0.014160351017151974, "obstacles_per_walkable_area": 0.0023932987634623054, "decorations_per_walkable_area": 0.005584363781412046, "nodes": 35, "avg-path-length": 5.368067226890756, "diameter-mean": 14.0, "art-points": 18, "assortativity-mean": -0.2735747579777701, "betw-cen": NaN, "closn-cen": NaN, "distmap-max": 42.1070065428546, "distmap-mean": -Infinity, "distmap-var": 0.0, "distmap-skew": 0, "distmap-kurt": 0.0, "distmap-Q1": 0.000445632798573975, "distmap-Q2": 0.058823529411764705, "distmap-Q3": 0.13992869875222816, "path_wallmap": "NeoDoom_MAP19_wallmap.png", "path_heightmap": "NeoDoom_MAP19_heightmap.png", "path_triggermap": "NeoDoom_MAP19_triggermap.png", "path_thingsmap": "NeoDoom_MAP19_thingsmap.png", "path_floormap": "NeoDoom_MAP19_floormap.png", "path_roommap": "NeoDoom_MAP19_roommap.png", "slot": "MAP19", "path_json": "NeoDoom_MAP19.json"}