{"number_of_lines": 1307, "number_of_things": 394, "number_of_sectors": 221, "number_of_subsectors": 764, "number_of_vertices": 1239, "x_max": 5472, "y_max": 4336, "x_min": -432, "y_min": -400, "height": 4737, "width": 5905, "aspect_ratio": 1.2465695587924848, "floor_height_max": 256.0, "floor_height_min": -352.0, "floor_height_avg": -34.07692307692308, "ceiling_height_max": 512.0, "ceiling_height_min": -288.0, "ceiling_height_avg": 134.82805429864254, "room_height_max": 772.0, "room_height_min": 0.0, "room_height_avg": 168.9049773755656, "sector_area_max": 2251776.0, "sector_area_min": 16.0, "sector_area_avg": 39216.036199095026, "lines_per_sector_max": 97.0, "lines_per_sector_min": 3.0, "lines_per_sector_avg": 8.461538461538462, "sector_aspect_ratio_max": 46.333333333333336, "sector_aspect_ratio_min": 1.0, "sector_aspect_ratio_avg": 2.9695766211003294, "floors": 2, "level_area": 8785, "floors_area_mean": 4392.5, "floors_area_min": 105, "floors_area_max": 8680, "floors_area_std": 4287.5, "level_bbox_area": 27565, "level_convex_area": 17695, "floors_convex_area_mean": 8305.0, "floors_convex_area_min": 189, "floors_convex_area_max": 16421, "floors_convex_area_std": 8116.0, "level_eccentricity": 0.8535395788847429, "floors_eccentricity_mean": 0.8620541841776939, "floors_eccentricity_min": 0.8610090333932986, "floors_eccentricity_max": 0.863099334962089, "floors_eccentricity_std": 0.0010451507843952101, "level_equivalent_diameter": 105.76109587413703, "floors_equivalent_diameter_mean": 58.34480164543883, "floors_equivalent_diameter_min": 11.562445770562215, "floors_equivalent_diameter_max": 105.12715752031544, "floors_equivalent_diameter_std": 46.782355874876615, "level_euler_number": -11, "floors_euler_number_mean": -5.5, "floors_euler_number_min": -12, "floors_euler_number_max": 1, "floors_euler_number_std": 6.5, "level_extent": 0.3187012515871576, "floors_extent_mean": 0.34165656295645697, "floors_extent_min": 0.314892073281335, "floors_extent_max": 0.3684210526315789, "floors_extent_std": 0.02676448967512196, "level_filled_area": 9505, "floors_filled_area_mean": 4752.5, "floors_filled_area_min": 105, "floors_filled_area_max": 9400, "floors_filled_area_std": 4647.5, "level_major_axis_length": 191.9519744155966, "floors_major_axis_length_mean": 109.14272673788477, "floors_major_axis_length_min": 25.394452282859266, "floors_major_axis_length_max": 192.89100119291027, "floors_major_axis_length_std": 83.7482744550255, "level_minor_axis_length": 100.01235525872012, "floors_minor_axis_length_mean": 55.46371794274596, "floors_minor_axis_length_min": 12.825066762838729, "floors_minor_axis_length_max": 98.10236912265319, "floors_minor_axis_length_std": 42.63865117990723, "level_orientation": -0.39468893990713005, "floors_orientation_mean": 0.28586435045563846, "floors_orientation_min": -0.4020714309587027, "floors_orientation_max": 0.9738001318699796, "floors_orientation_std": 0.6879357814143412, "level_perimeter": 1530.3595231414336, "floors_perimeter_mean": 765.1797615707168, "floors_perimeter_min": 63.41421356237309, "floors_perimeter_max": 1466.9453095790604, "floors_perimeter_std": 701.7655480083437, "level_solidity": 0.4964679287934445, "floors_solidity_mean": 0.5420734966743127, "floors_solidity_min": 0.5285914377930698, "floors_solidity_max": 0.5555555555555556, "floors_solidity_std": 0.013482058881242875, "level_hu_moment_0": 0.3332956152991056, "level_hu_moment_1": 0.03647048129377847, "level_hu_moment_2": 0.007690034289090093, "level_hu_moment_3": 0.0014393878861221794, "level_hu_moment_4": 3.1208075728058474e-06, "level_hu_moment_5": 2.534068192727154e-06, "level_hu_moment_6": 3.6323008522000383e-06, "level_centroid_x": 80.26192373363688, "level_centroid_y": 61.33158793397837, "number_of_artifacts": 11, "number_of_powerups": 14, "number_of_weapons": 11, "number_of_ammunitions": 45, "number_of_keys": 1, "number_of_monsters": 156, "number_of_obstacles": 44, "number_of_decorations": 37, "walkable_area": 7018, "walkable_percentage": 0.7988616960728514, "start_location_x_px": 10, "start_location_y_px": 89, "artifacts_per_walkable_area": 0.001567398119122257, "powerups_per_walkable_area": 0.001994870333428327, "weapons_per_walkable_area": 0.001567398119122257, "ammunitions_per_walkable_area": 0.006412083214591051, "keys_per_walkable_area": 0.00014249073810202338, "monsters_per_walkable_area": 0.022228555143915644, "obstacles_per_walkable_area": 0.006269592476489028, "decorations_per_walkable_area": 0.005272157309774865, "nodes": 79, "avg-path-length": 6.395539906103286, "diameter-mean": 15.5, "art-points": 30, "assortativity-mean": 0.05965589323042463, "betw-cen": NaN, "closn-cen": NaN, "distmap-max": 24.758836806279895, "distmap-mean": -Infinity, "distmap-var": 0.0, "distmap-skew": 0, "distmap-kurt": 0.0, "distmap-Q1": 0.023310023310023312, "distmap-Q2": 0.06793206793206794, "distmap-Q3": 0.15201465201465203, "path_wallmap": "NeoDoom_MAP18_wallmap.png", "path_heightmap": "NeoDoom_MAP18_heightmap.png", "path_triggermap": "NeoDoom_MAP18_triggermap.png", "path_thingsmap": "NeoDoom_MAP18_thingsmap.png", "path_floormap": "NeoDoom_MAP18_floormap.png", "path_roommap": "NeoDoom_MAP18_roommap.png", "slot": "MAP18", "path_json": "NeoDoom_MAP18.json"}