{"number_of_lines": 1376, "number_of_things": 847, "number_of_sectors": 230, "number_of_subsectors": 880, "number_of_vertices": 1442, "x_max": 6272, "y_max": 4672, "x_min": -5204, "y_min": -1000, "height": 5673, "width": 11477, "aspect_ratio": 2.023091838533404, "floor_height_max": 512.0, "floor_height_min": -576.0, "floor_height_avg": 32.5, "ceiling_height_max": 896.0, "ceiling_height_min": -448.0, "ceiling_height_avg": 306.7, "room_height_max": 960.0, "room_height_min": 0.0, "room_height_avg": 274.2, "sector_area_max": 4752896.0, "sector_area_min": 64.0, "sector_area_avg": 105199.9652173913, "lines_per_sector_max": 100.0, "lines_per_sector_min": 3.0, "lines_per_sector_avg": 9.091304347826087, "sector_aspect_ratio_max": 53.666666666666664, "sector_aspect_ratio_min": 1.0, "sector_aspect_ratio_avg": 4.531321994947643, "floors": 5, "level_area": 21993, "floors_area_mean": 4398.6, "floors_area_min": 2, "floors_area_max": 20472, "floors_area_std": 8057.512534275079, "level_bbox_area": 63902, "level_convex_area": 39594, "floors_convex_area_mean": 6911.8, "floors_convex_area_min": 2, "floors_convex_area_max": 33038, "floors_convex_area_std": 13075.914612752716, "level_eccentricity": 0.9222894523863864, "floors_eccentricity_mean": 0.5721650652419559, "floors_eccentricity_min": 0.0, "floors_eccentricity_max": 1.0, "floors_eccentricity_std": 0.4685555169453063, "level_equivalent_diameter": 167.33904896156318, "floors_equivalent_diameter_mean": 42.7062970810722, "floors_equivalent_diameter_min": 1.5957691216057308, "floors_equivalent_diameter_max": 161.44893917216754, "floors_equivalent_diameter_std": 61.45440302448062, "level_euler_number": -6, "floors_euler_number_mean": -1.2, "floors_euler_number_min": -10, "floors_euler_number_max": 1, "floors_euler_number_std": 4.4, "level_extent": 0.3441676316860192, "floors_extent_mean": 0.883040603577658, "floors_extent_min": 0.41520301788828945, "floors_extent_max": 1.0, "floors_extent_std": 0.23391879284468423, "level_filled_area": 22692, "floors_filled_area_mean": 4540.2, "floors_filled_area_min": 2, "floors_filled_area_max": 21180, "floors_filled_area_std": 8340.005836928412, "level_major_axis_length": 342.80283517982997, "floors_major_axis_length_mean": 79.75945522729492, "floors_major_axis_length_min": 2.0, "floors_major_axis_length_max": 299.0512694811218, "floors_major_axis_length_std": 114.86439101900079, "level_minor_axis_length": 132.49325855292096, "floors_minor_axis_length_mean": 32.94761408092926, "floors_minor_axis_length_min": 0.0, "floors_minor_axis_length_max": 136.29719545701786, "floors_minor_axis_length_std": 52.25042096414654, "level_orientation": 0.24504117749643003, "floors_orientation_mean": 0.36856265224401497, "floors_orientation_min": 0.0, "floors_orientation_max": 0.7853981633974483, "floors_orientation_std": 0.3545424148404611, "level_perimeter": 2533.6570337182416, "floors_perimeter_mean": 506.73140674364834, "floors_perimeter_min": 0.0, "floors_perimeter_max": 2325.6570337182416, "floors_perimeter_std": 912.3364560929424, "level_solidity": 0.5554629489316563, "floors_solidity_mean": 0.9239300199769961, "floors_solidity_min": 0.6196500998849809, "floors_solidity_max": 1.0, "floors_solidity_std": 0.15213996004600763, "level_hu_moment_0": 0.3838387423535353, "level_hu_moment_1": 0.08069333677617391, "level_hu_moment_2": 0.0034151592405732224, "level_hu_moment_3": 0.0013188981516664628, "level_hu_moment_4": 2.7727411855703297e-06, "level_hu_moment_5": 0.0003341031856469761, "level_hu_moment_6": -3.83418586219592e-07, "level_centroid_x": 152.3237848406311, "level_centroid_y": 72.94061746919475, "number_of_artifacts": 13, "number_of_powerups": 27, "number_of_weapons": 12, "number_of_ammunitions": 71, "number_of_keys": 2, "number_of_monsters": 389, "number_of_obstacles": 90, "number_of_decorations": 77, "walkable_area": 19621, "walkable_percentage": 0.8921475014777429, "start_location_x_px": 1, "start_location_y_px": 44, "artifacts_per_walkable_area": 0.0006625554253096173, "powerups_per_walkable_area": 0.001376076652566128, "weapons_per_walkable_area": 0.0006115896233627236, "ammunitions_per_walkable_area": 0.0036185719382294482, "keys_per_walkable_area": 0.00010193160389378727, "monsters_per_walkable_area": 0.019825696957341623, "obstacles_per_walkable_area": 0.004586922175220427, "decorations_per_walkable_area": 0.00392436674991081, "nodes": 128, "avg-path-length": 10.195604395604395, "diameter-mean": 26.5, "art-points": 34, "assortativity-mean": -0.06701137538779788, "betw-cen": NaN, "closn-cen": NaN, "distmap-max": 37.0, "distmap-mean": -Infinity, "distmap-var": 0.0, "distmap-skew": 0, "distmap-kurt": 0.0, "distmap-Q1": 0.006592925884264465, "distmap-Q2": 0.034776902887139104, "distmap-Q3": 0.09692538432695912, "path_wallmap": "NeoDoom_MAP26_wallmap.png", "path_heightmap": "NeoDoom_MAP26_heightmap.png", "path_triggermap": "NeoDoom_MAP26_triggermap.png", "path_thingsmap": "NeoDoom_MAP26_thingsmap.png", "path_floormap": "NeoDoom_MAP26_floormap.png", "path_roommap": "NeoDoom_MAP26_roommap.png", "slot": "MAP26", "path_json": "NeoDoom_MAP26.json"}