{"number_of_lines": 2508, "number_of_things": 530, "number_of_sectors": 424, "number_of_subsectors": 1756, "number_of_vertices": 2863, "x_max": 7232, "y_max": 8512, "x_min": -1152, "y_min": -1520, "height": 10033, "width": 8385, "aspect_ratio": 1.196541443053071, "floor_height_max": 384.0, "floor_height_min": -16.0, "floor_height_avg": 121.29245283018868, "ceiling_height_max": 768.0, "ceiling_height_min": -8.0, "ceiling_height_avg": 312.9056603773585, "room_height_max": 776.0, "room_height_min": 0.0, "room_height_avg": 191.61320754716982, "sector_area_max": 30888448.0, "sector_area_min": 16.0, "sector_area_avg": 136478.93867924527, "lines_per_sector_max": 217.0, "lines_per_sector_min": 3.0, "lines_per_sector_avg": 9.596698113207546, "sector_aspect_ratio_max": 42.77777777777778, "sector_aspect_ratio_min": 1.0, "sector_aspect_ratio_avg": 5.817778010254395, "floors": 6, "level_area": 45443, "floors_area_mean": 7573.833333333333, "floors_area_min": 3, "floors_area_max": 44893, "floors_area_std": 16689.866310795365, "level_bbox_area": 82006, "level_convex_area": 66036, "floors_convex_area_mean": 11086.833333333334, "floors_convex_area_min": 3, "floors_convex_area_max": 65926, "floors_convex_area_std": 24524.98098821327, "level_eccentricity": 0.43220094753872157, "floors_eccentricity_mean": 0.7218248515520608, "floors_eccentricity_min": 0.0, "floors_eccentricity_max": 1.0, "floors_eccentricity_std": 0.37518251087166266, "level_equivalent_diameter": 240.5406922568404, "floors_equivalent_diameter_mean": 48.05275649355834, "floors_equivalent_diameter_min": 1.9544100476116797, "floors_equivalent_diameter_max": 239.0806200464514, "floors_equivalent_diameter_std": 85.6401582121619, "level_euler_number": 4, "floors_euler_number_mean": 0.6666666666666666, "floors_euler_number_min": -1, "floors_euler_number_max": 1, "floors_euler_number_std": 0.7453559924999298, "level_extent": 0.5541423798258664, "floors_extent_mean": 0.8176646975125056, "floors_extent_min": 0.35855263157894735, "floors_extent_max": 1.0, "floors_extent_std": 0.26356287342695905, "level_filled_area": 60970, "floors_filled_area_mean": 10252.166666666666, "floors_filled_area_min": 3, "floors_filled_area_max": 60963, "floors_filled_area_std": 22678.74160542325, "level_major_axis_length": 272.0830173925364, "floors_major_axis_length_mean": 62.016360592963274, "floors_major_axis_length_min": 2.0, "floors_major_axis_length_max": 272.6744285991708, "floors_major_axis_length_std": 95.18469617869499, "level_minor_axis_length": 245.35829515901708, "floors_minor_axis_length_mean": 44.959233872317945, "floors_minor_axis_length_min": 0.0, "floors_minor_axis_length_max": 243.56272048763273, "floors_minor_axis_length_std": 88.87624598245505, "level_orientation": 1.2470037623287908, "floors_orientation_mean": 1.277278823696354, "floors_orientation_min": 0.7853981633974483, "floors_orientation_max": 1.5707963267948966, "floors_orientation_std": 0.32412395687394896, "level_perimeter": 2745.424494298889, "floors_perimeter_mean": 457.5707490498149, "floors_perimeter_min": 1.0, "floors_perimeter_max": 2538.2407281148157, "floors_perimeter_std": 930.9681700781667, "level_solidity": 0.6881549457871464, "floors_solidity_mean": 0.8981254464371898, "floors_solidity_min": 0.6809604708309317, "floors_solidity_max": 1.0, "floors_solidity_std": 0.14428043700703264, "level_hu_moment_0": 0.1846129510551221, "level_hu_moment_1": 0.00036172176868832075, "level_hu_moment_2": 0.0011493762130447688, "level_hu_moment_3": 3.7342480218232065e-05, "level_hu_moment_4": -4.822880037863145e-09, "level_hu_moment_5": -5.568176222554117e-07, "level_hu_moment_6": 6.049038412794587e-09, "level_centroid_x": 157.38307330061835, "level_centroid_y": 148.65486433554122, "number_of_artifacts": 33, "number_of_powerups": 33, "number_of_weapons": 11, "number_of_ammunitions": 105, "number_of_keys": 2, "number_of_monsters": 230, "number_of_obstacles": 12, "number_of_decorations": 25, "walkable_area": 42472, "walkable_percentage": 0.9346213938340339, "start_location_x_px": 35, "start_location_y_px": 253, "artifacts_per_walkable_area": 0.0007769824825767565, "powerups_per_walkable_area": 0.0007769824825767565, "weapons_per_walkable_area": 0.0002589941608589188, "ammunitions_per_walkable_area": 0.0024722169900169523, "keys_per_walkable_area": 4.708984742889433e-05, "monsters_per_walkable_area": 0.005415332454322848, "obstacles_per_walkable_area": 0.000282539084573366, "decorations_per_walkable_area": 0.0005886230928611792, "nodes": 198, "avg-path-length": 9.702463054187191, "diameter-mean": 21.5, "art-points": 30, "assortativity-mean": 0, "betw-cen": NaN, "closn-cen": NaN, "distmap-max": 85.0, "distmap-mean": -Infinity, "distmap-var": 0.0, "distmap-skew": 0, "distmap-kurt": 0.0, "distmap-Q1": 0.07397959183673469, "distmap-Q2": 0.11960012431368486, "distmap-Q3": 0.18280586346213612, "path_wallmap": "NeoDoom_MAP16_wallmap.png", "path_heightmap": "NeoDoom_MAP16_heightmap.png", "path_triggermap": "NeoDoom_MAP16_triggermap.png", "path_thingsmap": "NeoDoom_MAP16_thingsmap.png", "path_floormap": "NeoDoom_MAP16_floormap.png", "path_roommap": "NeoDoom_MAP16_roommap.png", "slot": "MAP16", "path_json": "NeoDoom_MAP16.json"}