{"number_of_lines": 2418, "number_of_things": 555, "number_of_sectors": 495, "number_of_subsectors": 1697, "number_of_vertices": 2569, "x_max": 7552, "y_max": 5024, "x_min": -4480, "y_min": -7464, "height": 12489, "width": 12033, "aspect_ratio": 1.037895786586886, "floor_height_max": 306.0, "floor_height_min": -8.0, "floor_height_avg": 93.54545454545455, "ceiling_height_max": 640.0, "ceiling_height_min": 0.0, "ceiling_height_avg": 285.2808080808081, "room_height_max": 648.0, "room_height_min": 0.0, "room_height_avg": 191.73535353535354, "sector_area_max": 30555904.0, "sector_area_min": 16.0, "sector_area_avg": 201923.7494949495, "lines_per_sector_max": 201.0, "lines_per_sector_min": 3.0, "lines_per_sector_avg": 8.11111111111111, "sector_aspect_ratio_max": 42.77777777777778, "sector_aspect_ratio_min": 1.0, "sector_aspect_ratio_avg": 4.2243472492510765, "floors": 8, "level_area": 98205, "floors_area_mean": 12275.625, "floors_area_min": 3, "floors_area_max": 98080, "floors_area_std": 32431.00712642725, "level_bbox_area": 147407, "level_convex_area": 109501, "floors_convex_area_mean": 13704.875, "floors_convex_area_min": 3, "floors_convex_area_max": 109501, "floors_convex_area_std": 36207.53409318805, "level_eccentricity": 0.46121533759573824, "floors_eccentricity_mean": 0.8255126917513931, "floors_eccentricity_min": 0.4612160359137751, "floors_eccentricity_max": 1.0, "floors_eccentricity_std": 0.1702335066696656, "level_equivalent_diameter": 353.60781876355145, "floors_equivalent_diameter_mean": 48.108284070496495, "floors_equivalent_diameter_min": 1.9544100476116797, "floors_equivalent_diameter_max": 353.38270267179854, "floors_equivalent_diameter_std": 115.39239225413431, "level_euler_number": -14, "floors_euler_number_mean": -1.75, "floors_euler_number_min": -21, "floors_euler_number_max": 1, "floors_euler_number_std": 7.275816105427624, "level_extent": 0.6662166654229447, "floors_extent_mean": 0.8468615603316634, "floors_extent_min": 0.6, "floors_extent_max": 1.0, "floors_extent_std": 0.16121691986018338, "level_filled_area": 99949, "floors_filled_area_mean": 12509.25, "floors_filled_area_min": 3, "floors_filled_area_max": 99949, "floors_filled_area_std": 33049.12074378833, "level_major_axis_length": 384.94325397355317, "floors_major_axis_length_mean": 54.09779681640378, "floors_major_axis_length_min": 3.265986323710904, "floors_major_axis_length_max": 384.95950948483085, "floors_major_axis_length_std": 125.07043290307918, "level_minor_axis_length": 341.5556204794758, "floors_minor_axis_length_mean": 45.36625917072233, "floors_minor_axis_length_min": 0.0, "floors_minor_axis_length_max": 341.5699040675701, "floors_minor_axis_length_std": 111.96890272975409, "level_orientation": -0.6311206632863996, "floors_orientation_mean": -0.09098654113195426, "floors_orientation_min": -1.1724027305007048, "floors_orientation_max": 1.5707963267948966, "floors_orientation_std": 0.732720924410419, "level_perimeter": 2562.5331880577405, "floors_perimeter_mean": 320.31664850721756, "floors_perimeter_min": 1.0, "floors_perimeter_max": 2467.76973209045, "floors_perimeter_std": 811.6903722039657, "level_solidity": 0.8968411247385869, "floors_solidity_mean": 0.9353066036756825, "floors_solidity_min": 0.8181818181818182, "floors_solidity_max": 1.0, "floors_solidity_std": 0.07172567958123219, "level_hu_moment_0": 0.16855146801389134, "level_hu_moment_1": 0.00040243398774650926, "level_hu_moment_2": 0.0002704066453229735, "level_hu_moment_3": 6.813196963944541e-06, "level_hu_moment_4": -2.3919183175562515e-10, "level_hu_moment_5": -7.865910830814072e-08, "level_hu_moment_6": 1.682491012377381e-10, "level_centroid_x": 188.5200244386742, "level_centroid_y": 215.9566315360725, "number_of_artifacts": 39, "number_of_powerups": 42, "number_of_weapons": 17, "number_of_ammunitions": 105, "number_of_keys": 2, "number_of_monsters": 169, "number_of_obstacles": 36, "number_of_decorations": 76, "walkable_area": 95535, "walkable_percentage": 0.972811974950359, "start_location_x_px": 39, "start_location_y_px": 202, "artifacts_per_walkable_area": 0.0004082273512325326, "powerups_per_walkable_area": 0.00043962945517349663, "weapons_per_walkable_area": 0.0001779452556654629, "ammunitions_per_walkable_area": 0.0010990736379337415, "keys_per_walkable_area": 2.0934735960642695e-05, "monsters_per_walkable_area": 0.0017689851886743078, "obstacles_per_walkable_area": 0.00037682524729156853, "decorations_per_walkable_area": 0.0007955199665044225, "nodes": 87, "avg-path-length": 2.437058555479608, "diameter-mean": 6.25, "art-points": 21, "assortativity-mean": 0, "betw-cen": NaN, "closn-cen": NaN, "distmap-max": 123.97580409095961, "distmap-mean": -Infinity, "distmap-var": 0.0, "distmap-skew": 0, "distmap-kurt": 0.0, "distmap-Q1": 0.0, "distmap-Q2": 0.032330141358869136, "distmap-Q3": 0.07879616963064295, "path_wallmap": "NeoDoom_MAP11_wallmap.png", "path_heightmap": "NeoDoom_MAP11_heightmap.png", "path_triggermap": "NeoDoom_MAP11_triggermap.png", "path_thingsmap": "NeoDoom_MAP11_thingsmap.png", "path_floormap": "NeoDoom_MAP11_floormap.png", "path_roommap": "NeoDoom_MAP11_roommap.png", "slot": "MAP11", "path_json": "NeoDoom_MAP11.json"}