{"number_of_lines": 1758, "number_of_things": 640, "number_of_sectors": 323, "number_of_subsectors": 953, "number_of_vertices": 1694, "x_max": 3192, "y_max": 6912, "x_min": -2336, "y_min": -640, "height": 7553, "width": 5529, "aspect_ratio": 1.3660698137095315, "floor_height_max": 256.0, "floor_height_min": -640.0, "floor_height_avg": -16.79876160990712, "ceiling_height_max": 640.0, "ceiling_height_min": -416.0, "ceiling_height_avg": 143.86996904024767, "room_height_max": 1216.0, "room_height_min": 0.0, "room_height_avg": 160.6687306501548, "sector_area_max": 2112832.0, "sector_area_min": 32.0, "sector_area_avg": 50288.68111455108, "lines_per_sector_max": 67.0, "lines_per_sector_min": 3.0, "lines_per_sector_avg": 7.715170278637771, "sector_aspect_ratio_max": 32.333333333333336, "sector_aspect_ratio_min": 1.0, "sector_aspect_ratio_avg": 2.7768774210625895, "floors": 3, "level_area": 16123, "floors_area_mean": 5374.333333333333, "floors_area_min": 69, "floors_area_max": 15627, "floors_area_std": 7251.203179856124, "level_bbox_area": 41001, "level_convex_area": 30496, "floors_convex_area_mean": 9833.0, "floors_convex_area_min": 73, "floors_convex_area_max": 28999, "floors_convex_area_std": 13553.179110452278, "level_eccentricity": 0.748773104839232, "floors_eccentricity_mean": 0.7635607532245342, "floors_eccentricity_min": 0.5413614244713526, "floors_eccentricity_max": 0.9935274400808205, "floors_eccentricity_std": 0.18467769276401846, "level_equivalent_diameter": 143.27749711578937, "floors_equivalent_diameter_mean": 57.91541553086278, "floors_equivalent_diameter_min": 9.373021315815206, "floors_equivalent_diameter_max": 141.05642263142926, "floors_equivalent_diameter_std": 59.06452717558857, "level_euler_number": -22, "floors_euler_number_mean": -7.333333333333333, "floors_euler_number_min": -24, "floors_euler_number_max": 1, "floors_euler_number_std": 11.785113019775793, "level_extent": 0.39323431135825954, "floors_extent_mean": 0.6927022474692044, "floors_extent_min": 0.38113704543791616, "floors_extent_max": 1.0, "floors_extent_std": 0.2526677627191584, "level_filled_area": 16765, "floors_filled_area_mean": 5588.333333333333, "floors_filled_area_min": 69, "floors_filled_area_max": 16269, "floors_filled_area_std": 7553.785864643563, "level_major_axis_length": 237.91457966669296, "floors_major_axis_length_mean": 106.27982650424345, "floors_major_axis_length_min": 10.324152896070892, "floors_major_axis_length_max": 238.08805917002343, "floors_major_axis_length_std": 96.37826083900485, "level_minor_axis_length": 157.69606451533502, "floors_minor_axis_length_mean": 57.527641405524655, "floors_minor_axis_length_min": 8.0, "floors_minor_axis_length_max": 155.9024798013541, "floors_minor_axis_length_std": 69.56206999605806, "level_orientation": -1.4560297520869003, "floors_orientation_mean": -0.07181716195064897, "floors_orientation_min": -1.5004821133766066, "floors_orientation_max": 1.5707963267948966, "floors_orientation_std": 1.2629379231858464, "level_perimeter": 2697.829652614022, "floors_perimeter_mean": 899.2765508713406, "floors_perimeter_min": 29.556349186104043, "floors_perimeter_max": 2536.273303427918, "floors_perimeter_std": 1158.286795604786, "level_solidity": 0.5286922875131165, "floors_solidity_mean": 0.8280287101696627, "floors_solidity_min": 0.538880651056933, "floors_solidity_max": 1.0, "floors_solidity_std": 0.20567864892758272, "level_hu_moment_0": 0.31581977602494843, "level_hu_moment_1": 0.015133992022204432, "level_hu_moment_2": 0.006585520677924282, "level_hu_moment_3": 9.650918994883446e-05, "level_hu_moment_4": 1.6985798922126633e-08, "level_hu_moment_5": 8.769602419827266e-06, "level_hu_moment_6": 7.504088209669151e-08, "level_centroid_x": 85.06078273274204, "level_centroid_y": 110.7990448427712, "number_of_artifacts": 16, "number_of_powerups": 20, "number_of_weapons": 8, "number_of_ammunitions": 65, "number_of_keys": 0, "number_of_monsters": 255, "number_of_obstacles": 54, "number_of_decorations": 80, "walkable_area": 13358, "walkable_percentage": 0.8285058611920858, "start_location_x_px": 9, "start_location_y_px": 26, "artifacts_per_walkable_area": 0.0011977840994160803, "powerups_per_walkable_area": 0.0014972301242701003, "weapons_per_walkable_area": 0.0005988920497080402, "ammunitions_per_walkable_area": 0.004865997903877826, "keys_per_walkable_area": 0.0, "monsters_per_walkable_area": 0.019089684084443777, "obstacles_per_walkable_area": 0.0040425213355292705, "decorations_per_walkable_area": 0.005988920497080401, "nodes": 133, "avg-path-length": 7.782346006483937, "diameter-mean": 20.0, "art-points": 73, "assortativity-mean": 0, "betw-cen": NaN, "closn-cen": NaN, "distmap-max": 35.6931365951495, "distmap-mean": -Infinity, "distmap-var": 0.0, "distmap-skew": 0, "distmap-kurt": 0.0, "distmap-Q1": 0.004626416840157298, "distmap-Q2": 0.0263705759888966, "distmap-Q3": 0.07147814018043026, "path_wallmap": "NeoDoom_MAP20_wallmap.png", "path_heightmap": "NeoDoom_MAP20_heightmap.png", "path_triggermap": "NeoDoom_MAP20_triggermap.png", "path_thingsmap": "NeoDoom_MAP20_thingsmap.png", "path_floormap": "NeoDoom_MAP20_floormap.png", "path_roommap": "NeoDoom_MAP20_roommap.png", "slot": "MAP20", "path_json": "NeoDoom_MAP20.json"}