{"number_of_lines": 953, "number_of_things": 493, "number_of_sectors": 155, "number_of_subsectors": 758, "number_of_vertices": 1098, "x_max": 5248, "y_max": 6472, "x_min": -640, "y_min": -640, "height": 7113, "width": 5889, "aspect_ratio": 1.2078451349974528, "floor_height_max": 504.0, "floor_height_min": 0.0, "floor_height_avg": 82.03870967741935, "ceiling_height_max": 640.0, "ceiling_height_min": 0.0, "ceiling_height_avg": 203.40645161290323, "room_height_max": 448.0, "room_height_min": 0.0, "room_height_avg": 121.36774193548388, "sector_area_max": 5206400.0, "sector_area_min": 64.0, "sector_area_avg": 117847.12258064515, "lines_per_sector_max": 225.0, "lines_per_sector_min": 3.0, "lines_per_sector_avg": 10.167741935483871, "sector_aspect_ratio_max": 24.529411764705884, "sector_aspect_ratio_min": 1.0, "sector_aspect_ratio_avg": 5.187215084930977, "floors": 3, "level_area": 17752, "floors_area_mean": 5917.333333333333, "floors_area_min": 10, "floors_area_max": 17718, "floors_area_std": 8344.333379938482, "level_bbox_area": 41255, "level_convex_area": 31419, "floors_convex_area_mean": 10397.0, "floors_convex_area_min": 10, "floors_convex_area_max": 31157, "floors_convex_area_std": 14679.53789009268, "level_eccentricity": 0.7393389439456735, "floors_eccentricity_mean": 0.8115262880108515, "floors_eccentricity_min": 0.7432355713206148, "floors_eccentricity_max": 0.9354143466934853, "floors_eccentricity_std": 0.08775522302943467, "level_equivalent_diameter": 150.34143939093642, "floors_equivalent_diameter_mean": 53.09785074994326, "floors_equivalent_diameter_min": 3.5682482323055424, "floors_equivalent_diameter_max": 150.1973976259829, "floors_equivalent_diameter_std": 68.66440886744955, "level_euler_number": -18, "floors_euler_number_mean": -6.0, "floors_euler_number_min": -20, "floors_euler_number_max": 1, "floors_euler_number_std": 9.899494936611665, "level_extent": 0.43029935765361776, "floors_extent_mean": 0.8098250717084797, "floors_extent_min": 0.42947521512543935, "floors_extent_max": 1.0, "floors_extent_std": 0.2689479628131987, "level_filled_area": 19959, "floors_filled_area_mean": 6653.0, "floors_filled_area_min": 10, "floors_filled_area_max": 19925, "floors_filled_area_std": 9384.722940325231, "level_major_axis_length": 230.07683252568938, "floors_major_axis_length_mean": 80.91784141928277, "floors_major_axis_length_min": 5.656854249492381, "floors_major_axis_length_max": 230.2653694977162, "floors_major_axis_length_std": 105.6057382858808, "level_minor_axis_length": 154.91842588500452, "floors_minor_axis_length_mean": 53.50884405420293, "floors_minor_axis_length_min": 2.0, "floors_minor_axis_length_max": 154.05439620760922, "floors_minor_axis_length_std": 71.10360472540525, "level_orientation": 1.4352359638895757, "floors_orientation_mean": 0.479186606351307, "floors_orientation_min": 0.0, "floors_orientation_max": 1.437559819053921, "floors_orientation_std": 0.6776721976095558, "level_perimeter": 2013.3889603929563, "floors_perimeter_mean": 671.1296534643187, "floors_perimeter_min": 10.0, "floors_perimeter_max": 1987.3889603929563, "floors_perimeter_std": 930.7391049795473, "level_solidity": 0.565008434386836, "floors_solidity_mean": 0.8562227856768411, "floors_solidity_min": 0.5686683570305229, "floors_solidity_max": 1.0, "floors_solidity_std": 0.20333168645603475, "level_hu_moment_0": 0.27086760486051487, "level_hu_moment_1": 0.01037842250356123, "level_hu_moment_2": 0.0025935647130388576, "level_hu_moment_3": 0.00025859398819039013, "level_hu_moment_4": -1.3221941435870998e-07, "level_hu_moment_5": 1.5332480858414632e-05, "level_hu_moment_6": -1.6542969765909516e-07, "level_centroid_x": 116.22763632266786, "level_centroid_y": 110.79698062190175, "number_of_artifacts": 22, "number_of_powerups": 20, "number_of_weapons": 13, "number_of_ammunitions": 65, "number_of_keys": 1, "number_of_monsters": 157, "number_of_obstacles": 16, "number_of_decorations": 94, "walkable_area": 16324, "walkable_percentage": 0.919558359621451, "start_location_x_px": 16, "start_location_y_px": 74, "artifacts_per_walkable_area": 0.0013477088948787063, "powerups_per_walkable_area": 0.0012251899044351876, "weapons_per_walkable_area": 0.0007963734378828718, "ammunitions_per_walkable_area": 0.003981867189414359, "keys_per_walkable_area": 6.125949522175937e-05, "monsters_per_walkable_area": 0.009617740749816221, "obstacles_per_walkable_area": 0.00098015192354815, "decorations_per_walkable_area": 0.005758392550845381, "nodes": 102, "avg-path-length": 4.156883371905463, "diameter-mean": 10.333333333333334, "art-points": 26, "assortativity-mean": -0.02373887240356035, "betw-cen": NaN, "closn-cen": NaN, "distmap-max": 41.0, "distmap-mean": -Infinity, "distmap-var": 0.0, "distmap-skew": 0, "distmap-kurt": 0.0, "distmap-Q1": 0.019009900990099013, "distmap-Q2": 0.05584158415841584, "distmap-Q3": 0.12915841584158416, "path_wallmap": "NeoDoom_MAP10_wallmap.png", "path_heightmap": "NeoDoom_MAP10_heightmap.png", "path_triggermap": "NeoDoom_MAP10_triggermap.png", "path_thingsmap": "NeoDoom_MAP10_thingsmap.png", "path_floormap": "NeoDoom_MAP10_floormap.png", "path_roommap": "NeoDoom_MAP10_roommap.png", "slot": "MAP10", "path_json": "NeoDoom_MAP10.json"}