{"number_of_lines": 1805, "number_of_things": 420, "number_of_sectors": 328, "number_of_subsectors": 1314, "number_of_vertices": 1930, "x_max": 13568, "y_max": 6720, "x_min": -4296, "y_min": -1728, "height": 8449, "width": 17865, "aspect_ratio": 2.114451414368564, "floor_height_max": 448.0, "floor_height_min": -64.0, "floor_height_avg": 133.6829268292683, "ceiling_height_max": 528.0, "ceiling_height_min": 0.0, "ceiling_height_avg": 326.2621951219512, "room_height_max": 592.0, "room_height_min": 0.0, "room_height_avg": 192.57926829268294, "sector_area_max": 27091456.0, "sector_area_min": 36.0, "sector_area_avg": 211624.48780487804, "lines_per_sector_max": 113.0, "lines_per_sector_min": 3.0, "lines_per_sector_avg": 9.045731707317072, "sector_aspect_ratio_max": 30.176470588235293, "sector_aspect_ratio_min": 1.0, "sector_aspect_ratio_avg": 4.85552665509679, "floors": 3, "level_area": 66792, "floors_area_mean": 22264.0, "floors_area_min": 4, "floors_area_max": 65717, "floors_area_std": 30728.998562704033, "level_bbox_area": 148135, "level_convex_area": 114614, "floors_convex_area_mean": 34626.666666666664, "floors_convex_area_min": 4, "floors_convex_area_max": 102805, "floors_convex_area_std": 48211.32974957466, "level_eccentricity": 0.9235413084116828, "floors_eccentricity_mean": 0.6309639368190864, "floors_eccentricity_min": 0.0, "floors_eccentricity_max": 0.9630261444211728, "floors_eccentricity_std": 0.446364217133917, "level_equivalent_diameter": 291.6199850352355, "floors_equivalent_diameter_mean": 109.48264673415514, "floors_equivalent_diameter_min": 2.256758334191025, "floors_equivalent_diameter_max": 289.2636913982823, "floors_equivalent_diameter_std": 127.90994991816646, "level_euler_number": 2, "floors_euler_number_mean": 0.6666666666666666, "floors_euler_number_min": 0, "floors_euler_number_max": 1, "floors_euler_number_std": 0.4714045207910317, "level_extent": 0.45088601613393187, "floors_extent_mean": 0.8473766705164164, "floors_extent_min": 0.5421300115492493, "floors_extent_max": 1.0, "floors_extent_std": 0.21584198249022132, "level_filled_area": 66864, "floors_filled_area_mean": 22288.0, "floors_filled_area_min": 4, "floors_filled_area_max": 65789, "floors_filled_area_std": 30762.936281614384, "level_major_axis_length": 547.1034845919387, "floors_major_axis_length_mean": 208.45593182363135, "floors_major_axis_length_min": 2.0, "floors_major_axis_length_max": 550.6308264203028, "floors_major_axis_length_std": 243.67146402044222, "level_minor_axis_length": 209.81361687986077, "floors_minor_axis_length_mean": 74.72419158885731, "floors_minor_axis_length_min": 2.0, "floors_minor_axis_length_max": 202.5766568243065, "floors_minor_axis_length_std": 90.6902925056629, "level_orientation": -0.09862184842040451, "floors_orientation_mean": 0.7548540278175367, "floors_orientation_min": -0.09163240673973465, "floors_orientation_max": 1.5707963267948966, "floors_orientation_std": 0.6790272609569921, "level_perimeter": 2033.638743755012, "floors_perimeter_mean": 677.8795812516706, "floors_perimeter_min": 4.0, "floors_perimeter_max": 1873.638743755012, "floors_perimeter_std": 847.803428880783, "level_solidity": 0.582756033294362, "floors_solidity_mean": 0.8797464455360472, "floors_solidity_min": 0.6392393366081416, "floors_solidity_max": 1.0, "floors_solidity_std": 0.17006420764649371, "level_hu_moment_0": 0.3212809699148576, "level_hu_moment_1": 0.05707085302951675, "level_hu_moment_2": 0.006293620847101768, "level_hu_moment_3": 0.005031849231146918, "level_hu_moment_4": 2.815485899510572e-05, "level_hu_moment_5": 0.001158942945706979, "level_hu_moment_6": 3.0225832164314724e-06, "level_centroid_x": 350.68223739369984, "level_centroid_y": 111.19930530602467, "number_of_artifacts": 13, "number_of_powerups": 15, "number_of_weapons": 10, "number_of_ammunitions": 50, "number_of_keys": 2, "number_of_monsters": 176, "number_of_obstacles": 32, "number_of_decorations": 51, "walkable_area": 64507, "walkable_percentage": 0.9657893160857588, "start_location_x_px": 72, "start_location_y_px": 183, "artifacts_per_walkable_area": 0.00020152851628505434, "powerups_per_walkable_area": 0.00023253290340583192, "weapons_per_walkable_area": 0.00015502193560388796, "ammunitions_per_walkable_area": 0.0007751096780194397, "keys_per_walkable_area": 3.100438712077759e-05, "monsters_per_walkable_area": 0.0027283860666284278, "obstacles_per_walkable_area": 0.0004960701939324414, "decorations_per_walkable_area": 0.0007906118715798286, "nodes": 59, "avg-path-length": 7.818383167220377, "diameter-mean": 20.0, "art-points": 41, "assortativity-mean": 0.11620294599018008, "betw-cen": NaN, "closn-cen": NaN, "distmap-max": 100.42410069301094, "distmap-mean": -Infinity, "distmap-var": 0.0, "distmap-skew": 0, "distmap-kurt": 0.0, "distmap-Q1": 0.024803387779794316, "distmap-Q2": 0.048396854204476716, "distmap-Q3": 0.13944343617664853, "path_wallmap": "NeoDoom_MAP31_wallmap.png", "path_heightmap": "NeoDoom_MAP31_heightmap.png", "path_triggermap": "NeoDoom_MAP31_triggermap.png", "path_thingsmap": "NeoDoom_MAP31_thingsmap.png", "path_floormap": "NeoDoom_MAP31_floormap.png", "path_roommap": "NeoDoom_MAP31_roommap.png", "slot": "MAP31", "path_json": "NeoDoom_MAP31.json"}