{"number_of_lines": 1650, "number_of_things": 525, "number_of_sectors": 233, "number_of_subsectors": 1268, "number_of_vertices": 1813, "x_max": 6720, "y_max": 7744, "x_min": -3152, "y_min": -3392, "height": 11137, "width": 9873, "aspect_ratio": 1.128025929302137, "floor_height_max": 640.0, "floor_height_min": -384.0, "floor_height_avg": 43.21459227467811, "ceiling_height_max": 896.0, "ceiling_height_min": -384.0, "ceiling_height_avg": 352.57081545064375, "room_height_max": 1024.0, "room_height_min": 0.0, "room_height_avg": 309.3562231759657, "sector_area_max": 39922944.0, "sector_area_min": 62.0, "sector_area_avg": 771801.407725322, "lines_per_sector_max": 221.0, "lines_per_sector_min": 3.0, "lines_per_sector_avg": 11.592274678111588, "sector_aspect_ratio_max": 30.176470588235293, "sector_aspect_ratio_min": 1.0, "sector_aspect_ratio_avg": 5.298699925197259, "floors": 4, "level_area": 55173, "floors_area_mean": 13793.25, "floors_area_min": 3, "floors_area_max": 54434, "floors_area_std": 23465.832729470734, "level_bbox_area": 107841, "level_convex_area": 77106, "floors_convex_area_mean": 17633.75, "floors_convex_area_min": 3, "floors_convex_area_max": 69776, "floors_convex_area_std": 30105.892898027454, "level_eccentricity": 0.6782701237797878, "floors_eccentricity_mean": 0.6005318394337922, "floors_eccentricity_min": 0.0, "floors_eccentricity_max": 0.9186342103808753, "floors_eccentricity_std": 0.3580802766415149, "level_equivalent_diameter": 265.04423291532515, "floors_equivalent_diameter_mean": 74.5008115435728, "floors_equivalent_diameter_min": 1.9544100476116797, "floors_equivalent_diameter_max": 263.2632169105928, "floors_equivalent_diameter_std": 109.59808588550865, "level_euler_number": 2, "floors_euler_number_mean": 0.5, "floors_euler_number_min": -1, "floors_euler_number_max": 1, "floors_euler_number_std": 0.8660254037844386, "level_extent": 0.5116143210838179, "floors_extent_mean": 0.8222184623131037, "floors_extent_min": 0.5931374151438876, "floors_extent_max": 1.0, "floors_extent_std": 0.161676062676101, "level_filled_area": 55390, "floors_filled_area_mean": 13847.5, "floors_filled_area_min": 3, "floors_filled_area_max": 54651, "floors_filled_area_std": 23559.78896870683, "level_major_axis_length": 343.9869670695852, "floors_major_axis_length_mean": 97.66412096383547, "floors_major_axis_length_min": 2.0, "floors_major_axis_length_max": 336.67101030152094, "floors_major_axis_length_std": 139.3478494568285, "level_minor_axis_length": 252.7659768479462, "floors_minor_axis_length_mean": 68.45029239756353, "floors_minor_axis_length_min": 1.3333333333333333, "floors_minor_axis_length_max": 250.84036881039904, "floors_minor_axis_length_std": 105.5582016754635, "level_orientation": 0.967152092061802, "floors_orientation_mean": 0.6176966105683803, "floors_orientation_min": -0.7853981633974483, "floors_orientation_max": 1.5690982735136751, "floors_orientation_std": 0.863512461538713, "level_perimeter": 1874.288455329568, "floors_perimeter_mean": 468.572113832392, "floors_perimeter_min": 3.414213562373095, "floors_perimeter_max": 1750.0458146424487, "floors_perimeter_std": 741.2991279066803, "level_solidity": 0.715547428215703, "floors_solidity_mean": 0.9383823066639996, "floors_solidity_min": 0.7801249713368493, "floors_solidity_max": 1.0, "floors_solidity_std": 0.0920127726684627, "level_hu_moment_0": 0.20641626403044555, "level_hu_moment_1": 0.00380264288165079, "level_hu_moment_2": 0.0007496595334635845, "level_hu_moment_3": 0.00020381679185355446, "level_hu_moment_4": 7.938774272016675e-08, "level_hu_moment_5": 1.215020380357633e-05, "level_hu_moment_6": -6.694188799417872e-09, "level_centroid_x": 161.52529316876007, "level_centroid_y": 214.49241476809308, "number_of_artifacts": 19, "number_of_powerups": 21, "number_of_weapons": 12, "number_of_ammunitions": 55, "number_of_keys": 1, "number_of_monsters": 236, "number_of_obstacles": 53, "number_of_decorations": 33, "walkable_area": 52859, "walkable_percentage": 0.9580591956210466, "start_location_x_px": 17, "start_location_y_px": 118, "artifacts_per_walkable_area": 0.0003594468302465049, "powerups_per_walkable_area": 0.0003972833386935054, "weapons_per_walkable_area": 0.00022701905068200307, "ammunitions_per_walkable_area": 0.001040503982292514, "keys_per_walkable_area": 1.8918254223500257e-05, "monsters_per_walkable_area": 0.00446470799674606, "obstacles_per_walkable_area": 0.0010026674738455134, "decorations_per_walkable_area": 0.0006243023893755085, "nodes": 48, "avg-path-length": 6.06031746031746, "diameter-mean": 16.0, "art-points": 27, "assortativity-mean": 0, "betw-cen": NaN, "closn-cen": NaN, "distmap-max": 80.4114419718985, "distmap-mean": -Infinity, "distmap-var": 0.0, "distmap-skew": 0, "distmap-kurt": 0.0, "distmap-Q1": 0.013991674375578168, "distmap-Q2": 0.058279370952821465, "distmap-Q3": 0.1836262719703978, "path_wallmap": "NeoDoom_MAP23_wallmap.png", "path_heightmap": "NeoDoom_MAP23_heightmap.png", "path_triggermap": "NeoDoom_MAP23_triggermap.png", "path_thingsmap": "NeoDoom_MAP23_thingsmap.png", "path_floormap": "NeoDoom_MAP23_floormap.png", "path_roommap": "NeoDoom_MAP23_roommap.png", "slot": "MAP23", "path_json": "NeoDoom_MAP23.json"}