{"number_of_lines": 1240, "number_of_things": 418, "number_of_sectors": 217, "number_of_subsectors": 782, "number_of_vertices": 1271, "x_max": 7424, "y_max": 4992, "x_min": 112, "y_min": -2344, "height": 7337, "width": 7313, "aspect_ratio": 1.0032818268836319, "floor_height_max": 1024.0, "floor_height_min": -768.0, "floor_height_avg": 47.3778801843318, "ceiling_height_max": 1024.0, "ceiling_height_min": -752.0, "ceiling_height_avg": 317.04608294930875, "room_height_max": 1792.0, "room_height_min": 0.0, "room_height_avg": 269.66820276497697, "sector_area_max": 17056640.0, "sector_area_min": 64.0, "sector_area_avg": 126075.133640553, "lines_per_sector_max": 175.0, "lines_per_sector_min": 3.0, "lines_per_sector_avg": 8.331797235023041, "sector_aspect_ratio_max": 35.666666666666664, "sector_aspect_ratio_min": 1.0, "sector_aspect_ratio_avg": 3.1407447996874183, "floors": 2, "level_area": 26031, "floors_area_mean": 13015.5, "floors_area_min": 231, "floors_area_max": 25800, "floors_area_std": 12784.5, "level_bbox_area": 52670, "level_convex_area": 35776, "floors_convex_area_mean": 16501.0, "floors_convex_area_min": 231, "floors_convex_area_max": 32771, "floors_convex_area_std": 16270.0, "level_eccentricity": 0.6944540958087873, "floors_eccentricity_mean": 0.8456891103102063, "floors_eccentricity_min": 0.713685859526609, "floors_eccentricity_max": 0.9776923610938036, "floors_eccentricity_std": 0.13200325078359731, "level_equivalent_diameter": 182.0541089593998, "floors_equivalent_diameter_mean": 99.19720510964848, "floors_equivalent_diameter_min": 17.14987856615383, "floors_equivalent_diameter_max": 181.24453165314313, "floors_equivalent_diameter_std": 82.04732654349465, "level_euler_number": 0, "floors_euler_number_mean": 0.0, "floors_euler_number_min": -1, "floors_euler_number_max": 1, "floors_euler_number_std": 1.0, "level_extent": 0.4942282134042149, "floors_extent_mean": 0.7918750141412313, "floors_extent_min": 0.5837500282824626, "floors_extent_max": 1.0, "floors_extent_std": 0.2081249858587687, "level_filled_area": 26671, "floors_filled_area_mean": 13335.5, "floors_filled_area_min": 231, "floors_filled_area_max": 26440, "floors_filled_area_std": 13104.5, "level_major_axis_length": 228.11521066519052, "floors_major_axis_length_mean": 133.30737770781607, "floors_major_axis_length_min": 38.08761828556187, "floors_major_axis_length_max": 228.52713713007026, "floors_major_axis_length_std": 95.2197594222542, "level_minor_axis_length": 164.13733662621567, "floors_minor_axis_length_mean": 84.03773476636279, "floors_minor_axis_length_min": 8.0, "floors_minor_axis_length_max": 160.07546953272558, "floors_minor_axis_length_std": 76.03773476636279, "level_orientation": -0.3774738567626799, "floors_orientation_mean": 0.6093222320213316, "floors_orientation_min": -0.35215186275223326, "floors_orientation_max": 1.5707963267948966, "floors_orientation_std": 0.9614740947735649, "level_perimeter": 1306.3128419472075, "floors_perimeter_mean": 653.1564209736038, "floors_perimeter_min": 76.0, "floors_perimeter_max": 1230.3128419472075, "floors_perimeter_std": 577.1564209736038, "level_solidity": 0.7276106887298748, "floors_solidity_mean": 0.8936407189283208, "floors_solidity_min": 0.7872814378566415, "floors_solidity_max": 1.0, "floors_solidity_std": 0.10635928107167925, "level_hu_moment_0": 0.1896239450356591, "level_hu_moment_1": 0.003630525442326514, "level_hu_moment_2": 0.0006662999186754724, "level_hu_moment_3": 2.961583049009404e-05, "level_hu_moment_4": 2.715302482048442e-09, "level_hu_moment_5": -2.5573750337392675e-07, "level_hu_moment_6": 3.1519705031802733e-09, "level_centroid_x": 116.90737966270984, "level_centroid_y": 100.7817602089816, "number_of_artifacts": 15, "number_of_powerups": 17, "number_of_weapons": 10, "number_of_ammunitions": 48, "number_of_keys": 2, "number_of_monsters": 176, "number_of_obstacles": 38, "number_of_decorations": 29, "walkable_area": 24338, "walkable_percentage": 0.9349621605009412, "start_location_x_px": 1, "start_location_y_px": 106, "artifacts_per_walkable_area": 0.0006163201577779604, "powerups_per_walkable_area": 0.0006984961788150218, "weapons_per_walkable_area": 0.00041088010518530694, "ammunitions_per_walkable_area": 0.0019722245048894734, "keys_per_walkable_area": 8.217602103706138e-05, "monsters_per_walkable_area": 0.007231489851261402, "obstacles_per_walkable_area": 0.0015613443997041663, "decorations_per_walkable_area": 0.0011915523050373901, "nodes": 32, "avg-path-length": 3.1902173913043477, "diameter-mean": 7.0, "art-points": 13, "assortativity-mean": -0.3049645390070922, "betw-cen": NaN, "closn-cen": NaN, "distmap-max": 61.07372593840988, "distmap-mean": -Infinity, "distmap-var": 0.0, "distmap-skew": 0, "distmap-kurt": 0.0, "distmap-Q1": 0.0, "distmap-Q2": 0.023655913978494626, "distmap-Q3": 0.05053763440860215, "path_wallmap": "NeoDoom_MAP24_wallmap.png", "path_heightmap": "NeoDoom_MAP24_heightmap.png", "path_triggermap": "NeoDoom_MAP24_triggermap.png", "path_thingsmap": "NeoDoom_MAP24_thingsmap.png", "path_floormap": "NeoDoom_MAP24_floormap.png", "path_roommap": "NeoDoom_MAP24_roommap.png", "slot": "MAP24", "path_json": "NeoDoom_MAP24.json"}