{"number_of_lines": 7264, "number_of_things": 1810, "number_of_sectors": 1485, "number_of_subsectors": 4687, "number_of_vertices": 7728, "x_max": 5272, "y_max": 5760, "x_min": -3072, "y_min": -1296, "height": 7057, "width": 8345, "aspect_ratio": 1.1825138160691513, "floor_height_max": 288.0, "floor_height_min": -136.0, "floor_height_avg": 57.47744107744108, "ceiling_height_max": 408.0, "ceiling_height_min": -80.0, "ceiling_height_avg": 170.55420875420876, "room_height_max": 384.0, "room_height_min": 0.0, "room_height_avg": 113.07676767676767, "sector_area_max": 2646016.0, "sector_area_min": 16.0, "sector_area_avg": 25803.03872053872, "lines_per_sector_max": 431.0, "lines_per_sector_min": 3.0, "lines_per_sector_avg": 7.443771043771044, "sector_aspect_ratio_max": 106.77777777777777, "sector_aspect_ratio_min": 1.0, "sector_aspect_ratio_avg": 4.477696307661985, "floors": 35, "level_area": 22620, "floors_area_mean": 646.2857142857143, "floors_area_min": 9, "floors_area_max": 2691, "floors_area_std": 674.4162161848285, "level_bbox_area": 57681, "level_convex_area": 50154, "floors_convex_area_mean": 688.9142857142857, "floors_convex_area_min": 9, "floors_convex_area_max": 2734, "floors_convex_area_std": 736.5759536600445, "level_eccentricity": 0.5771581650042168, "floors_eccentricity_mean": 0.8075122223684491, "floors_eccentricity_min": 0.23878472042754395, "floors_eccentricity_max": 1.0, "floors_eccentricity_std": 0.20827304770274999, "level_equivalent_diameter": 169.7076265284191, "floors_equivalent_diameter_mean": 22.681245021847545, "floors_equivalent_diameter_min": 3.385137501286538, "floors_equivalent_diameter_max": 58.534499356211484, "floors_equivalent_diameter_std": 17.562393142305474, "level_euler_number": 26, "floors_euler_number_mean": 0.7428571428571429, "floors_euler_number_min": -2, "floors_euler_number_max": 1, "floors_euler_number_std": 0.6477590885002648, "level_extent": 0.39215686274509803, "floors_extent_mean": 0.8980035805859741, "floors_extent_min": 0.5292553191489362, "floors_extent_max": 1.0, "floors_extent_std": 0.1393521023938091, "level_filled_area": 22685, "floors_filled_area_mean": 648.1428571428571, "floors_filled_area_min": 9, "floors_filled_area_max": 2691, "floors_filled_area_std": 676.6539163035854, "level_major_axis_length": 245.84271615922057, "floors_major_axis_length_mean": 31.134679788928054, "floors_major_axis_length_min": 8.99386192484335, "floors_major_axis_length_max": 84.40183047981239, "floors_major_axis_length_std": 21.51253797127561, "level_minor_axis_length": 200.76312368288552, "floors_minor_axis_length_mean": 18.687344529029254, "floors_minor_axis_length_min": 0.0, "floors_minor_axis_length_max": 46.22404172453442, "floors_minor_axis_length_std": 16.402977602515815, "level_orientation": 0.47211047827770025, "floors_orientation_mean": 0.539063691255595, "floors_orientation_min": -1.5640194695139427, "floors_orientation_max": 1.5707963267948966, "floors_orientation_std": 0.9121135159698431, "level_perimeter": 3218.2508293825817, "floors_perimeter_mean": 91.9500236966452, "floors_perimeter_min": 7.0, "floors_perimeter_max": 417.82337649086287, "floors_perimeter_std": 87.537540209923, "level_solidity": 0.4510108864696734, "floors_solidity_mean": 0.9428833833438605, "floors_solidity_min": 0.65508412582297, "floors_solidity_max": 1.0, "floors_solidity_std": 0.08349470444693358, "level_hu_moment_0": 0.27836116522837284, "level_hu_moment_1": 0.0030944508668384347, "level_hu_moment_2": 0.0004987729653140444, "level_hu_moment_3": 0.00018030911990097638, "level_hu_moment_4": 1.29965865784779e-08, "level_hu_moment_5": 1.0171932470513395e-06, "level_hu_moment_6": 5.248756787529775e-08, "level_centroid_x": 112.14584438549956, "level_centroid_y": 110.76631299734748, "number_of_artifacts": 103, "number_of_powerups": 122, "number_of_weapons": 43, "number_of_ammunitions": 286, "number_of_keys": 3, "number_of_monsters": 631, "number_of_obstacles": 137, "number_of_decorations": 222, "walkable_area": 17711, "walkable_percentage": 0.7829796640141468, "start_location_x_px": 45, "start_location_y_px": 63, "artifacts_per_walkable_area": 0.005815594828072949, "powerups_per_walkable_area": 0.006888374456552425, "weapons_per_walkable_area": 0.0024278696855061827, "ammunitions_per_walkable_area": 0.016148156512901586, "keys_per_walkable_area": 0.0001693862571283383, "monsters_per_walkable_area": 0.03562757608266049, "obstacles_per_walkable_area": 0.0077353057421941165, "decorations_per_walkable_area": 0.012534583027497036, "nodes": 131, "avg-path-length": 1.8896554834054833, "diameter-mean": 3.5833333333333335, "art-points": 60, "assortativity-mean": 0.36322653356947265, "betw-cen": NaN, "closn-cen": NaN, "distmap-max": 20.0, "distmap-mean": -Infinity, "distmap-var": 0.0, "distmap-skew": 0, "distmap-kurt": 0.0, "distmap-Q1": 0.0, "distmap-Q2": 0.0002385211687537269, "distmap-Q3": 0.0013118664281454979, "path_wallmap": "NeoDoom_MAP13_wallmap.png", "path_heightmap": "NeoDoom_MAP13_heightmap.png", "path_triggermap": "NeoDoom_MAP13_triggermap.png", "path_thingsmap": "NeoDoom_MAP13_thingsmap.png", "path_floormap": "NeoDoom_MAP13_floormap.png", "path_roommap": "NeoDoom_MAP13_roommap.png", "slot": "MAP13", "path_json": "NeoDoom_MAP13.json"}