{"number_of_lines": 715, "number_of_things": 1444, "number_of_sectors": 99, "number_of_subsectors": 590, "number_of_vertices": 857, "x_max": 9880, "y_max": 5145, "x_min": -7000, "y_min": -4890, "height": 10036, "width": 16881, "aspect_ratio": 1.6820446392985253, "floor_height_max": 256.0, "floor_height_min": -512.0, "floor_height_avg": -147.37373737373738, "ceiling_height_max": 1024.0, "ceiling_height_min": -512.0, "ceiling_height_avg": 416.3636363636364, "room_height_max": 1216.0, "room_height_min": 0.0, "room_height_avg": 563.7373737373738, "sector_area_max": 77117624.5, "sector_area_min": 64.0, "sector_area_avg": 3373954.207070707, "lines_per_sector_max": 90.0, "lines_per_sector_min": 3.0, "lines_per_sector_avg": 12.363636363636363, "sector_aspect_ratio_max": 67.82352941176471, "sector_aspect_ratio_min": 1.0, "sector_aspect_ratio_avg": 6.185019763231979, "floors": 3, "level_area": 82056, "floors_area_mean": 27352.0, "floors_area_min": 7, "floors_area_max": 75981, "floors_area_std": 34474.8087836128, "level_bbox_area": 165792, "level_convex_area": 101859, "floors_convex_area_mean": 27993.333333333332, "floors_convex_area_min": 8, "floors_convex_area_max": 77904, "floors_convex_area_std": 35378.777869728, "level_eccentricity": 0.671171804635059, "floors_eccentricity_mean": 0.7030102366054386, "floors_eccentricity_min": 0.22663057527609193, "floors_eccentricity_max": 0.9742358682832599, "floors_eccentricity_std": 0.33792952958151645, "level_equivalent_diameter": 323.2289344764613, "floors_equivalent_diameter_mean": 133.97232026533632, "floors_equivalent_diameter_min": 2.985410660720923, "floors_equivalent_diameter_max": 311.0337824875658, "floors_equivalent_diameter_std": 129.9117601694255, "level_euler_number": 3, "floors_euler_number_mean": 1.0, "floors_euler_number_min": 1, "floors_euler_number_max": 1, "floors_euler_number_std": 0.0, "level_extent": 0.4949334105385061, "floors_extent_mean": 0.8541455558772437, "floors_extent_min": 0.6874366676317313, "floors_extent_max": 1.0, "floors_extent_std": 0.12845268925442568, "level_filled_area": 82056, "floors_filled_area_mean": 27352.0, "floors_filled_area_min": 7, "floors_filled_area_max": 75981, "floors_filled_area_std": 34474.8087836128, "level_major_axis_length": 399.51724282788973, "floors_major_axis_length_mean": 169.94341764414457, "floors_major_axis_length_min": 4.71459177171839, "floors_major_axis_length_max": 315.7482933277119, "floors_major_axis_length_std": 127.7196363305454, "level_minor_axis_length": 296.162864707377, "floors_minor_axis_length_mean": 117.40489323779866, "floors_minor_axis_length_min": 1.9735940326311023, "floors_minor_axis_length_max": 307.5327726726396, "floors_minor_axis_length_std": 135.4653393216513, "level_orientation": -0.016207692516836122, "floors_orientation_mean": -0.5101004393961123, "floors_orientation_min": -1.5351425944022514, "floors_orientation_max": 0.0048412762139148, "floors_orientation_std": 0.7248169535101338, "level_perimeter": 1498.247870789752, "floors_perimeter_mean": 499.4159569299173, "floors_perimeter_min": 7.207106781186548, "floors_perimeter_max": 1093.0407640085655, "floors_perimeter_std": 449.05276603977137, "level_solidity": 0.8055841899095809, "floors_solidity_mean": 0.950105257753132, "floors_solidity_min": 0.875, "floors_solidity_max": 1.0, "floors_solidity_std": 0.05405508035987422, "level_hu_moment_0": 0.1883823773920243, "level_hu_moment_1": 0.0029992749234646877, "level_hu_moment_2": 0.0014722619568846213, "level_hu_moment_3": 0.0005172714590107409, "level_hu_moment_4": 4.5140313927514127e-07, "level_hu_moment_5": 2.8328687127269875e-05, "level_hu_moment_6": -2.3217829543581155e-09, "level_centroid_x": 220.69249049429658, "level_centroid_y": 156.13728429365312, "number_of_artifacts": 21, "number_of_powerups": 6, "number_of_weapons": 11, "number_of_ammunitions": 140, "number_of_keys": 1, "number_of_monsters": 1096, "number_of_obstacles": 12, "number_of_decorations": 7, "walkable_area": 80476, "walkable_percentage": 0.9807448571707127, "start_location_x_px": 49, "start_location_y_px": 152, "artifacts_per_walkable_area": 0.0002609473631890253, "powerups_per_walkable_area": 7.455638948257866e-05, "weapons_per_walkable_area": 0.0001366867140513942, "ammunitions_per_walkable_area": 0.0017396490879268353, "keys_per_walkable_area": 1.242606491376311e-05, "monsters_per_walkable_area": 0.013618967145484369, "obstacles_per_walkable_area": 0.00014911277896515732, "decorations_per_walkable_area": 8.698245439634176e-05, "nodes": 50, "avg-path-length": 8.666666666666668, "diameter-mean": 24.0, "art-points": 46, "assortativity-mean": -0.04347826086955917, "betw-cen": NaN, "closn-cen": NaN, "distmap-max": 149.68299836654796, "distmap-mean": -Infinity, "distmap-var": 0.0, "distmap-skew": 0, "distmap-kurt": 0.0, "distmap-Q1": 0.11245748299319727, "distmap-Q2": 0.2784863945578231, "distmap-Q3": 0.3781887755102041, "path_wallmap": "NeoDoom_MAP29_wallmap.png", "path_heightmap": "NeoDoom_MAP29_heightmap.png", "path_triggermap": "NeoDoom_MAP29_triggermap.png", "path_thingsmap": "NeoDoom_MAP29_thingsmap.png", "path_floormap": "NeoDoom_MAP29_floormap.png", "path_roommap": "NeoDoom_MAP29_roommap.png", "slot": "MAP29", "path_json": "NeoDoom_MAP29.json"}