{"number_of_lines": 2932, "number_of_things": 700, "number_of_sectors": 505, "number_of_subsectors": 1709, "number_of_vertices": 2995, "x_max": 8896, "y_max": 6336, "x_min": 192, "y_min": -6560, "height": 12897, "width": 8705, "aspect_ratio": 1.4815623205054567, "floor_height_max": 576.0, "floor_height_min": -8.0, "floor_height_avg": 134.82376237623762, "ceiling_height_max": 769.0, "ceiling_height_min": 0.0, "ceiling_height_avg": 430.5920792079208, "room_height_max": 776.0, "room_height_min": 0.0, "room_height_avg": 295.7683168316832, "sector_area_max": 48791552.0, "sector_area_min": 32.0, "sector_area_avg": 299066.7722772277, "lines_per_sector_max": 234.0, "lines_per_sector_min": 3.0, "lines_per_sector_avg": 8.780198019801981, "sector_aspect_ratio_max": 192.2, "sector_aspect_ratio_min": 1.0, "sector_aspect_ratio_avg": 6.61793986113699, "floors": 2, "level_area": 62583, "floors_area_mean": 31291.5, "floors_area_min": 3, "floors_area_max": 62580, "floors_area_std": 31288.5, "level_bbox_area": 110292, "level_convex_area": 81122, "floors_convex_area_mean": 40562.5, "floors_convex_area_min": 3, "floors_convex_area_max": 81122, "floors_convex_area_std": 40559.5, "level_eccentricity": 0.6038869056648537, "floors_eccentricity_mean": 0.8019126744465619, "floors_eccentricity_min": 0.6038253488931238, "floors_eccentricity_max": 1.0, "floors_eccentricity_std": 0.1980873255534381, "level_equivalent_diameter": 282.2820405696414, "floors_equivalent_diameter_mean": 142.11484237607849, "floors_equivalent_diameter_min": 1.9544100476116797, "floors_equivalent_diameter_max": 282.27527470454527, "floors_equivalent_diameter_std": 140.16043232846678, "level_euler_number": -8, "floors_euler_number_mean": -4.0, "floors_euler_number_min": -9, "floors_euler_number_max": 1, "floors_euler_number_std": 5.0, "level_extent": 0.5674300946578175, "floors_extent_mean": 0.7837014470677837, "floors_extent_min": 0.5674028941355674, "floors_extent_max": 1.0, "floors_extent_std": 0.21629855293221628, "level_filled_area": 62719, "floors_filled_area_mean": 31359.5, "floors_filled_area_min": 3, "floors_filled_area_max": 62716, "floors_filled_area_std": 31356.5, "level_major_axis_length": 354.9348012786993, "floors_major_axis_length_mean": 179.0935933458309, "floors_major_axis_length_min": 3.265986323710904, "floors_major_axis_length_max": 354.9212003679509, "floors_major_axis_length_std": 175.82760702212, "level_minor_axis_length": 282.9078865675493, "floors_minor_axis_length_mean": 141.45679849414125, "floors_minor_axis_length_min": 0.0, "floors_minor_axis_length_max": 282.9135969882825, "floors_minor_axis_length_std": 141.45679849414125, "level_orientation": 1.4561765860785307, "floors_orientation_mean": 0.7280547466136627, "floors_orientation_min": 0.0, "floors_orientation_max": 1.4561094932273253, "floors_orientation_std": 0.7280547466136627, "level_perimeter": 2239.553390593274, "floors_perimeter_mean": 1119.776695296637, "floors_perimeter_min": 1.0, "floors_perimeter_max": 2238.553390593274, "floors_perimeter_std": 1118.776695296637, "level_solidity": 0.7714676659845665, "floors_solidity_mean": 0.8857153423239073, "floors_solidity_min": 0.7714306846478144, "floors_solidity_max": 1.0, "floors_solidity_std": 0.1142846576760928, "level_hu_moment_0": 0.20574235958733517, "level_hu_moment_1": 0.002105057996648116, "level_hu_moment_2": 0.0045962978157779244, "level_hu_moment_3": 0.0007103807848943473, "level_hu_moment_4": 1.2755614260605918e-06, "level_hu_moment_5": 3.1739689267131336e-05, "level_hu_moment_6": -1.4372489108815413e-07, "level_centroid_x": 133.45760030679259, "level_centroid_y": 276.3129124522634, "number_of_artifacts": 22, "number_of_powerups": 42, "number_of_weapons": 20, "number_of_ammunitions": 147, "number_of_keys": 2, "number_of_monsters": 343, "number_of_obstacles": 22, "number_of_decorations": 34, "walkable_area": 57678, "walkable_percentage": 0.9216240832174871, "start_location_x_px": 77, "start_location_y_px": 166, "artifacts_per_walkable_area": 0.00038142792745934326, "powerups_per_walkable_area": 0.0007281805887860189, "weapons_per_walkable_area": 0.0003467526613266757, "ammunitions_per_walkable_area": 0.0025486320607510664, "keys_per_walkable_area": 3.467526613266757e-05, "monsters_per_walkable_area": 0.005946808141752488, "obstacles_per_walkable_area": 0.00038142792745934326, "decorations_per_walkable_area": 0.0005894795242553486, "nodes": 64, "avg-path-length": 10.22420634920635, "diameter-mean": 29.0, "art-points": 39, "assortativity-mean": 0.06638246041412826, "betw-cen": NaN, "closn-cen": NaN, "distmap-max": 88.2779700718135, "distmap-mean": -Infinity, "distmap-var": 0.0, "distmap-skew": 0, "distmap-kurt": 0.0, "distmap-Q1": 0.014784946236559139, "distmap-Q2": 0.06246799795186892, "distmap-Q3": 0.2069252432155658, "path_wallmap": "NeoDoom_MAP12_wallmap.png", "path_heightmap": "NeoDoom_MAP12_heightmap.png", "path_triggermap": "NeoDoom_MAP12_triggermap.png", "path_thingsmap": "NeoDoom_MAP12_thingsmap.png", "path_floormap": "NeoDoom_MAP12_floormap.png", "path_roommap": "NeoDoom_MAP12_roommap.png", "slot": "MAP12", "path_json": "NeoDoom_MAP12.json"}