{"number_of_lines": 1851, "number_of_things": 571, "number_of_sectors": 357, "number_of_subsectors": 1047, "number_of_vertices": 1847, "x_max": 2064, "y_max": 3584, "x_min": -4416, "y_min": -1088, "height": 4673, "width": 6481, "aspect_ratio": 1.3869034881232614, "floor_height_max": 328.0, "floor_height_min": -160.0, "floor_height_avg": -56.99719887955182, "ceiling_height_max": 416.0, "ceiling_height_min": -128.0, "ceiling_height_avg": 63.57142857142857, "room_height_max": 304.0, "room_height_min": 0.0, "room_height_avg": 120.56862745098039, "sector_area_max": 2118144.0, "sector_area_min": 32.0, "sector_area_avg": 34823.252100840335, "lines_per_sector_max": 106.0, "lines_per_sector_min": 3.0, "lines_per_sector_avg": 7.733893557422969, "sector_aspect_ratio_max": 18.88235294117647, "sector_aspect_ratio_min": 1.0, "sector_aspect_ratio_avg": 3.2774506963523695, "floors": 13, "level_area": 12442, "floors_area_mean": 957.0769230769231, "floors_area_min": 2, "floors_area_max": 11819, "floors_area_std": 3136.490774527836, "level_bbox_area": 29841, "level_convex_area": 21589, "floors_convex_area_mean": 1558.3846153846155, "floors_convex_area_min": 2, "floors_convex_area_max": 19553, "floors_convex_area_std": 5195.25272263737, "level_eccentricity": 0.6992275376802171, "floors_eccentricity_mean": 0.7166165503912042, "floors_eccentricity_min": 0.0, "floors_eccentricity_max": 1.0, "floors_eccentricity_std": 0.3210471646315772, "level_equivalent_diameter": 125.86360242578033, "floors_equivalent_diameter_mean": 15.45260871541093, "floors_equivalent_diameter_min": 1.5957691216057308, "floors_equivalent_diameter_max": 122.67199427426331, "floors_equivalent_diameter_std": 31.301838120203072, "level_euler_number": -8, "floors_euler_number_mean": -0.6153846153846154, "floors_euler_number_min": -20, "floors_euler_number_max": 1, "floors_euler_number_std": 5.595856455222527, "level_extent": 0.416943131932576, "floors_extent_mean": 0.8153228601248402, "floors_extent_min": 0.44325682568256825, "floors_extent_max": 1.0, "floors_extent_std": 0.22213108083238925, "level_filled_area": 14516, "floors_filled_area_mean": 1116.7692307692307, "floors_filled_area_min": 2, "floors_filled_area_max": 13895, "floors_filled_area_std": 3689.542668216715, "level_major_axis_length": 182.78076796783256, "floors_major_axis_length_mean": 23.60561383339225, "floors_major_axis_length_min": 2.0, "floors_major_axis_length_max": 183.87036694369607, "floors_major_axis_length_std": 47.225320440215754, "level_minor_axis_length": 130.66982279993235, "floors_minor_axis_length_mean": 13.831189649340162, "floors_minor_axis_length_min": 0.0, "floors_minor_axis_length_max": 125.12043815551277, "floors_minor_axis_length_std": 32.247647709607435, "level_orientation": 0.014475053572912474, "floors_orientation_mean": 0.8798821460339712, "floors_orientation_min": -0.07533273845042303, "floors_orientation_max": 1.5707963267948966, "floors_orientation_std": 0.6153869066819336, "level_perimeter": 2664.8468965567254, "floors_perimeter_mean": 204.98822281205577, "floors_perimeter_min": 0.0, "floors_perimeter_max": 2376.905771059771, "floors_perimeter_std": 627.4337258665619, "level_solidity": 0.5763120107462133, "floors_solidity_mean": 0.905964546541264, "floors_solidity_min": 0.6044596737073595, "floors_solidity_max": 1.0, "floors_solidity_std": 0.13315866337274518, "level_hu_moment_0": 0.25359373357115195, "level_hu_moment_1": 0.006732490149870719, "level_hu_moment_2": 0.00223543494562522, "level_hu_moment_3": 0.0008794667820129537, "level_hu_moment_4": 1.2309588818223385e-06, "level_hu_moment_5": 6.688172087276115e-05, "level_hu_moment_6": 7.320544956179774e-08, "level_centroid_x": 115.93055778813695, "level_centroid_y": 78.52756791512618, "number_of_artifacts": 33, "number_of_powerups": 39, "number_of_weapons": 16, "number_of_ammunitions": 78, "number_of_keys": 2, "number_of_monsters": 317, "number_of_obstacles": 11, "number_of_decorations": 19, "walkable_area": 9920, "walkable_percentage": 0.7972994695386594, "start_location_x_px": 35, "start_location_y_px": 103, "artifacts_per_walkable_area": 0.0033266129032258063, "powerups_per_walkable_area": 0.0039314516129032254, "weapons_per_walkable_area": 0.0016129032258064516, "ammunitions_per_walkable_area": 0.007862903225806451, "keys_per_walkable_area": 0.00020161290322580645, "monsters_per_walkable_area": 0.03195564516129032, "obstacles_per_walkable_area": 0.0011088709677419355, "decorations_per_walkable_area": 0.0019153225806451612, "nodes": 149, "avg-path-length": 3.193364804615788, "diameter-mean": 6.666666666666667, "art-points": 29, "assortativity-mean": 0, "betw-cen": NaN, "closn-cen": NaN, "distmap-max": 19.235384061671343, "distmap-mean": -Infinity, "distmap-var": 0.0, "distmap-skew": 0, "distmap-kurt": 0.0, "distmap-Q1": 0.00045964331678617393, "distmap-Q2": 0.01411104982533554, "distmap-Q3": 0.04807869093583379, "path_wallmap": "NeoDoom_MAP05_wallmap.png", "path_heightmap": "NeoDoom_MAP05_heightmap.png", "path_triggermap": "NeoDoom_MAP05_triggermap.png", "path_thingsmap": "NeoDoom_MAP05_thingsmap.png", "path_floormap": "NeoDoom_MAP05_floormap.png", "path_roommap": "NeoDoom_MAP05_roommap.png", "slot": "MAP05", "path_json": "NeoDoom_MAP05.json"}