{"number_of_lines": 1880, "number_of_things": 683, "number_of_sectors": 349, "number_of_subsectors": 1086, "number_of_vertices": 1892, "x_max": 3888, "y_max": 3552, "x_min": -3088, "y_min": -2464, "height": 6017, "width": 6977, "aspect_ratio": 1.159547947482134, "floor_height_max": 352.0, "floor_height_min": -256.0, "floor_height_avg": 47.550143266475644, "ceiling_height_max": 384.0, "ceiling_height_min": -192.0, "ceiling_height_avg": 177.34097421203438, "room_height_max": 400.0, "room_height_min": 0.0, "room_height_avg": 129.79083094555875, "sector_area_max": 3627520.0, "sector_area_min": 8.0, "sector_area_avg": 46538.95702005731, "lines_per_sector_max": 87.0, "lines_per_sector_min": 3.0, "lines_per_sector_avg": 7.893982808022923, "sector_aspect_ratio_max": 57.0, "sector_aspect_ratio_min": 1.0, "sector_aspect_ratio_avg": 3.719741953828388, "floors": 5, "level_area": 16643, "floors_area_mean": 3328.6, "floors_area_min": 6, "floors_area_max": 16615, "floors_area_std": 6643.200180635835, "level_bbox_area": 41172, "level_convex_area": 29058, "floors_convex_area_mean": 5798.0, "floors_convex_area_min": 6, "floors_convex_area_max": 28962, "floors_convex_area_std": 11582.000103609049, "level_eccentricity": 0.7858262343036517, "floors_eccentricity_mean": 0.8186150982049234, "floors_eccentricity_min": 0.7859528992048471, "floors_eccentricity_max": 0.9354143466934853, "floors_eccentricity_std": 0.05842698815311758, "level_equivalent_diameter": 145.56965941784475, "floors_equivalent_diameter_mean": 31.461452658927577, "floors_equivalent_diameter_min": 2.763953195770684, "floors_equivalent_diameter_max": 145.4471554750203, "floors_equivalent_diameter_std": 56.99370268016916, "level_euler_number": -43, "floors_euler_number_mean": -8.6, "floors_euler_number_min": -47, "floors_euler_number_max": 1, "floors_euler_number_std": 19.200000000000003, "level_extent": 0.40423103079762945, "floors_extent_mean": 0.8807101913922082, "floors_extent_min": 0.4035509569610415, "floors_extent_max": 1.0, "floors_extent_std": 0.23857961721558338, "level_filled_area": 19363, "floors_filled_area_mean": 3875.8, "floors_filled_area_min": 6, "floors_filled_area_max": 19351, "floors_filled_area_std": 7737.600155086848, "level_major_axis_length": 223.33614053417756, "floors_major_axis_length_mean": 47.746303372212616, "floors_major_axis_length_min": 3.265986323710904, "floors_major_axis_length_max": 223.276703640438, "floors_major_axis_length_std": 87.77008483530497, "level_minor_axis_length": 138.1216451317252, "floors_minor_axis_length_mean": 29.20978869696642, "floors_minor_axis_length_min": 2.0, "floors_minor_axis_length_max": 138.0489434848321, "floors_minor_axis_length_std": 54.41957739393285, "level_orientation": 0.49325654234117133, "floors_orientation_mean": 1.0413412173549896, "floors_orientation_min": 0.0, "floors_orientation_max": 1.5707963267948966, "floors_orientation_std": 0.6670224955239811, "level_perimeter": 2571.2611101190982, "floors_perimeter_mean": 514.2522220238196, "floors_perimeter_min": 6.0, "floors_perimeter_max": 2543.2611101190982, "floors_perimeter_std": 1014.5056268904622, "level_solidity": 0.5727510496248882, "floors_solidity_mean": 0.9147365513431392, "floors_solidity_min": 0.5736827567156965, "floors_solidity_max": 1.0, "floors_solidity_std": 0.17052689731372145, "level_hu_moment_0": 0.2589550431209673, "level_hu_moment_1": 0.013379470585700166, "level_hu_moment_2": 0.0007725938486746662, "level_hu_moment_3": 0.0004398087706727718, "level_hu_moment_4": 2.5560069520245037e-07, "level_hu_moment_5": 2.9866463235816054e-05, "level_hu_moment_6": -1.9878314881478894e-08, "level_centroid_x": 115.48380700594845, "level_centroid_y": 101.35161929940516, "number_of_artifacts": 37, "number_of_powerups": 65, "number_of_weapons": 18, "number_of_ammunitions": 103, "number_of_keys": 3, "number_of_monsters": 251, "number_of_obstacles": 56, "number_of_decorations": 62, "walkable_area": 13742, "walkable_percentage": 0.8256924833263234, "start_location_x_px": 36, "start_location_y_px": 41, "artifacts_per_walkable_area": 0.0026924756221801778, "powerups_per_walkable_area": 0.004730024741667879, "weapons_per_walkable_area": 0.0013098530053849513, "ammunitions_per_walkable_area": 0.007495269975258332, "keys_per_walkable_area": 0.00021830883423082522, "monsters_per_walkable_area": 0.018265172463979042, "obstacles_per_walkable_area": 0.004075098238975404, "decorations_per_walkable_area": 0.004511715907437055, "nodes": 120, "avg-path-length": 9.443628185907047, "diameter-mean": 28.0, "art-points": 26, "assortativity-mean": 0, "betw-cen": NaN, "closn-cen": NaN, "distmap-max": 24.041630560342615, "distmap-mean": -Infinity, "distmap-var": 0.0, "distmap-skew": 0, "distmap-kurt": 0.0, "distmap-Q1": 0.009252005887100602, "distmap-Q2": 0.0336905948820206, "distmap-Q3": 0.09029577932868064, "path_wallmap": "NeoDoom_MAP06_wallmap.png", "path_heightmap": "NeoDoom_MAP06_heightmap.png", "path_triggermap": "NeoDoom_MAP06_triggermap.png", "path_thingsmap": "NeoDoom_MAP06_thingsmap.png", "path_floormap": "NeoDoom_MAP06_floormap.png", "path_roommap": "NeoDoom_MAP06_roommap.png", "slot": "MAP06", "path_json": "NeoDoom_MAP06.json"}