{"number_of_lines": 939, "number_of_things": 222, "number_of_sectors": 175, "number_of_subsectors": 464, "number_of_vertices": 856, "x_max": 2488, "y_max": 1648, "x_min": -1192, "y_min": -1216, "height": 2865, "width": 3681, "aspect_ratio": 1.2848167539267015, "floor_height_max": 128.0, "floor_height_min": -1024.0, "floor_height_avg": -157.0742857142857, "ceiling_height_max": 512.0, "ceiling_height_min": -1024.0, "ceiling_height_avg": 44.89142857142857, "room_height_max": 1280.0, "room_height_min": 0.0, "room_height_avg": 201.96571428571428, "sector_area_max": 2229088.0, "sector_area_min": 126.0, "sector_area_avg": 43755.84, "lines_per_sector_max": 62.0, "lines_per_sector_min": 4.0, "lines_per_sector_avg": 7.52, "sector_aspect_ratio_max": 22.333333333333332, "sector_aspect_ratio_min": 1.0, "sector_aspect_ratio_avg": 4.258650443613914, "floors": 2, "level_area": 8055, "floors_area_mean": 4027.5, "floors_area_min": 25, "floors_area_max": 8030, "floors_area_std": 4002.5, "level_bbox_area": 10440, "level_convex_area": 9443, "floors_convex_area_mean": 4734.0, "floors_convex_area_min": 25, "floors_convex_area_max": 9443, "floors_convex_area_std": 4709.0, "level_eccentricity": 0.582347496725104, "floors_eccentricity_mean": 0.29086564467190434, "floors_eccentricity_min": 0.0, "floors_eccentricity_max": 0.5817312893438087, "floors_eccentricity_std": 0.29086564467190434, "level_equivalent_diameter": 101.271637356378, "floors_equivalent_diameter_mean": 53.37812728977099, "floors_equivalent_diameter_min": 5.641895835477563, "floors_equivalent_diameter_max": 101.11435874406442, "floors_equivalent_diameter_std": 47.73623145429343, "level_euler_number": -22, "floors_euler_number_mean": -11.0, "floors_euler_number_min": -23, "floors_euler_number_max": 1, "floors_euler_number_std": 12.0, "level_extent": 0.771551724137931, "floors_extent_mean": 0.8845785440613028, "floors_extent_min": 0.7691570881226054, "floors_extent_max": 1.0, "floors_extent_std": 0.11542145593869729, "level_filled_area": 8914, "floors_filled_area_mean": 4469.5, "floors_filled_area_min": 25, "floors_filled_area_max": 8914, "floors_filled_area_std": 4444.5, "level_major_axis_length": 124.24610230075012, "floors_major_axis_length_mean": 65.01353804419189, "floors_major_axis_length_min": 5.656854249492381, "floors_major_axis_length_max": 124.3702218388914, "floors_major_axis_length_std": 59.35668379469951, "level_minor_axis_length": 101.00462254206586, "floors_minor_axis_length_mean": 53.408616963973266, "floors_minor_axis_length_min": 5.656854249492381, "floors_minor_axis_length_max": 101.16037967845415, "floors_minor_axis_length_std": 47.75176271448088, "level_orientation": 0.11184709588587034, "floors_orientation_mean": 0.4484582735915416, "floors_orientation_min": 0.11151838378563492, "floors_orientation_max": 0.7853981633974483, "floors_orientation_std": 0.3369398898059067, "level_perimeter": 1143.9980874276962, "floors_perimeter_mean": 571.9990437138481, "floors_perimeter_min": 16.0, "floors_perimeter_max": 1127.9980874276962, "floors_perimeter_std": 555.9990437138481, "level_solidity": 0.8530128137244519, "floors_solidity_mean": 0.9251826749973525, "floors_solidity_min": 0.850365349994705, "floors_solidity_max": 1.0, "floors_solidity_std": 0.07481732500264748, "level_hu_moment_0": 0.19893721067499737, "level_hu_moment_1": 0.0016500187935840989, "level_hu_moment_2": 0.000296814883050119, "level_hu_moment_3": 3.3244927926312444e-05, "level_hu_moment_4": 2.6453022926180337e-09, "level_hu_moment_5": 1.1919418929524908e-06, "level_hu_moment_6": 1.9769381797588373e-09, "level_centroid_x": 63.17765363128492, "level_centroid_y": 43.914587212911236, "number_of_artifacts": 28, "number_of_powerups": 19, "number_of_weapons": 6, "number_of_ammunitions": 37, "number_of_keys": 1, "number_of_monsters": 76, "number_of_obstacles": 29, "number_of_decorations": 7, "walkable_area": 6768, "walkable_percentage": 0.8402234636871508, "start_location_x_px": 9, "start_location_y_px": 40, "artifacts_per_walkable_area": 0.004137115839243499, "powerups_per_walkable_area": 0.0028073286052009458, "weapons_per_walkable_area": 0.0008865248226950354, "ammunitions_per_walkable_area": 0.005466903073286052, "keys_per_walkable_area": 0.00014775413711583924, "monsters_per_walkable_area": 0.011229314420803783, "obstacles_per_walkable_area": 0.004284869976359338, "decorations_per_walkable_area": 0.0010342789598108747, "nodes": 44, "avg-path-length": 4.338870431893688, "diameter-mean": 9.0, "art-points": 3, "assortativity-mean": 0, "betw-cen": NaN, "closn-cen": NaN, "distmap-max": 27.0, "distmap-mean": -Infinity, "distmap-var": 0.0, "distmap-skew": 0, "distmap-kurt": 0.0, "distmap-Q1": 0.027846552057515517, "distmap-Q2": 0.055186415651531914, "distmap-Q3": 0.10259870097909962, "path_wallmap": "Rebirth1_MAP25_wallmap.png", "path_heightmap": "Rebirth1_MAP25_heightmap.png", "path_triggermap": "Rebirth1_MAP25_triggermap.png", "path_thingsmap": "Rebirth1_MAP25_thingsmap.png", "path_floormap": "Rebirth1_MAP25_floormap.png", "path_roommap": "Rebirth1_MAP25_roommap.png", "slot": "MAP25", "path_json": "Rebirth1_MAP25.json"}