{"number_of_lines": 1238, "number_of_things": 267, "number_of_sectors": 304, "number_of_subsectors": 521, "number_of_vertices": 1010, "x_max": 1888, "y_max": 328, "x_min": -680, "y_min": -2888, "height": 3217, "width": 2569, "aspect_ratio": 1.2522382249902686, "floor_height_max": 64.0, "floor_height_min": -440.0, "floor_height_avg": -159.22368421052633, "ceiling_height_max": 192.0, "ceiling_height_min": -408.0, "ceiling_height_avg": -32.453947368421055, "room_height_max": 432.0, "room_height_min": 0.0, "room_height_avg": 126.76973684210526, "sector_area_max": 147456.0, "sector_area_min": 0.0, "sector_area_avg": 9546.184210526315, "lines_per_sector_max": 40.0, "lines_per_sector_min": 3.0, "lines_per_sector_avg": 5.848684210526316, "sector_aspect_ratio_max": 28.555555555555557, "sector_aspect_ratio_min": 1.0, "sector_aspect_ratio_avg": 4.291791388295737, "floors": 3, "level_area": 3263, "floors_area_mean": 1087.6666666666667, "floors_area_min": 92, "floors_area_max": 2529, "floors_area_std": 1043.6175331775314, "level_bbox_area": 8181, "level_convex_area": 6079, "floors_convex_area_mean": 1607.6666666666667, "floors_convex_area_min": 96, "floors_convex_area_max": 3882, "floors_convex_area_std": 1637.0083146466368, "level_eccentricity": 0.6987537966959914, "floors_eccentricity_mean": 0.6198090501411447, "floors_eccentricity_min": 0.375285645795305, "floors_eccentricity_max": 0.796292622360941, "floors_eccentricity_std": 0.17848208620855974, "level_equivalent_diameter": 64.4560364471074, "floors_equivalent_diameter_mean": 32.05294391330198, "floors_equivalent_diameter_min": 10.823032759612019, "floors_equivalent_diameter_max": 56.74524481077887, "floors_equivalent_diameter_std": 18.906850556901226, "level_euler_number": -7, "floors_euler_number_mean": -2.3333333333333335, "floors_euler_number_min": -7, "floors_euler_number_max": 1, "floors_euler_number_std": 3.39934634239519, "level_extent": 0.39885099621073217, "floors_extent_mean": 0.596973002164062, "floors_extent_min": 0.44415173867228663, "floors_extent_max": 0.696969696969697, "floors_extent_std": 0.10976355285210525, "level_filled_area": 3598, "floors_filled_area_mean": 1199.3333333333333, "floors_filled_area_min": 92, "floors_filled_area_max": 2848, "floors_filled_area_std": 1188.4626858069864, "level_major_axis_length": 98.87273894147029, "floors_major_axis_length_mean": 44.28639498697996, "floors_major_axis_length_min": 11.382007490682758, "floors_major_axis_length_max": 79.63699164829212, "floors_major_axis_length_std": 27.918615892723246, "level_minor_axis_length": 70.72982380957814, "floors_minor_axis_length_mean": 31.2215081809929, "floors_minor_axis_length_min": 10.550087574332592, "floors_minor_axis_length_max": 57.80482267377996, "floors_minor_axis_length_std": 19.739391485392062, "level_orientation": 1.5173738669590366, "floors_orientation_mean": 0.2571176277479598, "floors_orientation_min": 3.386341260356874e-17, "floors_orientation_max": 0.6354461286824253, "floors_orientation_std": 0.2732117645689838, "level_perimeter": 834.3929650063131, "floors_perimeter_mean": 278.13098833543773, "floors_perimeter_min": 33.798989873223334, "floors_perimeter_max": 622.167568261897, "floors_perimeter_std": 250.3333093863691, "level_solidity": 0.5367659154466196, "floors_solidity_mean": 0.7898549874147306, "floors_solidity_min": 0.651468315301391, "floors_solidity_max": 0.9583333333333334, "floors_solidity_std": 0.1270712830061349, "level_hu_moment_0": 0.28307015173770494, "level_hu_moment_1": 0.00835851006508437, "level_hu_moment_2": 0.003800231042002804, "level_hu_moment_3": 0.0006261910175929564, "level_hu_moment_4": 9.559383958349677e-07, "level_hu_moment_5": 5.564176588945274e-05, "level_hu_moment_6": 1.38876750421131e-07, "level_centroid_x": 39.13423230156298, "level_centroid_y": 52.38492185105731, "number_of_artifacts": 19, "number_of_powerups": 28, "number_of_weapons": 5, "number_of_ammunitions": 40, "number_of_keys": 2, "number_of_monsters": 98, "number_of_obstacles": 31, "number_of_decorations": 6, "walkable_area": 2280, "walkable_percentage": 0.6987434875881091, "start_location_x_px": 2, "start_location_y_px": 80, "artifacts_per_walkable_area": 0.008333333333333333, "powerups_per_walkable_area": 0.012280701754385965, "weapons_per_walkable_area": 0.0021929824561403508, "ammunitions_per_walkable_area": 0.017543859649122806, "keys_per_walkable_area": 0.0008771929824561404, "monsters_per_walkable_area": 0.04298245614035088, "obstacles_per_walkable_area": 0.013596491228070176, "decorations_per_walkable_area": 0.002631578947368421, "nodes": 30, "avg-path-length": 2.6450592885375492, "diameter-mean": 5.0, "art-points": 7, "assortativity-mean": -0.060046189376443175, "betw-cen": NaN, "closn-cen": NaN, "distmap-max": 10.0, "distmap-mean": -Infinity, "distmap-var": 0.0, "distmap-skew": 0, "distmap-kurt": 0.0, "distmap-Q1": 0.0, "distmap-Q2": 0.012315270935960592, "distmap-Q3": 0.06465517241379311, "path_wallmap": "Rebirth1_MAP19_wallmap.png", "path_heightmap": "Rebirth1_MAP19_heightmap.png", "path_triggermap": "Rebirth1_MAP19_triggermap.png", "path_thingsmap": "Rebirth1_MAP19_thingsmap.png", "path_floormap": "Rebirth1_MAP19_floormap.png", "path_roommap": "Rebirth1_MAP19_roommap.png", "slot": "MAP19", "path_json": "Rebirth1_MAP19.json"}