{"number_of_lines": 1063, "number_of_things": 228, "number_of_sectors": 270, "number_of_subsectors": 465, "number_of_vertices": 888, "x_max": 1312, "y_max": 1184, "x_min": -912, "y_min": -1472, "height": 2657, "width": 2225, "aspect_ratio": 1.1941573033707866, "floor_height_max": 192.0, "floor_height_min": -512.0, "floor_height_avg": -33.65925925925926, "ceiling_height_max": 336.0, "ceiling_height_min": -416.0, "ceiling_height_avg": 104.27777777777777, "room_height_max": 640.0, "room_height_min": 0.0, "room_height_avg": 137.93703703703704, "sector_area_max": 135232.0, "sector_area_min": 0.0, "sector_area_avg": 11751.111111111111, "lines_per_sector_max": 49.0, "lines_per_sector_min": 2.0, "lines_per_sector_avg": 5.840740740740741, "sector_aspect_ratio_max": 129.0, "sector_aspect_ratio_min": 1.0, "sector_aspect_ratio_avg": 5.143102940000726, "floors": 4, "level_area": 3313, "floors_area_mean": 828.25, "floors_area_min": 1, "floors_area_max": 3310, "floors_area_std": 1432.8390305613536, "level_bbox_area": 5880, "level_convex_area": 4641, "floors_convex_area_mean": 1161.0, "floors_convex_area_min": 1, "floors_convex_area_max": 4641, "floors_convex_area_std": 2009.1789367798976, "level_eccentricity": 0.7018384073948936, "floors_eccentricity_mean": 0.17556411492321441, "floors_eccentricity_min": 0.0, "floors_eccentricity_max": 0.7022564596928577, "floors_eccentricity_std": 0.3040859670328687, "level_equivalent_diameter": 64.94799928949, "floors_equivalent_diameter_mean": 17.075931038668525, "floors_equivalent_diameter_min": 1.1283791670955126, "floors_equivalent_diameter_max": 64.91858665338755, "floors_equivalent_diameter_std": 27.621970097904587, "level_euler_number": -2, "floors_euler_number_mean": -0.5, "floors_euler_number_min": -5, "floors_euler_number_max": 1, "floors_euler_number_std": 2.598076211353316, "level_extent": 0.5634353741496598, "floors_extent_mean": 0.8907312925170068, "floors_extent_min": 0.5629251700680272, "floors_extent_max": 1.0, "floors_extent_std": 0.1892589530379258, "level_filled_area": 3447, "floors_filled_area_mean": 861.75, "floors_filled_area_min": 1, "floors_filled_area_max": 3444, "floors_filled_area_std": 1490.8627326149112, "level_major_axis_length": 86.98831991839428, "floors_major_axis_length_mean": 21.75439082545961, "floors_major_axis_length_min": 0.0, "floors_major_axis_length_max": 87.01756330183844, "floors_major_axis_length_std": 37.679710197406294, "level_minor_axis_length": 61.96492852692853, "floors_minor_axis_length_mean": 15.487474202814452, "floors_minor_axis_length_min": 0.0, "floors_minor_axis_length_max": 61.94989681125781, "floors_minor_axis_length_std": 26.825092200186926, "level_orientation": -1.0585863832566944, "floors_orientation_mean": 0.32459868803985337, "floors_orientation_min": -1.0577997380329314, "floors_orientation_max": 0.7853981633974483, "floors_orientation_std": 0.7981281034204374, "level_perimeter": 684.5695885154503, "floors_perimeter_mean": 171.14239712886257, "floors_perimeter_min": 0.0, "floors_perimeter_max": 684.5695885154503, "floors_perimeter_std": 296.42732715631996, "level_solidity": 0.7138547726783021, "floors_solidity_mean": 0.928302090066796, "floors_solidity_min": 0.7132083602671838, "floors_solidity_max": 1.0, "floors_solidity_std": 0.12418442280080669, "level_hu_moment_0": 0.2151867674609922, "level_hu_moment_1": 0.004944352874119112, "level_hu_moment_2": 0.0001352902874198357, "level_hu_moment_3": 8.235386045773724e-05, "level_hu_moment_4": -2.5788016243793068e-09, "level_hu_moment_5": -2.561999737217261e-06, "level_hu_moment_6": -8.301469914734087e-09, "level_centroid_x": 33.04467250226381, "level_centroid_y": 39.685783277995775, "number_of_artifacts": 10, "number_of_powerups": 22, "number_of_weapons": 4, "number_of_ammunitions": 52, "number_of_keys": 2, "number_of_monsters": 72, "number_of_obstacles": 26, "number_of_decorations": 7, "walkable_area": 2434, "walkable_percentage": 0.7346815575007546, "start_location_x_px": 8, "start_location_y_px": 47, "artifacts_per_walkable_area": 0.004108463434675432, "powerups_per_walkable_area": 0.009038619556285949, "weapons_per_walkable_area": 0.0016433853738701725, "ammunitions_per_walkable_area": 0.021364009860312245, "keys_per_walkable_area": 0.0008216926869350862, "monsters_per_walkable_area": 0.029580936729663106, "obstacles_per_walkable_area": 0.010682004930156122, "decorations_per_walkable_area": 0.002875924404272802, "nodes": 22, "avg-path-length": 3.5108225108225106, "diameter-mean": 9.0, "art-points": 6, "assortativity-mean": -0.13396624472573865, "betw-cen": NaN, "closn-cen": NaN, "distmap-max": 14.560219778561036, "distmap-mean": -Infinity, "distmap-var": 0.0, "distmap-skew": 0, "distmap-kurt": 0.0, "distmap-Q1": 0.0, "distmap-Q2": 0.05, "distmap-Q3": 0.1660714285714286, "path_wallmap": "Rebirth1_MAP17_wallmap.png", "path_heightmap": "Rebirth1_MAP17_heightmap.png", "path_triggermap": "Rebirth1_MAP17_triggermap.png", "path_thingsmap": "Rebirth1_MAP17_thingsmap.png", "path_floormap": "Rebirth1_MAP17_floormap.png", "path_roommap": "Rebirth1_MAP17_roommap.png", "slot": "MAP17", "path_json": "Rebirth1_MAP17.json"}