{"number_of_lines": 1080, "number_of_things": 207, "number_of_sectors": 236, "number_of_subsectors": 479, "number_of_vertices": 921, "x_max": 1944, "y_max": 1296, "x_min": -1416, "y_min": -1112, "height": 2409, "width": 3361, "aspect_ratio": 1.3951847239518473, "floor_height_max": 256.0, "floor_height_min": -64.0, "floor_height_avg": 62.16949152542373, "ceiling_height_max": 336.0, "ceiling_height_min": -64.0, "ceiling_height_avg": 200.21186440677965, "room_height_max": 320.0, "room_height_min": -32.0, "room_height_avg": 138.04237288135593, "sector_area_max": 497408.0, "sector_area_min": 256.0, "sector_area_avg": 17527.169491525423, "lines_per_sector_max": 48.0, "lines_per_sector_min": 3.0, "lines_per_sector_avg": 6.614406779661017, "sector_aspect_ratio_max": 48.515151515151516, "sector_aspect_ratio_min": 1.0, "sector_aspect_ratio_avg": 5.260388427344665, "floors": 1, "level_area": 4358, "floors_area_mean": 4358.0, "floors_area_min": 4358, "floors_area_max": 4358, "floors_area_std": 0.0, "level_bbox_area": 8056, "level_convex_area": 6159, "floors_convex_area_mean": 6159.0, "floors_convex_area_min": 6159, "floors_convex_area_max": 6159, "floors_convex_area_std": 0.0, "level_eccentricity": 0.7002838840582076, "floors_eccentricity_mean": 0.7002838840582076, "floors_eccentricity_min": 0.7002838840582076, "floors_eccentricity_max": 0.7002838840582076, "floors_eccentricity_std": 0.0, "level_equivalent_diameter": 74.49011972037526, "floors_equivalent_diameter_mean": 74.49011972037526, "floors_equivalent_diameter_min": 74.49011972037526, "floors_equivalent_diameter_max": 74.49011972037526, "floors_equivalent_diameter_std": 0.0, "level_euler_number": -13, "floors_euler_number_mean": -13.0, "floors_euler_number_min": -13, "floors_euler_number_max": -13, "floors_euler_number_std": 0.0, "level_extent": 0.5409632571996028, "floors_extent_mean": 0.5409632571996028, "floors_extent_min": 0.5409632571996028, "floors_extent_max": 0.5409632571996028, "floors_extent_std": 0.0, "level_filled_area": 4488, "floors_filled_area_mean": 4488.0, "floors_filled_area_min": 4488, "floors_filled_area_max": 4488, "floors_filled_area_std": 0.0, "level_major_axis_length": 100.80219286557573, "floors_major_axis_length_mean": 100.80219286557573, "floors_major_axis_length_min": 100.80219286557573, "floors_major_axis_length_max": 100.80219286557573, "floors_major_axis_length_std": 0.0, "level_minor_axis_length": 71.95910399894052, "floors_minor_axis_length_mean": 71.95910399894052, "floors_minor_axis_length_min": 71.95910399894052, "floors_minor_axis_length_max": 71.95910399894052, "floors_minor_axis_length_std": 0.0, "level_orientation": -0.06135096730314409, "floors_orientation_mean": -0.06135096730314409, "floors_orientation_min": -0.06135096730314409, "floors_orientation_max": -0.06135096730314409, "floors_orientation_std": 0.0, "level_perimeter": 758.2325394193526, "floors_perimeter_mean": 758.2325394193526, "floors_perimeter_min": 758.2325394193526, "floors_perimeter_max": 758.2325394193526, "floors_perimeter_std": 0.0, "level_solidity": 0.7075823997402175, "floors_solidity_mean": 0.7075823997402175, "floors_solidity_min": 0.7075823997402175, "floors_solidity_max": 0.7075823997402175, "floors_solidity_std": 0.0, "level_hu_moment_0": 0.21998615670661809, "level_hu_moment_1": 0.0051069549866847065, "level_hu_moment_2": 0.0025889342260950908, "level_hu_moment_3": 2.4102584153152323e-05, "level_hu_moment_4": 6.936654376733275e-10, "level_hu_moment_5": 1.6829424610418733e-06, "level_hu_moment_6": -5.980731386509554e-09, "level_centroid_x": 52.41854061496099, "level_centroid_y": 45.84373565855897, "number_of_artifacts": 6, "number_of_powerups": 31, "number_of_weapons": 5, "number_of_ammunitions": 36, "number_of_keys": 2, "number_of_monsters": 81, "number_of_obstacles": 19, "number_of_decorations": 2, "walkable_area": 3308, "walkable_percentage": 0.7590637907296925, "start_location_x_px": 5, "start_location_y_px": 63, "artifacts_per_walkable_area": 0.0018137847642079807, "powerups_per_walkable_area": 0.009371221281741234, "weapons_per_walkable_area": 0.0015114873035066505, "ammunitions_per_walkable_area": 0.010882708585247884, "keys_per_walkable_area": 0.0006045949214026602, "monsters_per_walkable_area": 0.02448609431680774, "obstacles_per_walkable_area": 0.005743651753325272, "decorations_per_walkable_area": 0.0006045949214026602, "nodes": 22, "avg-path-length": 3.0043290043290045, "diameter-mean": 7.0, "art-points": 5, "assortativity-mean": -0.17962466487935635, "betw-cen": NaN, "closn-cen": NaN, "distmap-max": 17.804493814764857, "distmap-mean": -Infinity, "distmap-var": 0.0, "distmap-skew": 0, "distmap-kurt": 0.0, "distmap-Q1": 0.0, "distmap-Q2": 0.05992063492063492, "distmap-Q3": 0.15694444444444447, "path_wallmap": "Rebirth1_MAP11_wallmap.png", "path_heightmap": "Rebirth1_MAP11_heightmap.png", "path_triggermap": "Rebirth1_MAP11_triggermap.png", "path_thingsmap": "Rebirth1_MAP11_thingsmap.png", "path_floormap": "Rebirth1_MAP11_floormap.png", "path_roommap": "Rebirth1_MAP11_roommap.png", "slot": "MAP11", "path_json": "Rebirth1_MAP11.json"}