{"number_of_lines": 1184, "number_of_things": 244, "number_of_sectors": 265, "number_of_subsectors": 619, "number_of_vertices": 1048, "x_max": 3232, "y_max": 2224, "x_min": 1040, "y_min": -1160, "height": 3385, "width": 2193, "aspect_ratio": 1.5435476516187872, "floor_height_max": 128.0, "floor_height_min": -384.0, "floor_height_avg": -114.71698113207547, "ceiling_height_max": 256.0, "ceiling_height_min": -320.0, "ceiling_height_avg": 50.93584905660377, "room_height_max": 576.0, "room_height_min": 0.0, "room_height_avg": 165.65283018867925, "sector_area_max": 272256.0, "sector_area_min": 48.0, "sector_area_avg": 12482.535849056603, "lines_per_sector_max": 58.0, "lines_per_sector_min": 3.0, "lines_per_sector_avg": 6.652830188679245, "sector_aspect_ratio_max": 46.333333333333336, "sector_aspect_ratio_min": 1.0, "sector_aspect_ratio_avg": 4.117614265549623, "floors": 1, "level_area": 3583, "floors_area_mean": 3583.0, "floors_area_min": 3583, "floors_area_max": 3583, "floors_area_std": 0.0, "level_bbox_area": 7314, "level_convex_area": 5425, "floors_convex_area_mean": 5425.0, "floors_convex_area_min": 5425, "floors_convex_area_max": 5425, "floors_convex_area_std": 0.0, "level_eccentricity": 0.7351591720082521, "floors_eccentricity_mean": 0.7351591720082521, "floors_eccentricity_min": 0.7351591720082521, "floors_eccentricity_max": 0.7351591720082521, "floors_eccentricity_std": 0.0, "level_equivalent_diameter": 67.54270714730117, "floors_equivalent_diameter_mean": 67.54270714730117, "floors_equivalent_diameter_min": 67.54270714730117, "floors_equivalent_diameter_max": 67.54270714730117, "floors_equivalent_diameter_std": 0.0, "level_euler_number": -9, "floors_euler_number_mean": -9.0, "floors_euler_number_min": -9, "floors_euler_number_max": -9, "floors_euler_number_std": 0.0, "level_extent": 0.48988241728192505, "floors_extent_mean": 0.48988241728192505, "floors_extent_min": 0.48988241728192505, "floors_extent_max": 0.48988241728192505, "floors_extent_std": 0.0, "level_filled_area": 3851, "floors_filled_area_mean": 3851.0, "floors_filled_area_min": 3851, "floors_filled_area_max": 3851, "floors_filled_area_std": 0.0, "level_major_axis_length": 93.03618332782003, "floors_major_axis_length_mean": 93.03618332782003, "floors_major_axis_length_min": 93.03618332782003, "floors_major_axis_length_max": 93.03618332782003, "floors_major_axis_length_std": 0.0, "level_minor_axis_length": 63.06871963332762, "floors_minor_axis_length_mean": 63.06871963332762, "floors_minor_axis_length_min": 63.06871963332762, "floors_minor_axis_length_max": 63.06871963332762, "floors_minor_axis_length_std": 0.0, "level_orientation": -1.369874608702029, "floors_orientation_mean": -1.369874608702029, "floors_orientation_min": -1.369874608702029, "floors_orientation_max": -1.369874608702029, "floors_orientation_std": 0.0, "level_perimeter": 848.2213921310594, "floors_perimeter_mean": 848.2213921310594, "floors_perimeter_min": 848.2213921310594, "floors_perimeter_max": 848.2213921310594, "floors_perimeter_std": 0.0, "level_solidity": 0.6604608294930876, "floors_solidity_mean": 0.6604608294930876, "floors_solidity_min": 0.6604608294930876, "floors_solidity_max": 0.6604608294930876, "floors_solidity_std": 0.0, "level_hu_moment_0": 0.2203704089519087, "level_hu_moment_1": 0.006658853824789954, "level_hu_moment_2": 0.0003598985951853682, "level_hu_moment_3": 8.460394551865994e-05, "level_hu_moment_4": 8.882478259675074e-09, "level_hu_moment_5": 3.535025170558876e-06, "level_hu_moment_6": -1.179190974269494e-08, "level_centroid_x": 32.58331007535585, "level_centroid_y": 54.87719787887245, "number_of_artifacts": 24, "number_of_powerups": 27, "number_of_weapons": 4, "number_of_ammunitions": 31, "number_of_keys": 3, "number_of_monsters": 99, "number_of_obstacles": 19, "number_of_decorations": 0, "walkable_area": 2665, "walkable_percentage": 0.7437901200111638, "start_location_x_px": 4, "start_location_y_px": 33, "artifacts_per_walkable_area": 0.00900562851782364, "powerups_per_walkable_area": 0.010131332082551596, "weapons_per_walkable_area": 0.00150093808630394, "ammunitions_per_walkable_area": 0.011632270168855536, "keys_per_walkable_area": 0.001125703564727955, "monsters_per_walkable_area": 0.03714821763602252, "obstacles_per_walkable_area": 0.007129455909943715, "decorations_per_walkable_area": 0.0, "nodes": 39, "avg-path-length": 4.093117408906883, "diameter-mean": 9.0, "art-points": 14, "assortativity-mean": 0.09753124047546465, "betw-cen": NaN, "closn-cen": NaN, "distmap-max": 18.110770276274835, "distmap-mean": -Infinity, "distmap-var": 0.0, "distmap-skew": 0, "distmap-kurt": 0.0, "distmap-Q1": 0.0, "distmap-Q2": 0.052631578947368425, "distmap-Q3": 0.10241820768136559, "path_wallmap": "Rebirth1_MAP10_wallmap.png", "path_heightmap": "Rebirth1_MAP10_heightmap.png", "path_triggermap": "Rebirth1_MAP10_triggermap.png", "path_thingsmap": "Rebirth1_MAP10_thingsmap.png", "path_floormap": "Rebirth1_MAP10_floormap.png", "path_roommap": "Rebirth1_MAP10_roommap.png", "slot": "MAP10", "path_json": "Rebirth1_MAP10.json"}