{"number_of_lines": 2211, "number_of_things": 500, "number_of_sectors": 411, "number_of_subsectors": 1124, "number_of_vertices": 2016, "x_max": 4424, "y_max": 3264, "x_min": -1248, "y_min": -544, "height": 3809, "width": 5673, "aspect_ratio": 1.4893672880021003, "floor_height_max": 280.0, "floor_height_min": -1568.0, "floor_height_avg": -374.4622871046229, "ceiling_height_max": 416.0, "ceiling_height_min": -1408.0, "ceiling_height_avg": -193.90267639902677, "room_height_max": 832.0, "room_height_min": 0.0, "room_height_avg": 180.5596107055961, "sector_area_max": 315648.0, "sector_area_min": 64.0, "sector_area_avg": 17678.695863746958, "lines_per_sector_max": 57.0, "lines_per_sector_min": 3.0, "lines_per_sector_avg": 7.790754257907542, "sector_aspect_ratio_max": 28.555555555555557, "sector_aspect_ratio_min": 1.0, "sector_aspect_ratio_avg": 3.368030741653232, "floors": 1, "level_area": 8016, "floors_area_mean": 8016.0, "floors_area_min": 8016, "floors_area_max": 8016, "floors_area_std": 0.0, "level_bbox_area": 21360, "level_convex_area": 13498, "floors_convex_area_mean": 13498.0, "floors_convex_area_min": 13498, "floors_convex_area_max": 13498, "floors_convex_area_std": 0.0, "level_eccentricity": 0.8480075553098806, "floors_eccentricity_mean": 0.8480075553098806, "floors_eccentricity_min": 0.8480075553098806, "floors_eccentricity_max": 0.8480075553098806, "floors_eccentricity_std": 0.0, "level_equivalent_diameter": 101.02617576943643, "floors_equivalent_diameter_mean": 101.02617576943643, "floors_equivalent_diameter_min": 101.02617576943643, "floors_equivalent_diameter_max": 101.02617576943643, "floors_equivalent_diameter_std": 0.0, "level_euler_number": -79, "floors_euler_number_mean": -79.0, "floors_euler_number_min": -79, "floors_euler_number_max": -79, "floors_euler_number_std": 0.0, "level_extent": 0.3752808988764045, "floors_extent_mean": 0.3752808988764045, "floors_extent_min": 0.3752808988764045, "floors_extent_max": 0.3752808988764045, "floors_extent_std": 0.0, "level_filled_area": 9729, "floors_filled_area_mean": 9729.0, "floors_filled_area_min": 9729, "floors_filled_area_max": 9729, "floors_filled_area_std": 0.0, "level_major_axis_length": 169.94226144272218, "floors_major_axis_length_mean": 169.94226144272218, "floors_major_axis_length_min": 169.94226144272218, "floors_major_axis_length_max": 169.94226144272218, "floors_major_axis_length_std": 0.0, "level_minor_axis_length": 90.06670287728365, "floors_minor_axis_length_mean": 90.06670287728365, "floors_minor_axis_length_min": 90.06670287728365, "floors_minor_axis_length_max": 90.06670287728365, "floors_minor_axis_length_std": 0.0, "level_orientation": -0.030231864165952076, "floors_orientation_mean": -0.030231864165952076, "floors_orientation_min": -0.030231864165952076, "floors_orientation_max": -0.030231864165952076, "floors_orientation_std": 0.0, "level_perimeter": 1921.2144289248722, "floors_perimeter_mean": 1921.2144289248722, "floors_perimeter_min": 1921.2144289248722, "floors_perimeter_max": 1921.2144289248722, "floors_perimeter_std": 0.0, "level_solidity": 0.5938657578900578, "floors_solidity_mean": 0.5938657578900578, "floors_solidity_min": 0.5938657578900578, "floors_solidity_max": 0.5938657578900578, "floors_solidity_std": 0.0, "level_hu_moment_0": 0.2884261414004135, "level_hu_moment_1": 0.026220989509119358, "level_hu_moment_2": 0.00927416518542754, "level_hu_moment_3": 0.0023455571112486317, "level_hu_moment_4": 1.0921623454625875e-05, "level_hu_moment_5": 0.0003796302505912097, "level_hu_moment_6": -6.290776999607963e-07, "level_centroid_x": 69.56549401197604, "level_centroid_y": 57.286427145708586, "number_of_artifacts": 48, "number_of_powerups": 39, "number_of_weapons": 6, "number_of_ammunitions": 100, "number_of_keys": 3, "number_of_monsters": 118, "number_of_obstacles": 88, "number_of_decorations": 35, "walkable_area": 5797, "walkable_percentage": 0.7231786427145709, "start_location_x_px": 12, "start_location_y_px": 69, "artifacts_per_walkable_area": 0.008280144902535794, "powerups_per_walkable_area": 0.006727617733310333, "weapons_per_walkable_area": 0.0010350181128169743, "ammunitions_per_walkable_area": 0.017250301880282905, "keys_per_walkable_area": 0.0005175090564084871, "monsters_per_walkable_area": 0.020355356218733828, "obstacles_per_walkable_area": 0.015180265654648957, "decorations_per_walkable_area": 0.006037605658099017, "nodes": 114, "avg-path-length": 8.085235211923614, "diameter-mean": 20.0, "art-points": 6, "assortativity-mean": 0.16716517115320642, "betw-cen": NaN, "closn-cen": NaN, "distmap-max": 9.848857801796104, "distmap-mean": -Infinity, "distmap-var": 0.0, "distmap-skew": 0, "distmap-kurt": 0.0, "distmap-Q1": 0.012386694242335836, "distmap-Q2": 0.04549511784421094, "distmap-Q3": 0.09004912502623777, "path_wallmap": "Rebirth1_MAP29_wallmap.png", "path_heightmap": "Rebirth1_MAP29_heightmap.png", "path_triggermap": "Rebirth1_MAP29_triggermap.png", "path_thingsmap": "Rebirth1_MAP29_thingsmap.png", "path_floormap": "Rebirth1_MAP29_floormap.png", "path_roommap": "Rebirth1_MAP29_roommap.png", "slot": "MAP29", "path_json": "Rebirth1_MAP29.json"}