{"number_of_lines": 2492, "number_of_things": 379, "number_of_sectors": 553, "number_of_subsectors": 1225, "number_of_vertices": 2243, "x_max": 2312, "y_max": 3944, "x_min": -1632, "y_min": -448, "height": 4393, "width": 3945, "aspect_ratio": 1.1135614702154626, "floor_height_max": 368.0, "floor_height_min": -16.0, "floor_height_avg": 107.12658227848101, "ceiling_height_max": 448.0, "ceiling_height_min": -8.0, "ceiling_height_avg": 229.87160940325498, "room_height_max": 384.0, "room_height_min": 0.0, "room_height_avg": 122.74502712477396, "sector_area_max": 3960384.0, "sector_area_min": 64.0, "sector_area_avg": 21681.056057866186, "lines_per_sector_max": 179.0, "lines_per_sector_min": 3.0, "lines_per_sector_avg": 6.8969258589511755, "sector_aspect_ratio_max": 192.33333333333334, "sector_aspect_ratio_min": 1.0, "sector_aspect_ratio_avg": 4.864569151862944, "floors": 1, "level_area": 11909, "floors_area_mean": 11909.0, "floors_area_min": 11909, "floors_area_max": 11909, "floors_area_std": 0.0, "level_bbox_area": 17112, "level_convex_area": 14395, "floors_convex_area_mean": 14395.0, "floors_convex_area_min": 14395, "floors_convex_area_max": 14395, "floors_convex_area_std": 0.0, "level_eccentricity": 0.5866768190375224, "floors_eccentricity_mean": 0.5866768190375224, "floors_eccentricity_min": 0.5866768190375224, "floors_eccentricity_max": 0.5866768190375224, "floors_eccentricity_std": 0.0, "level_equivalent_diameter": 123.13817335924328, "floors_equivalent_diameter_mean": 123.13817335924328, "floors_equivalent_diameter_min": 123.13817335924328, "floors_equivalent_diameter_max": 123.13817335924328, "floors_equivalent_diameter_std": 0.0, "level_euler_number": -26, "floors_euler_number_mean": -26.0, "floors_euler_number_min": -26, "floors_euler_number_max": -26, "floors_euler_number_std": 0.0, "level_extent": 0.6959443665264142, "floors_extent_mean": 0.6959443665264142, "floors_extent_min": 0.6959443665264142, "floors_extent_max": 0.6959443665264142, "floors_extent_std": 0.0, "level_filled_area": 12085, "floors_filled_area_mean": 12085.0, "floors_filled_area_min": 12085, "floors_filled_area_max": 12085, "floors_filled_area_std": 0.0, "level_major_axis_length": 144.88446399463146, "floors_major_axis_length_mean": 144.88446399463146, "floors_major_axis_length_min": 144.88446399463146, "floors_major_axis_length_max": 144.88446399463146, "floors_major_axis_length_std": 0.0, "level_minor_axis_length": 117.33050459257828, "floors_minor_axis_length_mean": 117.33050459257828, "floors_minor_axis_length_min": 117.33050459257828, "floors_minor_axis_length_max": 117.33050459257828, "floors_minor_axis_length_std": 0.0, "level_orientation": 1.3692740218390607, "floors_orientation_mean": 1.3692740218390607, "floors_orientation_min": 1.3692740218390607, "floors_orientation_max": 1.3692740218390607, "floors_orientation_std": 0.0, "level_perimeter": 1095.0203820042827, "floors_perimeter_mean": 1095.0203820042827, "floors_perimeter_min": 1095.0203820042827, "floors_perimeter_max": 1095.0203820042827, "floors_perimeter_std": 0.0, "level_solidity": 0.8273011462313303, "floors_solidity_mean": 0.8273011462313303, "floors_solidity_min": 0.8273011462313303, "floors_solidity_max": 0.8273011462313303, "floors_solidity_std": 0.0, "level_hu_moment_0": 0.18241432537870886, "level_hu_moment_1": 0.0014377799803802433, "level_hu_moment_2": 0.0003603652551352907, "level_hu_moment_3": 9.37935587795948e-06, "level_hu_moment_4": 4.2717954943653685e-10, "level_hu_moment_5": -5.641541355221508e-08, "level_hu_moment_6": 3.389152295422604e-10, "level_centroid_x": 57.348391972457804, "level_centroid_y": 69.91552607271811, "number_of_artifacts": 31, "number_of_powerups": 36, "number_of_weapons": 5, "number_of_ammunitions": 83, "number_of_keys": 3, "number_of_monsters": 139, "number_of_obstacles": 56, "number_of_decorations": 2, "walkable_area": 9811, "walkable_percentage": 0.8238307162650097, "start_location_x_px": 3, "start_location_y_px": 119, "artifacts_per_walkable_area": 0.0031597186831107942, "powerups_per_walkable_area": 0.003669350728773825, "weapons_per_walkable_area": 0.0005096320456630313, "ammunitions_per_walkable_area": 0.008459891958006319, "keys_per_walkable_area": 0.0003057792273978188, "monsters_per_walkable_area": 0.01416777086943227, "obstacles_per_walkable_area": 0.005707878911425951, "decorations_per_walkable_area": 0.0002038528182652125, "nodes": 37, "avg-path-length": 3.5645645645645647, "diameter-mean": 9.0, "art-points": 8, "assortativity-mean": -0.1355566616890662, "betw-cen": NaN, "closn-cen": NaN, "distmap-max": 29.120439557122072, "distmap-mean": -Infinity, "distmap-var": 0.0, "distmap-skew": 0, "distmap-kurt": 0.0, "distmap-Q1": 0.003968253968253967, "distmap-Q2": 0.029894179894179893, "distmap-Q3": 0.10793650793650794, "path_wallmap": "Rebirth1_MAP20_wallmap.png", "path_heightmap": "Rebirth1_MAP20_heightmap.png", "path_triggermap": "Rebirth1_MAP20_triggermap.png", "path_thingsmap": "Rebirth1_MAP20_thingsmap.png", "path_floormap": "Rebirth1_MAP20_floormap.png", "path_roommap": "Rebirth1_MAP20_roommap.png", "slot": "MAP20", "path_json": "Rebirth1_MAP20.json"}