{"number_of_lines": 1675, "number_of_things": 301, "number_of_sectors": 331, "number_of_subsectors": 889, "number_of_vertices": 1598, "x_max": 1536, "y_max": 1968, "x_min": -1760, "y_min": -1792, "height": 3761, "width": 3297, "aspect_ratio": 1.140734000606612, "floor_height_max": 256.0, "floor_height_min": -128.0, "floor_height_avg": 41.13595166163142, "ceiling_height_max": 320.0, "ceiling_height_min": 0.0, "ceiling_height_avg": 178.51661631419938, "room_height_max": 448.0, "room_height_min": -8.0, "room_height_avg": 137.380664652568, "sector_area_max": 237568.0, "sector_area_min": 224.0, "sector_area_avg": 18420.012084592145, "lines_per_sector_max": 72.0, "lines_per_sector_min": 3.0, "lines_per_sector_avg": 7.694864048338369, "sector_aspect_ratio_max": 85.66666666666667, "sector_aspect_ratio_min": 1.0, "sector_aspect_ratio_avg": 3.7481198666294686, "floors": 3, "level_area": 6420, "floors_area_mean": 2140.0, "floors_area_min": 12, "floors_area_max": 6368, "floors_area_std": 2989.6693239665597, "level_bbox_area": 12272, "level_convex_area": 9911, "floors_convex_area_mean": 3015.6666666666665, "floors_convex_area_min": 12, "floors_convex_area_max": 8995, "floors_convex_area_std": 4228.042599385942, "level_eccentricity": 0.4263250566230072, "floors_eccentricity_mean": 0.629658152356228, "floors_eccentricity_min": 0.4190486135352677, "floors_eccentricity_max": 0.7867957924694432, "floors_eccentricity_std": 0.15482017497098507, "level_equivalent_diameter": 90.41127074209136, "floors_equivalent_diameter_mean": 33.69656376393866, "floors_equivalent_diameter_min": 3.9088200952233594, "floors_equivalent_diameter_max": 90.04437473198153, "floors_equivalent_diameter_std": 39.86570225439487, "level_euler_number": -29, "floors_euler_number_mean": -9.666666666666666, "floors_euler_number_min": -31, "floors_euler_number_max": 1, "floors_euler_number_std": 15.084944665313014, "level_extent": 0.5231421121251629, "floors_extent_mean": 0.8592162554426706, "floors_extent_min": 0.5776487663280117, "floors_extent_max": 1.0, "floors_extent_std": 0.1990982809146447, "level_filled_area": 6597, "floors_filled_area_mean": 2199.0, "floors_filled_area_min": 12, "floors_filled_area_max": 6545, "floors_filled_area_std": 3073.1073308081295, "level_major_axis_length": 105.86940750628331, "floors_major_axis_length_mean": 39.66038885930353, "floors_major_axis_length_min": 4.47213595499958, "floors_major_axis_length_max": 105.34387923299934, "floors_major_axis_length_std": 46.484741433590315, "level_minor_axis_length": 95.76629352906328, "floors_minor_axis_length_mean": 34.85708977218862, "floors_minor_axis_length_min": 3.265986323710904, "floors_minor_axis_length_max": 95.64842874336257, "floors_minor_axis_length_std": 42.9970482148931, "level_orientation": 1.2420340860479666, "floors_orientation_mean": 0.9370790156469292, "floors_orientation_min": 0.0, "floors_orientation_max": 1.5707963267948966, "floors_orientation_std": 0.6762009158455157, "level_perimeter": 1177.9026329981914, "floors_perimeter_mean": 392.6342109993971, "floors_perimeter_min": 10.0, "floors_perimeter_max": 1145.9026329981914, "floors_perimeter_std": 532.6637380095221, "level_solidity": 0.6477651094743214, "floors_solidity_mean": 0.9026496201593478, "floors_solidity_min": 0.7079488604780434, "floors_solidity_max": 1.0, "floors_solidity_std": 0.1376742274728227, "level_hu_moment_0": 0.1983986995913764, "level_hu_moment_1": 0.00039331032050960937, "level_hu_moment_2": 0.0003709861193239838, "level_hu_moment_3": 3.536818542536638e-05, "level_hu_moment_4": -3.8458177922227205e-09, "level_hu_moment_5": -4.216833212700717e-07, "level_hu_moment_6": 1.2739658101236853e-09, "level_centroid_x": 57.05202492211838, "level_centroid_y": 66.12694704049844, "number_of_artifacts": 11, "number_of_powerups": 20, "number_of_weapons": 8, "number_of_ammunitions": 55, "number_of_keys": 2, "number_of_monsters": 101, "number_of_obstacles": 59, "number_of_decorations": 10, "walkable_area": 4877, "walkable_percentage": 0.7596573208722741, "start_location_x_px": 9, "start_location_y_px": 56, "artifacts_per_walkable_area": 0.002255484929259791, "powerups_per_walkable_area": 0.004100881689563256, "weapons_per_walkable_area": 0.0016403526758253025, "ammunitions_per_walkable_area": 0.011277424646298955, "keys_per_walkable_area": 0.0004100881689563256, "monsters_per_walkable_area": 0.020709452532294444, "obstacles_per_walkable_area": 0.012097600984211606, "decorations_per_walkable_area": 0.002050440844781628, "nodes": 47, "avg-path-length": 2.4635306553911205, "diameter-mean": 5.0, "art-points": 14, "assortativity-mean": -0.06535549042652918, "betw-cen": NaN, "closn-cen": NaN, "distmap-max": 20.0, "distmap-mean": -Infinity, "distmap-var": 0.0, "distmap-skew": 0, "distmap-kurt": 0.0, "distmap-Q1": 0.0, "distmap-Q2": 0.014492753623188406, "distmap-Q3": 0.07922705314009662, "path_wallmap": "Rebirth1_MAP32_wallmap.png", "path_heightmap": "Rebirth1_MAP32_heightmap.png", "path_triggermap": "Rebirth1_MAP32_triggermap.png", "path_thingsmap": "Rebirth1_MAP32_thingsmap.png", "path_floormap": "Rebirth1_MAP32_floormap.png", "path_roommap": "Rebirth1_MAP32_roommap.png", "slot": "MAP32", "path_json": "Rebirth1_MAP32.json"}