{"number_of_lines": 1983, "number_of_things": 236, "number_of_sectors": 338, "number_of_subsectors": 1080, "number_of_vertices": 1776, "x_max": 1168, "y_max": 3672, "x_min": -2296, "y_min": 832, "height": 2841, "width": 3465, "aspect_ratio": 1.2196409714889123, "floor_height_max": 128.0, "floor_height_min": -584.0, "floor_height_avg": -252.07100591715977, "ceiling_height_max": 160.0, "ceiling_height_min": -472.0, "ceiling_height_avg": -105.3224852071006, "room_height_max": 520.0, "room_height_min": 0.0, "room_height_avg": 146.74852071005918, "sector_area_max": 497664.0, "sector_area_min": 256.0, "sector_area_avg": 13025.532544378699, "lines_per_sector_max": 120.0, "lines_per_sector_min": 4.0, "lines_per_sector_avg": 8.982248520710058, "sector_aspect_ratio_max": 14.333333333333334, "sector_aspect_ratio_min": 1.0, "sector_aspect_ratio_avg": 3.126013248279378, "floors": 2, "level_area": 4575, "floors_area_mean": 2287.5, "floors_area_min": 10, "floors_area_max": 4565, "floors_area_std": 2277.5, "level_bbox_area": 9701, "level_convex_area": 6694, "floors_convex_area_mean": 3301.0, "floors_convex_area_min": 10, "floors_convex_area_max": 6592, "floors_convex_area_std": 3291.0, "level_eccentricity": 0.6727086690620229, "floors_eccentricity_mean": 0.6800729468204978, "floors_eccentricity_min": 0.6770158425770224, "floors_eccentricity_max": 0.6831300510639732, "floors_eccentricity_std": 0.0030571042434753837, "level_equivalent_diameter": 76.32215220473915, "floors_equivalent_diameter_mean": 39.90347130926462, "floors_equivalent_diameter_min": 3.5682482323055424, "floors_equivalent_diameter_max": 76.2386943862237, "floors_equivalent_diameter_std": 36.335223076959075, "level_euler_number": -15, "floors_euler_number_mean": -7.5, "floors_euler_number_min": -16, "floors_euler_number_max": 1, "floors_euler_number_std": 8.5, "level_extent": 0.4716008658901144, "floors_extent_mean": 0.6519516888293303, "floors_extent_min": 0.4705700443253273, "floors_extent_max": 0.8333333333333334, "floors_extent_std": 0.18138164450400304, "level_filled_area": 4874, "floors_filled_area_mean": 2437.0, "floors_filled_area_min": 10, "floors_filled_area_max": 4864, "floors_filled_area_std": 2427.0, "level_major_axis_length": 103.29940971260817, "floors_major_axis_length_mean": 53.73546639858141, "floors_major_axis_length_min": 4.09878030638384, "floors_major_axis_length_max": 103.37215249077897, "floors_major_axis_length_std": 49.63668609219757, "level_minor_axis_length": 76.432003664859, "floors_minor_axis_length_mean": 39.535984007062005, "floors_minor_axis_length_min": 2.9933259094191533, "floors_minor_axis_length_max": 76.07864210470485, "floors_minor_axis_length_std": 36.54265809764285, "level_orientation": -0.4116870582346299, "floors_orientation_mean": -0.20826103793299452, "floors_orientation_min": -0.41652207586598905, "floors_orientation_max": 0.0, "floors_orientation_std": 0.20826103793299452, "level_perimeter": 938.8843430349616, "floors_perimeter_mean": 469.4421715174808, "floors_perimeter_min": 8.82842712474619, "floors_perimeter_max": 930.0559159102154, "floors_perimeter_std": 460.6137443927346, "level_solidity": 0.6834478637585898, "floors_solidity_mean": 0.8462530339805825, "floors_solidity_min": 0.6925060679611651, "floors_solidity_max": 1.0, "floors_solidity_std": 0.15374696601941745, "level_hu_moment_0": 0.2255822299344031, "level_hu_moment_1": 0.004351883840092007, "level_hu_moment_2": 0.0028626536581483736, "level_hu_moment_3": 0.000186621934671824, "level_hu_moment_4": 8.446192246081812e-08, "level_hu_moment_5": 4.833830232629044e-06, "level_hu_moment_6": -1.0710905061536116e-07, "level_centroid_x": 47.10819672131147, "level_centroid_y": 43.49464480874317, "number_of_artifacts": 24, "number_of_powerups": 29, "number_of_weapons": 5, "number_of_ammunitions": 48, "number_of_keys": 2, "number_of_monsters": 75, "number_of_obstacles": 15, "number_of_decorations": 3, "walkable_area": 3314, "walkable_percentage": 0.7243715846994535, "start_location_x_px": 1, "start_location_y_px": 39, "artifacts_per_walkable_area": 0.00724200362100181, "powerups_per_walkable_area": 0.008750754375377187, "weapons_per_walkable_area": 0.0015087507543753772, "ammunitions_per_walkable_area": 0.01448400724200362, "keys_per_walkable_area": 0.0006035003017501509, "monsters_per_walkable_area": 0.022631261315630657, "obstacles_per_walkable_area": 0.004526252263126132, "decorations_per_walkable_area": 0.0009052504526252263, "nodes": 29, "avg-path-length": 3.240740740740741, "diameter-mean": 7.0, "art-points": 3, "assortativity-mean": 0, "betw-cen": NaN, "closn-cen": NaN, "distmap-max": 13.892443989449804, "distmap-mean": -Infinity, "distmap-var": 0.0, "distmap-skew": 0, "distmap-kurt": 0.0, "distmap-Q1": 0.008112874779541444, "distmap-Q2": 0.04673721340388007, "distmap-Q3": 0.11010330057949104, "path_wallmap": "Rebirth1_MAP18_wallmap.png", "path_heightmap": "Rebirth1_MAP18_heightmap.png", "path_triggermap": "Rebirth1_MAP18_triggermap.png", "path_thingsmap": "Rebirth1_MAP18_thingsmap.png", "path_floormap": "Rebirth1_MAP18_floormap.png", "path_roommap": "Rebirth1_MAP18_roommap.png", "slot": "MAP18", "path_json": "Rebirth1_MAP18.json"}