{"number_of_lines": 1153, "number_of_things": 236, "number_of_sectors": 275, "number_of_subsectors": 500, "number_of_vertices": 963, "x_max": 2584, "y_max": 720, "x_min": -296, "y_min": -2296, "height": 3017, "width": 2881, "aspect_ratio": 1.0472058313085735, "floor_height_max": 288.0, "floor_height_min": -128.0, "floor_height_avg": 10.407272727272728, "ceiling_height_max": 400.0, "ceiling_height_min": -64.0, "ceiling_height_avg": 161.19636363636363, "room_height_max": 512.0, "room_height_min": 0.0, "room_height_avg": 150.7890909090909, "sector_area_max": 230016.0, "sector_area_min": 256.0, "sector_area_avg": 12105.425454545455, "lines_per_sector_max": 49.0, "lines_per_sector_min": 3.0, "lines_per_sector_avg": 6.054545454545455, "sector_aspect_ratio_max": 15.545454545454545, "sector_aspect_ratio_min": 1.0, "sector_aspect_ratio_avg": 3.936199469703406, "floors": 1, "level_area": 3525, "floors_area_mean": 3525.0, "floors_area_min": 3525, "floors_area_max": 3525, "floors_area_std": 0.0, "level_bbox_area": 8645, "level_convex_area": 6239, "floors_convex_area_mean": 6239.0, "floors_convex_area_min": 6239, "floors_convex_area_max": 6239, "floors_convex_area_std": 0.0, "level_eccentricity": 0.4246223248647289, "floors_eccentricity_mean": 0.4246223248647289, "floors_eccentricity_min": 0.4246223248647289, "floors_eccentricity_max": 0.4246223248647289, "floors_eccentricity_std": 0.0, "level_equivalent_diameter": 66.99380116989518, "floors_equivalent_diameter_mean": 66.99380116989518, "floors_equivalent_diameter_min": 66.99380116989518, "floors_equivalent_diameter_max": 66.99380116989518, "floors_equivalent_diameter_std": 0.0, "level_euler_number": -18, "floors_euler_number_mean": -18.0, "floors_euler_number_min": -18, "floors_euler_number_max": -18, "floors_euler_number_std": 0.0, "level_extent": 0.40775014459224984, "floors_extent_mean": 0.40775014459224984, "floors_extent_min": 0.40775014459224984, "floors_extent_max": 0.40775014459224984, "floors_extent_std": 0.0, "level_filled_area": 3714, "floors_filled_area_mean": 3714.0, "floors_filled_area_min": 3714, "floors_filled_area_max": 3714, "floors_filled_area_std": 0.0, "level_major_axis_length": 88.88132992276384, "floors_major_axis_length_mean": 88.88132992276384, "floors_major_axis_length_min": 88.88132992276384, "floors_major_axis_length_max": 88.88132992276384, "floors_major_axis_length_std": 0.0, "level_minor_axis_length": 80.47054093358858, "floors_minor_axis_length_mean": 80.47054093358858, "floors_minor_axis_length_min": 80.47054093358858, "floors_minor_axis_length_max": 80.47054093358858, "floors_minor_axis_length_std": 0.0, "level_orientation": -0.3116649874630322, "floors_orientation_mean": -0.3116649874630322, "floors_orientation_min": -0.3116649874630322, "floors_orientation_max": -0.3116649874630322, "floors_orientation_std": 0.0, "level_perimeter": 836.8721497261417, "floors_perimeter_mean": 836.8721497261417, "floors_perimeter_min": 836.8721497261417, "floors_perimeter_max": 836.8721497261417, "floors_perimeter_std": 0.0, "level_solidity": 0.5649943901266229, "floors_solidity_mean": 0.5649943901266229, "floors_solidity_min": 0.5649943901266229, "floors_solidity_max": 0.5649943901266229, "floors_solidity_std": 0.0, "level_hu_moment_0": 0.2548829568614105, "level_hu_moment_1": 0.0006378157868547731, "level_hu_moment_2": 0.005246891452604345, "level_hu_moment_3": 0.00012394432310120765, "level_hu_moment_4": -6.797642274456652e-08, "level_hu_moment_5": -3.1175283000502324e-06, "level_hu_moment_6": 7.327745742768391e-08, "level_centroid_x": 46.46553191489362, "level_centroid_y": 48.782978723404256, "number_of_artifacts": 31, "number_of_powerups": 24, "number_of_weapons": 2, "number_of_ammunitions": 18, "number_of_keys": 2, "number_of_monsters": 101, "number_of_obstacles": 29, "number_of_decorations": 0, "walkable_area": 2506, "walkable_percentage": 0.7109219858156028, "start_location_x_px": 7, "start_location_y_px": 64, "artifacts_per_walkable_area": 0.012370311252992818, "powerups_per_walkable_area": 0.009577015163607342, "weapons_per_walkable_area": 0.0007980845969672786, "ammunitions_per_walkable_area": 0.007182761372705506, "keys_per_walkable_area": 0.0007980845969672786, "monsters_per_walkable_area": 0.04030327214684756, "obstacles_per_walkable_area": 0.01157222665602554, "decorations_per_walkable_area": 0.0, "nodes": 41, "avg-path-length": 4.863414634146341, "diameter-mean": 14.0, "art-points": 13, "assortativity-mean": 0.17779081707495975, "betw-cen": NaN, "closn-cen": NaN, "distmap-max": 12.0, "distmap-mean": -Infinity, "distmap-var": 0.0, "distmap-skew": 0, "distmap-kurt": 0.0, "distmap-Q1": 0.030769230769230747, "distmap-Q2": 0.06282051282051282, "distmap-Q3": 0.13288461538461538, "path_wallmap": "Rebirth1_MAP03_wallmap.png", "path_heightmap": "Rebirth1_MAP03_heightmap.png", "path_triggermap": "Rebirth1_MAP03_triggermap.png", "path_thingsmap": "Rebirth1_MAP03_thingsmap.png", "path_floormap": "Rebirth1_MAP03_floormap.png", "path_roommap": "Rebirth1_MAP03_roommap.png", "slot": "MAP03", "path_json": "Rebirth1_MAP03.json"}