{"number_of_lines": 1545, "number_of_things": 270, "number_of_sectors": 364, "number_of_subsectors": 682, "number_of_vertices": 1286, "x_max": 2120, "y_max": 944, "x_min": -1240, "y_min": -1880, "height": 2825, "width": 3361, "aspect_ratio": 1.1897345132743362, "floor_height_max": 128.0, "floor_height_min": -128.0, "floor_height_avg": 12.395604395604396, "ceiling_height_max": 288.0, "ceiling_height_min": -128.0, "ceiling_height_avg": 154.36263736263737, "room_height_max": 384.0, "room_height_min": 0.0, "room_height_avg": 141.96703296703296, "sector_area_max": 217408.0, "sector_area_min": 64.0, "sector_area_avg": 10762.10989010989, "lines_per_sector_max": 57.0, "lines_per_sector_min": 3.0, "lines_per_sector_avg": 6.368131868131868, "sector_aspect_ratio_max": 21.666666666666668, "sector_aspect_ratio_min": 1.0, "sector_aspect_ratio_avg": 3.8353411011652296, "floors": 1, "level_area": 4367, "floors_area_mean": 4367.0, "floors_area_min": 4367, "floors_area_max": 4367, "floors_area_std": 0.0, "level_bbox_area": 9434, "level_convex_area": 6311, "floors_convex_area_mean": 6311.0, "floors_convex_area_min": 6311, "floors_convex_area_max": 6311, "floors_convex_area_std": 0.0, "level_eccentricity": 0.7815332912783439, "floors_eccentricity_mean": 0.7815332912783439, "floors_eccentricity_min": 0.7815332912783439, "floors_eccentricity_max": 0.7815332912783439, "floors_eccentricity_std": 0.0, "level_equivalent_diameter": 74.56699733701537, "floors_equivalent_diameter_mean": 74.56699733701537, "floors_equivalent_diameter_min": 74.56699733701537, "floors_equivalent_diameter_max": 74.56699733701537, "floors_equivalent_diameter_std": 0.0, "level_euler_number": -15, "floors_euler_number_mean": -15.0, "floors_euler_number_min": -15, "floors_euler_number_max": -15, "floors_euler_number_std": 0.0, "level_extent": 0.4629001483994064, "floors_extent_mean": 0.4629001483994064, "floors_extent_min": 0.4629001483994064, "floors_extent_max": 0.4629001483994064, "floors_extent_std": 0.0, "level_filled_area": 4812, "floors_filled_area_mean": 4812.0, "floors_filled_area_min": 4812, "floors_filled_area_max": 4812, "floors_filled_area_std": 0.0, "level_major_axis_length": 105.70745601401813, "floors_major_axis_length_mean": 105.70745601401813, "floors_major_axis_length_min": 105.70745601401813, "floors_major_axis_length_max": 105.70745601401813, "floors_major_axis_length_std": 0.0, "level_minor_axis_length": 65.94702755083271, "floors_minor_axis_length_mean": 65.94702755083271, "floors_minor_axis_length_min": 65.94702755083271, "floors_minor_axis_length_max": 65.94702755083271, "floors_minor_axis_length_std": 0.0, "level_orientation": -0.6002765330956781, "floors_orientation_mean": -0.6002765330956781, "floors_orientation_min": -0.6002765330956781, "floors_orientation_max": -0.6002765330956781, "floors_orientation_std": 0.0, "level_perimeter": 937.9137802864846, "floors_perimeter_mean": 937.9137802864846, "floors_perimeter_min": 937.9137802864846, "floors_perimeter_max": 937.9137802864846, "floors_perimeter_std": 0.0, "level_solidity": 0.6919664078592933, "floors_solidity_mean": 0.6919664078592933, "floors_solidity_min": 0.6919664078592933, "floors_solidity_max": 0.6919664078592933, "floors_solidity_std": 0.0, "level_hu_moment_0": 0.22216448219237844, "level_hu_moment_1": 0.009541267357836624, "level_hu_moment_2": 0.00015260765391960553, "level_hu_moment_3": 1.6568805489483213e-05, "level_hu_moment_4": 3.6862735014720163e-10, "level_hu_moment_5": -2.561334639391211e-07, "level_hu_moment_6": -7.471669296994522e-10, "level_centroid_x": 56.605449965651474, "level_centroid_y": 40.063201282344856, "number_of_artifacts": 23, "number_of_powerups": 26, "number_of_weapons": 7, "number_of_ammunitions": 78, "number_of_keys": 2, "number_of_monsters": 85, "number_of_obstacles": 21, "number_of_decorations": 0, "walkable_area": 3146, "walkable_percentage": 0.7204030226700252, "start_location_x_px": 26, "start_location_y_px": 55, "artifacts_per_walkable_area": 0.007310870947234584, "powerups_per_walkable_area": 0.008264462809917356, "weapons_per_walkable_area": 0.0022250476795931343, "ammunitions_per_walkable_area": 0.024793388429752067, "keys_per_walkable_area": 0.0006357279084551812, "monsters_per_walkable_area": 0.0270184361093452, "obstacles_per_walkable_area": 0.006675143038779402, "decorations_per_walkable_area": 0.0, "nodes": 46, "avg-path-length": 4.607729468599034, "diameter-mean": 11.0, "art-points": 10, "assortativity-mean": 0.10034122414160805, "betw-cen": NaN, "closn-cen": NaN, "distmap-max": 13.601470508735444, "distmap-mean": -Infinity, "distmap-var": 0.0, "distmap-skew": 0, "distmap-kurt": 0.0, "distmap-Q1": 0.014234006734006734, "distmap-Q2": 0.04279461279461279, "distmap-Q3": 0.11389730639730641, "path_wallmap": "Rebirth1_MAP16_wallmap.png", "path_heightmap": "Rebirth1_MAP16_heightmap.png", "path_triggermap": "Rebirth1_MAP16_triggermap.png", "path_thingsmap": "Rebirth1_MAP16_thingsmap.png", "path_floormap": "Rebirth1_MAP16_floormap.png", "path_roommap": "Rebirth1_MAP16_roommap.png", "slot": "MAP16", "path_json": "Rebirth1_MAP16.json"}