{"number_of_lines": 1048, "number_of_things": 205, "number_of_sectors": 219, "number_of_subsectors": 506, "number_of_vertices": 982, "x_max": 1760, "y_max": 1664, "x_min": -1920, "y_min": -1312, "height": 2977, "width": 3681, "aspect_ratio": 1.2364796775277125, "floor_height_max": 128.0, "floor_height_min": -256.0, "floor_height_avg": -114.74885844748859, "ceiling_height_max": 192.0, "ceiling_height_min": -1232.0, "ceiling_height_avg": 4.237442922374429, "room_height_max": 424.0, "room_height_min": -1000.0, "room_height_avg": 118.98630136986301, "sector_area_max": 368640.0, "sector_area_min": 256.0, "sector_area_avg": 15899.506849315068, "lines_per_sector_max": 32.0, "lines_per_sector_min": 4.0, "lines_per_sector_avg": 6.954337899543379, "sector_aspect_ratio_max": 31.22222222222222, "sector_aspect_ratio_min": 1.0, "sector_aspect_ratio_avg": 4.720569960846292, "floors": 1, "level_area": 3876, "floors_area_mean": 3876.0, "floors_area_min": 3876, "floors_area_max": 3876, "floors_area_std": 0.0, "level_bbox_area": 10904, "level_convex_area": 7920, "floors_convex_area_mean": 7920.0, "floors_convex_area_min": 7920, "floors_convex_area_max": 7920, "floors_convex_area_std": 0.0, "level_eccentricity": 0.5075700463287165, "floors_eccentricity_mean": 0.5075700463287165, "floors_eccentricity_min": 0.5075700463287165, "floors_eccentricity_max": 0.5075700463287165, "floors_eccentricity_std": 0.0, "level_equivalent_diameter": 70.2500994689224, "floors_equivalent_diameter_mean": 70.2500994689224, "floors_equivalent_diameter_min": 70.2500994689224, "floors_equivalent_diameter_max": 70.2500994689224, "floors_equivalent_diameter_std": 0.0, "level_euler_number": -6, "floors_euler_number_mean": -6.0, "floors_euler_number_min": -6, "floors_euler_number_max": -6, "floors_euler_number_std": 0.0, "level_extent": 0.35546588407923696, "floors_extent_mean": 0.35546588407923696, "floors_extent_min": 0.35546588407923696, "floors_extent_max": 0.35546588407923696, "floors_extent_std": 0.0, "level_filled_area": 4340, "floors_filled_area_mean": 4340.0, "floors_filled_area_min": 4340, "floors_filled_area_max": 4340, "floors_filled_area_std": 0.0, "level_major_axis_length": 102.77378269604667, "floors_major_axis_length_mean": 102.77378269604667, "floors_major_axis_length_min": 102.77378269604667, "floors_major_axis_length_max": 102.77378269604667, "floors_major_axis_length_std": 0.0, "level_minor_axis_length": 88.55096995923664, "floors_minor_axis_length_mean": 88.55096995923664, "floors_minor_axis_length_min": 88.55096995923664, "floors_minor_axis_length_max": 88.55096995923664, "floors_minor_axis_length_std": 0.0, "level_orientation": -0.2604847162672316, "floors_orientation_mean": -0.2604847162672316, "floors_orientation_min": -0.2604847162672316, "floors_orientation_max": -0.2604847162672316, "floors_orientation_std": 0.0, "level_perimeter": 990.6406563273158, "floors_perimeter_mean": 990.6406563273158, "floors_perimeter_min": 990.6406563273158, "floors_perimeter_max": 990.6406563273158, "floors_perimeter_std": 0.0, "level_solidity": 0.4893939393939394, "floors_solidity_mean": 0.4893939393939394, "floors_solidity_min": 0.4893939393939394, "floors_solidity_max": 0.4893939393939394, "floors_solidity_std": 0.0, "level_hu_moment_0": 0.2967576865708181, "level_hu_moment_1": 0.0019253327709598794, "level_hu_moment_2": 0.014640674169393917, "level_hu_moment_3": 0.001024576993695306, "level_hu_moment_4": 2.1457147386893632e-06, "level_hu_moment_5": 9.637902275383869e-06, "level_hu_moment_6": -3.338083462450332e-06, "level_centroid_x": 45.48090815273478, "level_centroid_y": 45.491486068111456, "number_of_artifacts": 19, "number_of_powerups": 14, "number_of_weapons": 5, "number_of_ammunitions": 33, "number_of_keys": 3, "number_of_monsters": 83, "number_of_obstacles": 23, "number_of_decorations": 2, "walkable_area": 2654, "walkable_percentage": 0.6847265221878225, "start_location_x_px": 8, "start_location_y_px": 52, "artifacts_per_walkable_area": 0.007159005275056519, "powerups_per_walkable_area": 0.0052750565184626974, "weapons_per_walkable_area": 0.0018839487565938207, "ammunitions_per_walkable_area": 0.012434061793519217, "keys_per_walkable_area": 0.0011303692539562924, "monsters_per_walkable_area": 0.03127354935945742, "obstacles_per_walkable_area": 0.008666164280331574, "decorations_per_walkable_area": 0.0007535795026375283, "nodes": 65, "avg-path-length": 11.234615384615385, "diameter-mean": 34.0, "art-points": 42, "assortativity-mean": 0.2880445212051422, "betw-cen": NaN, "closn-cen": NaN, "distmap-max": 13.416407864998739, "distmap-mean": -Infinity, "distmap-var": 0.0, "distmap-skew": 0, "distmap-kurt": 0.0, "distmap-Q1": 0.03125, "distmap-Q2": 0.11904761904761904, "distmap-Q3": 0.26785714285714285, "path_wallmap": "Rebirth1_MAP08_wallmap.png", "path_heightmap": "Rebirth1_MAP08_heightmap.png", "path_triggermap": "Rebirth1_MAP08_triggermap.png", "path_thingsmap": "Rebirth1_MAP08_thingsmap.png", "path_floormap": "Rebirth1_MAP08_floormap.png", "path_roommap": "Rebirth1_MAP08_roommap.png", "slot": "MAP08", "path_json": "Rebirth1_MAP08.json"}