{"number_of_lines": 894, "number_of_things": 121, "number_of_sectors": 229, "number_of_subsectors": 458, "number_of_vertices": 793, "x_max": 3136, "y_max": 2000, "x_min": 56, "y_min": -840, "height": 2841, "width": 3081, "aspect_ratio": 1.0844772967265048, "floor_height_max": 352.0, "floor_height_min": -320.0, "floor_height_avg": 7.580786026200873, "ceiling_height_max": 512.0, "ceiling_height_min": -320.0, "ceiling_height_avg": 212.0349344978166, "room_height_max": 832.0, "room_height_min": 0.0, "room_height_avg": 204.45414847161572, "sector_area_max": 311296.0, "sector_area_min": 64.0, "sector_area_avg": 14788.61135371179, "lines_per_sector_max": 52.0, "lines_per_sector_min": 3.0, "lines_per_sector_avg": 5.973799126637554, "sector_aspect_ratio_max": 43.0, "sector_aspect_ratio_min": 1.0, "sector_aspect_ratio_avg": 4.196342584818426, "floors": 2, "level_area": 3496, "floors_area_mean": 1748.0, "floors_area_min": 1627, "floors_area_max": 1869, "floors_area_std": 121.0, "level_bbox_area": 8633, "level_convex_area": 6451, "floors_convex_area_mean": 1973.0, "floors_convex_area_min": 1760, "floors_convex_area_max": 2186, "floors_convex_area_std": 213.0, "level_eccentricity": 0.8909430041179629, "floors_eccentricity_mean": 0.5604226254419451, "floors_eccentricity_min": 0.17858856683267252, "floors_eccentricity_max": 0.9422566840512177, "floors_eccentricity_std": 0.38183405860927255, "level_equivalent_diameter": 66.7176546979443, "floors_equivalent_diameter_mean": 47.148206798128214, "floors_equivalent_diameter_min": 45.5144014492568, "floors_equivalent_diameter_max": 48.78201214699963, "floors_equivalent_diameter_std": 1.6338053488714124, "level_euler_number": -18, "floors_euler_number_mean": -9.0, "floors_euler_number_min": -11, "floors_euler_number_max": -7, "floors_euler_number_std": 2.0, "level_extent": 0.4049577203753041, "floors_extent_mean": 0.7847329147329147, "floors_extent_min": 0.7551515151515151, "floors_extent_max": 0.8143143143143143, "floors_extent_std": 0.029581399581399603, "level_filled_area": 3570, "floors_filled_area_mean": 1785.0, "floors_filled_area_min": 1662, "floors_filled_area_max": 1908, "floors_filled_area_std": 123.0, "level_major_axis_length": 139.42131354197605, "floors_major_axis_length_mean": 66.39836101504292, "floors_major_axis_length_min": 50.95908257079521, "floors_major_axis_length_max": 81.83763945929064, "floors_major_axis_length_std": 15.439278444247716, "level_minor_axis_length": 63.31332978415709, "floors_minor_axis_length_mean": 38.7732945339837, "floors_minor_axis_length_min": 27.4067328393408, "floors_minor_axis_length_max": 50.1398562286266, "floors_minor_axis_length_std": 11.366561694642899, "level_orientation": 0.44701121962470086, "floors_orientation_mean": 0.8317604136374891, "floors_orientation_min": 0.09601245010934865, "floors_orientation_max": 1.5675083771656295, "floors_orientation_std": 0.7357479635281404, "level_perimeter": 604.7827919510468, "floors_perimeter_mean": 302.3913959755234, "floors_perimeter_min": 290.5096679918781, "floors_perimeter_max": 314.2731239591687, "floors_perimeter_std": 11.881727983645305, "level_solidity": 0.5419314834909317, "floors_solidity_mean": 0.8897090472427847, "floors_solidity_min": 0.8549862763037511, "floors_solidity_max": 0.9244318181818182, "floors_solidity_std": 0.03472277093903353, "level_hu_moment_0": 0.41917334807865103, "level_hu_moment_1": 0.07609104614716412, "level_hu_moment_2": 0.005458060911919897, "level_hu_moment_3": 0.0009085852928362051, "level_hu_moment_4": 1.990330305393953e-06, "level_hu_moment_5": 0.00010541913534485274, "level_hu_moment_6": 3.639626835669248e-07, "level_centroid_x": 45.566933638443935, "level_centroid_y": 45.9762585812357, "number_of_artifacts": 5, "number_of_powerups": 8, "number_of_weapons": 7, "number_of_ammunitions": 17, "number_of_keys": 0, "number_of_monsters": 11, "number_of_obstacles": 6, "number_of_decorations": 33, "walkable_area": 2652, "walkable_percentage": 0.7585812356979404, "start_location_x_px": 8, "start_location_y_px": 8, "artifacts_per_walkable_area": 0.001885369532428356, "powerups_per_walkable_area": 0.0030165912518853697, "weapons_per_walkable_area": 0.0026395173453996985, "ammunitions_per_walkable_area": 0.00641025641025641, "keys_per_walkable_area": 0.0, "monsters_per_walkable_area": 0.004147812971342383, "obstacles_per_walkable_area": 0.0022624434389140274, "decorations_per_walkable_area": 0.012443438914027148, "nodes": 28, "avg-path-length": 2.2859848484848486, "diameter-mean": 4.5, "art-points": 4, "assortativity-mean": -0.19970304380103926, "betw-cen": NaN, "closn-cen": NaN, "distmap-max": 15.132745950421556, "distmap-mean": -Infinity, "distmap-var": 0.0, "distmap-skew": 0, "distmap-kurt": 0.0, "distmap-Q1": 0.004273504273504274, "distmap-Q2": 0.017806267806267807, "distmap-Q3": 0.03311965811965812, "path_wallmap": "Rebirth1_MAP30_wallmap.png", "path_heightmap": "Rebirth1_MAP30_heightmap.png", "path_triggermap": "Rebirth1_MAP30_triggermap.png", "path_thingsmap": "Rebirth1_MAP30_thingsmap.png", "path_floormap": "Rebirth1_MAP30_floormap.png", "path_roommap": "Rebirth1_MAP30_roommap.png", "slot": "MAP30", "path_json": "Rebirth1_MAP30.json"}