{"number_of_lines": 1455, "number_of_things": 281, "number_of_sectors": 300, "number_of_subsectors": 973, "number_of_vertices": 1488, "x_max": 4496, "y_max": 112, "x_min": -1336, "y_min": -4352, "height": 4465, "width": 5833, "aspect_ratio": 1.3063829787234043, "floor_height_max": 56.0, "floor_height_min": -384.0, "floor_height_avg": -120.18666666666667, "ceiling_height_max": 256.0, "ceiling_height_min": -384.0, "ceiling_height_avg": 58.50666666666667, "room_height_max": 576.0, "room_height_min": -8.0, "room_height_avg": 178.69333333333333, "sector_area_max": 821040.0, "sector_area_min": 64.0, "sector_area_avg": 27634.16, "lines_per_sector_max": 70.0, "lines_per_sector_min": 3.0, "lines_per_sector_avg": 7.74, "sector_aspect_ratio_max": 43.0, "sector_aspect_ratio_min": 1.0, "sector_aspect_ratio_avg": 3.818866685653649, "floors": 3, "level_area": 8677, "floors_area_mean": 2892.3333333333335, "floors_area_min": 149, "floors_area_max": 8364, "floors_area_std": 3869.057450536959, "level_bbox_area": 25620, "level_convex_area": 16636, "floors_convex_area_mean": 4459.666666666667, "floors_convex_area_min": 157, "floors_convex_area_max": 13025, "floors_convex_area_std": 6056.6272976155815, "level_eccentricity": 0.7989399928889804, "floors_eccentricity_mean": 0.6892123882205511, "floors_eccentricity_min": 0.6195678392760275, "floors_eccentricity_max": 0.8090914196655311, "floors_eccentricity_std": 0.08513684789788203, "level_equivalent_diameter": 105.10898881478694, "floors_equivalent_diameter_mean": 43.80657958174293, "floors_equivalent_diameter_min": 13.773623058786647, "floors_equivalent_diameter_max": 103.19581169875501, "floors_equivalent_diameter_std": 41.9954373938895, "level_euler_number": -26, "floors_euler_number_mean": -8.666666666666666, "floors_euler_number_min": -28, "floors_euler_number_max": 1, "floors_euler_number_std": 13.67073110293992, "level_extent": 0.33868071818891493, "floors_extent_mean": 0.6881093851682086, "floors_extent_min": 0.4722222222222222, "floors_extent_max": 0.9030303030303031, "floors_extent_std": 0.17587798961127776, "level_filled_area": 9292, "floors_filled_area_mean": 3097.3333333333335, "floors_filled_area_min": 149, "floors_filled_area_max": 8979, "floors_filled_area_std": 4158.970893008135, "level_major_axis_length": 169.85142396497602, "floors_major_axis_length_mean": 65.52557330792199, "floors_major_axis_length_min": 15.808958112872805, "floors_major_axis_length_max": 163.14058473843372, "floors_major_axis_length_std": 69.02822766801252, "level_minor_axis_length": 102.1504719289531, "floors_minor_axis_length_mean": 40.61443848281899, "floors_minor_axis_length_min": 12.409132813424476, "floors_minor_axis_length_max": 95.87491580035903, "floors_minor_axis_length_std": 39.077879225025136, "level_orientation": 0.2904181114707641, "floors_orientation_mean": 0.4697002209982588, "floors_orientation_min": 3.976579712294918e-18, "floors_orientation_max": 1.124701974123202, "floors_orientation_std": 0.4774872605669038, "level_perimeter": 1488.7453454728102, "floors_perimeter_mean": 496.2484484909367, "floors_perimeter_min": 46.828427124746185, "floors_perimeter_max": 1382.946355599587, "floors_perimeter_std": 627.0096978077887, "level_solidity": 0.5215797066602549, "floors_solidity_mean": 0.8078938692413539, "floors_solidity_min": 0.6421497120921306, "floors_solidity_max": 0.9490445859872612, "floors_solidity_std": 0.12649043149300693, "level_hu_moment_0": 0.28296232236255237, "level_hu_moment_1": 0.017593581369909597, "level_hu_moment_2": 0.0043599376913033665, "level_hu_moment_3": 0.0008133517332135944, "level_hu_moment_4": 1.531397858946667e-06, "level_hu_moment_5": 0.00010714509362353628, "level_hu_moment_6": 2.7438708051472456e-08, "level_centroid_x": 77.77987783796243, "level_centroid_y": 83.76869885905266, "number_of_artifacts": 20, "number_of_powerups": 26, "number_of_weapons": 6, "number_of_ammunitions": 51, "number_of_keys": 3, "number_of_monsters": 97, "number_of_obstacles": 38, "number_of_decorations": 16, "walkable_area": 7200, "walkable_percentage": 0.8297798778379625, "start_location_x_px": 13, "start_location_y_px": 59, "artifacts_per_walkable_area": 0.002777777777777778, "powerups_per_walkable_area": 0.003611111111111111, "weapons_per_walkable_area": 0.0008333333333333334, "ammunitions_per_walkable_area": 0.007083333333333333, "keys_per_walkable_area": 0.0004166666666666667, "monsters_per_walkable_area": 0.013472222222222222, "obstacles_per_walkable_area": 0.005277777777777778, "decorations_per_walkable_area": 0.0022222222222222222, "nodes": 56, "avg-path-length": 5.577218728162125, "diameter-mean": 14.0, "art-points": 13, "assortativity-mean": 0, "betw-cen": NaN, "closn-cen": NaN, "distmap-max": 15.132745950421556, "distmap-mean": -Infinity, "distmap-var": 0.0, "distmap-skew": 0, "distmap-kurt": 0.0, "distmap-Q1": 0.0002525252525252525, "distmap-Q2": 0.021193950082838975, "distmap-Q3": 0.10784752284752291, "path_wallmap": "Rebirth1_MAP22_wallmap.png", "path_heightmap": "Rebirth1_MAP22_heightmap.png", "path_triggermap": "Rebirth1_MAP22_triggermap.png", "path_thingsmap": "Rebirth1_MAP22_thingsmap.png", "path_floormap": "Rebirth1_MAP22_floormap.png", "path_roommap": "Rebirth1_MAP22_roommap.png", "slot": "MAP22", "path_json": "Rebirth1_MAP22.json"}