{"number_of_lines": 2275, "number_of_things": 359, "number_of_sectors": 477, "number_of_subsectors": 1100, "number_of_vertices": 2086, "x_max": 3168, "y_max": 1280, "x_min": -1432, "y_min": -2400, "height": 3681, "width": 4601, "aspect_ratio": 1.2499320836729149, "floor_height_max": 288.0, "floor_height_min": -128.0, "floor_height_avg": 60.696016771488466, "ceiling_height_max": 512.0, "ceiling_height_min": -96.0, "ceiling_height_avg": 215.94549266247378, "room_height_max": 544.0, "room_height_min": 0.0, "room_height_avg": 155.24947589098534, "sector_area_max": 333920.0, "sector_area_min": 128.0, "sector_area_avg": 14761.324947589099, "lines_per_sector_max": 64.0, "lines_per_sector_min": 3.0, "lines_per_sector_avg": 6.909853249475891, "sector_aspect_ratio_max": 21.666666666666668, "sector_aspect_ratio_min": 1.0, "sector_aspect_ratio_avg": 4.087556547243201, "floors": 1, "level_area": 7545, "floors_area_mean": 7545.0, "floors_area_min": 7545, "floors_area_max": 7545, "floors_area_std": 0.0, "level_bbox_area": 16704, "level_convex_area": 12135, "floors_convex_area_mean": 12135.0, "floors_convex_area_min": 12135, "floors_convex_area_max": 12135, "floors_convex_area_std": 0.0, "level_eccentricity": 0.5972918656323267, "floors_eccentricity_mean": 0.5972918656323267, "floors_eccentricity_min": 0.5972918656323267, "floors_eccentricity_max": 0.5972918656323267, "floors_eccentricity_std": 0.0, "level_equivalent_diameter": 98.0132254597654, "floors_equivalent_diameter_mean": 98.0132254597654, "floors_equivalent_diameter_min": 98.0132254597654, "floors_equivalent_diameter_max": 98.0132254597654, "floors_equivalent_diameter_std": 0.0, "level_euler_number": -12, "floors_euler_number_mean": -12.0, "floors_euler_number_min": -12, "floors_euler_number_max": -12, "floors_euler_number_std": 0.0, "level_extent": 0.4516882183908046, "floors_extent_mean": 0.4516882183908046, "floors_extent_min": 0.4516882183908046, "floors_extent_max": 0.4516882183908046, "floors_extent_std": 0.0, "level_filled_area": 8200, "floors_filled_area_mean": 8200.0, "floors_filled_area_min": 8200, "floors_filled_area_max": 8200, "floors_filled_area_std": 0.0, "level_major_axis_length": 125.23607322195166, "floors_major_axis_length_mean": 125.23607322195166, "floors_major_axis_length_min": 125.23607322195166, "floors_major_axis_length_max": 125.23607322195166, "floors_major_axis_length_std": 0.0, "level_minor_axis_length": 100.44233097709127, "floors_minor_axis_length_mean": 100.44233097709127, "floors_minor_axis_length_min": 100.44233097709127, "floors_minor_axis_length_max": 100.44233097709127, "floors_minor_axis_length_std": 0.0, "level_orientation": 0.0633780676545983, "floors_orientation_mean": 0.0633780676545983, "floors_orientation_min": 0.0633780676545983, "floors_orientation_max": 0.0633780676545983, "floors_orientation_std": 0.0, "level_perimeter": 1223.0214280248092, "floors_perimeter_mean": 1223.0214280248092, "floors_perimeter_min": 1223.0214280248092, "floors_perimeter_max": 1223.0214280248092, "floors_perimeter_std": 0.0, "level_solidity": 0.6217552533992583, "floors_solidity_mean": 0.6217552533992583, "floors_solidity_min": 0.6217552533992583, "floors_solidity_max": 0.6217552533992583, "floors_solidity_std": 0.0, "level_hu_moment_0": 0.2134918479801656, "level_hu_moment_1": 0.002148353357064651, "level_hu_moment_2": 0.0002102523272593069, "level_hu_moment_3": 0.00016658947372316324, "level_hu_moment_4": 1.5509902315220383e-08, "level_hu_moment_5": 5.790107408177239e-06, "level_hu_moment_6": -2.7045913939191765e-08, "level_centroid_x": 83.68402915838304, "level_centroid_y": 66.89264413518886, "number_of_artifacts": 51, "number_of_powerups": 27, "number_of_weapons": 5, "number_of_ammunitions": 57, "number_of_keys": 2, "number_of_monsters": 114, "number_of_obstacles": 49, "number_of_decorations": 6, "walkable_area": 5497, "walkable_percentage": 0.7285619615639496, "start_location_x_px": 48, "start_location_y_px": 92, "artifacts_per_walkable_area": 0.009277787884300528, "powerups_per_walkable_area": 0.004911770056394397, "weapons_per_walkable_area": 0.0009095870474804438, "ammunitions_per_walkable_area": 0.010369292341277061, "keys_per_walkable_area": 0.00036383481899217757, "monsters_per_walkable_area": 0.020738584682554122, "obstacles_per_walkable_area": 0.00891395306530835, "decorations_per_walkable_area": 0.0010915044569765327, "nodes": 47, "avg-path-length": 5.283996299722479, "diameter-mean": 13.0, "art-points": 22, "assortativity-mean": -0.03168821708249905, "betw-cen": NaN, "closn-cen": NaN, "distmap-max": 18.867962264113206, "distmap-mean": -Infinity, "distmap-var": 0.0, "distmap-skew": 0, "distmap-kurt": 0.0, "distmap-Q1": 0.0049033816425120775, "distmap-Q2": 0.07462157809983898, "distmap-Q3": 0.12463768115942028, "path_wallmap": "Rebirth1_MAP14_wallmap.png", "path_heightmap": "Rebirth1_MAP14_heightmap.png", "path_triggermap": "Rebirth1_MAP14_triggermap.png", "path_thingsmap": "Rebirth1_MAP14_thingsmap.png", "path_floormap": "Rebirth1_MAP14_floormap.png", "path_roommap": "Rebirth1_MAP14_roommap.png", "slot": "MAP14", "path_json": "Rebirth1_MAP14.json"}