{"number_of_lines": 1660, "number_of_things": 223, "number_of_sectors": 300, "number_of_subsectors": 931, "number_of_vertices": 1536, "x_max": 2072, "y_max": 1360, "x_min": -608, "y_min": -800, "height": 2161, "width": 2681, "aspect_ratio": 1.2406293382693199, "floor_height_max": 256.0, "floor_height_min": -192.0, "floor_height_avg": -10.906666666666666, "ceiling_height_max": 384.0, "ceiling_height_min": -128.0, "ceiling_height_avg": 135.07666666666665, "room_height_max": 576.0, "room_height_min": 0.0, "room_height_avg": 145.98333333333332, "sector_area_max": 184832.0, "sector_area_min": 32.0, "sector_area_avg": 9880.093333333334, "lines_per_sector_max": 104.0, "lines_per_sector_min": 3.0, "lines_per_sector_avg": 8.806666666666667, "sector_aspect_ratio_max": 25.88888888888889, "sector_aspect_ratio_min": 1.0, "sector_aspect_ratio_avg": 4.443503530032447, "floors": 1, "level_area": 3250, "floors_area_mean": 3250.0, "floors_area_min": 3250, "floors_area_max": 3250, "floors_area_std": 0.0, "level_bbox_area": 5712, "level_convex_area": 4464, "floors_convex_area_mean": 4464.0, "floors_convex_area_min": 4464, "floors_convex_area_max": 4464, "floors_convex_area_std": 0.0, "level_eccentricity": 0.6832103073021779, "floors_eccentricity_mean": 0.6832103073021779, "floors_eccentricity_min": 0.6832103073021779, "floors_eccentricity_max": 0.6832103073021779, "floors_eccentricity_std": 0.0, "level_equivalent_diameter": 64.32750982580687, "floors_equivalent_diameter_mean": 64.32750982580687, "floors_equivalent_diameter_min": 64.32750982580687, "floors_equivalent_diameter_max": 64.32750982580687, "floors_equivalent_diameter_std": 0.0, "level_euler_number": -13, "floors_euler_number_mean": -13.0, "floors_euler_number_min": -13, "floors_euler_number_max": -13, "floors_euler_number_std": 0.0, "level_extent": 0.5689775910364145, "floors_extent_mean": 0.5689775910364145, "floors_extent_min": 0.5689775910364145, "floors_extent_max": 0.5689775910364145, "floors_extent_std": 0.0, "level_filled_area": 3492, "floors_filled_area_mean": 3492.0, "floors_filled_area_min": 3492, "floors_filled_area_max": 3492, "floors_filled_area_std": 0.0, "level_major_axis_length": 82.98358321642979, "floors_major_axis_length_mean": 82.98358321642979, "floors_major_axis_length_min": 82.98358321642979, "floors_major_axis_length_max": 82.98358321642979, "floors_major_axis_length_std": 0.0, "level_minor_axis_length": 60.59641007445061, "floors_minor_axis_length_mean": 60.59641007445061, "floors_minor_axis_length_min": 60.59641007445061, "floors_minor_axis_length_max": 60.59641007445061, "floors_minor_axis_length_std": 0.0, "level_orientation": -0.07912565403838334, "floors_orientation_mean": -0.07912565403838334, "floors_orientation_min": -0.07912565403838334, "floors_orientation_max": -0.07912565403838334, "floors_orientation_std": 0.0, "level_perimeter": 726.4102089490162, "floors_perimeter_mean": 726.4102089490162, "floors_perimeter_min": 726.4102089490162, "floors_perimeter_max": 726.4102089490162, "floors_perimeter_std": 0.0, "level_solidity": 0.7280465949820788, "floors_solidity_mean": 0.7280465949820788, "floors_solidity_min": 0.7280465949820788, "floors_solidity_max": 0.7280465949820788, "floors_solidity_std": 0.0, "level_hu_moment_0": 0.20304230764132902, "level_hu_moment_1": 0.00382102330337989, "level_hu_moment_2": 0.0005959667425289453, "level_hu_moment_3": 9.315663010095503e-06, "level_hu_moment_4": -6.42978901638361e-10, "level_hu_moment_5": -3.553442860172082e-07, "level_hu_moment_6": -2.6148478335436494e-10, "level_centroid_x": 37.183692307692304, "level_centroid_y": 35.559384615384616, "number_of_artifacts": 20, "number_of_powerups": 25, "number_of_weapons": 5, "number_of_ammunitions": 31, "number_of_keys": 1, "number_of_monsters": 93, "number_of_obstacles": 15, "number_of_decorations": 0, "walkable_area": 2220, "walkable_percentage": 0.683076923076923, "start_location_x_px": 19, "start_location_y_px": 9, "artifacts_per_walkable_area": 0.009009009009009009, "powerups_per_walkable_area": 0.01126126126126126, "weapons_per_walkable_area": 0.0022522522522522522, "ammunitions_per_walkable_area": 0.013963963963963964, "keys_per_walkable_area": 0.00045045045045045046, "monsters_per_walkable_area": 0.041891891891891894, "obstacles_per_walkable_area": 0.006756756756756757, "decorations_per_walkable_area": 0.0, "nodes": 35, "avg-path-length": 3.9899159663865547, "diameter-mean": 9.0, "art-points": 5, "assortativity-mean": -0.19512195121951142, "betw-cen": NaN, "closn-cen": NaN, "distmap-max": 9.486832980505138, "distmap-mean": -Infinity, "distmap-var": 0.0, "distmap-skew": 0, "distmap-kurt": 0.0, "distmap-Q1": 0.006726933197521432, "distmap-Q2": 0.08056192173839233, "distmap-Q3": 0.1445081062728122, "path_wallmap": "Rebirth1_MAP09_wallmap.png", "path_heightmap": "Rebirth1_MAP09_heightmap.png", "path_triggermap": "Rebirth1_MAP09_triggermap.png", "path_thingsmap": "Rebirth1_MAP09_thingsmap.png", "path_floormap": "Rebirth1_MAP09_floormap.png", "path_roommap": "Rebirth1_MAP09_roommap.png", "slot": "MAP09", "path_json": "Rebirth1_MAP09.json"}