{"number_of_lines": 1119, "number_of_things": 246, "number_of_sectors": 214, "number_of_subsectors": 492, "number_of_vertices": 995, "x_max": 640, "y_max": 128, "x_min": -2544, "y_min": -3632, "height": 3761, "width": 3185, "aspect_ratio": 1.1808477237048665, "floor_height_max": 248.0, "floor_height_min": -264.0, "floor_height_avg": -95.21495327102804, "ceiling_height_max": 320.0, "ceiling_height_min": -192.0, "ceiling_height_avg": 15.102803738317757, "room_height_max": 384.0, "room_height_min": 0.0, "room_height_avg": 110.3177570093458, "sector_area_max": 473344.0, "sector_area_min": 256.0, "sector_area_avg": 24554.803738317758, "lines_per_sector_max": 40.0, "lines_per_sector_min": 3.0, "lines_per_sector_avg": 7.08411214953271, "sector_aspect_ratio_max": 35.666666666666664, "sector_aspect_ratio_min": 1.0, "sector_aspect_ratio_avg": 5.035387756005801, "floors": 2, "level_area": 5534, "floors_area_mean": 2767.0, "floors_area_min": 2550, "floors_area_max": 2984, "floors_area_std": 217.0, "level_bbox_area": 11800, "level_convex_area": 8425, "floors_convex_area_mean": 4038.0, "floors_convex_area_min": 3978, "floors_convex_area_max": 4098, "floors_convex_area_std": 60.0, "level_eccentricity": 0.7938382314093195, "floors_eccentricity_mean": 0.7961422104778002, "floors_eccentricity_min": 0.6861066187882948, "floors_eccentricity_max": 0.9061778021673057, "floors_eccentricity_std": 0.11003559168950544, "level_equivalent_diameter": 83.94109625543611, "floors_equivalent_diameter_mean": 59.30959825729468, "floors_equivalent_diameter_min": 56.98035485213009, "floors_equivalent_diameter_max": 61.63884166245928, "floors_equivalent_diameter_std": 2.3292434051645934, "level_euler_number": -15, "floors_euler_number_mean": -7.5, "floors_euler_number_min": -11, "floors_euler_number_max": -4, "floors_euler_number_std": 3.5, "level_extent": 0.4689830508474576, "floors_extent_mean": 0.5112612612612613, "floors_extent_min": 0.49783116449783116, "floors_extent_max": 0.5246913580246914, "floors_extent_std": 0.0134300967634301, "level_filled_area": 5735, "floors_filled_area_mean": 2867.5, "floors_filled_area_min": 2554, "floors_filled_area_max": 3181, "floors_filled_area_std": 313.5, "level_major_axis_length": 131.57851229056038, "floors_major_axis_length_mean": 91.73752937713547, "floors_major_axis_length_min": 81.81374616801381, "floors_major_axis_length_max": 101.66131258625714, "floors_major_axis_length_std": 9.923783209121666, "level_minor_axis_length": 80.01670712228612, "floors_minor_axis_length_mean": 51.255918291486026, "floors_minor_axis_length_min": 42.99225428276925, "floors_minor_axis_length_max": 59.5195823002028, "floors_minor_axis_length_std": 8.263664008716773, "level_orientation": 0.961773361263717, "floors_orientation_mean": -1.2974225745246049, "floors_orientation_min": -1.435535226650092, "floors_orientation_max": -1.1593099223991177, "floors_orientation_std": 0.13811265212548718, "level_perimeter": 1098.9503602129437, "floors_perimeter_mean": 549.475180106472, "floors_perimeter_min": 482.74725804511405, "floors_perimeter_max": 616.2031021678298, "floors_perimeter_std": 66.72792206135787, "level_solidity": 0.6568545994065282, "floors_solidity_mean": 0.6845928595562564, "floors_solidity_min": 0.6410256410256411, "floors_solidity_max": 0.7281600780868717, "floors_solidity_std": 0.04356721853061529, "level_hu_moment_0": 0.26783947320305007, "level_hu_moment_1": 0.015182722520947508, "level_hu_moment_2": 0.0020472966180992056, "level_hu_moment_3": 0.00044903272089763296, "level_hu_moment_4": 4.2013642750487326e-07, "level_hu_moment_5": 4.0970356125186506e-05, "level_hu_moment_6": -9.40469778772984e-08, "level_centroid_x": 45.93982652692447, "level_centroid_y": 64.61311890133719, "number_of_artifacts": 36, "number_of_powerups": 29, "number_of_weapons": 7, "number_of_ammunitions": 54, "number_of_keys": 2, "number_of_monsters": 70, "number_of_obstacles": 27, "number_of_decorations": 0, "walkable_area": 4187, "walkable_percentage": 0.7565955908926635, "start_location_x_px": 22, "start_location_y_px": 82, "artifacts_per_walkable_area": 0.008598041557200859, "powerups_per_walkable_area": 0.006926200143300693, "weapons_per_walkable_area": 0.0016718414139001673, "ammunitions_per_walkable_area": 0.01289706233580129, "keys_per_walkable_area": 0.0004776689754000478, "monsters_per_walkable_area": 0.016718414139001672, "obstacles_per_walkable_area": 0.006448531167900645, "decorations_per_walkable_area": 0.0, "nodes": 50, "avg-path-length": 4.025252525252525, "diameter-mean": 9.5, "art-points": 17, "assortativity-mean": -0.17133345223232843, "betw-cen": NaN, "closn-cen": NaN, "distmap-max": 15.0, "distmap-mean": -Infinity, "distmap-var": 0.0, "distmap-skew": 0, "distmap-kurt": 0.0, "distmap-Q1": 0.0, "distmap-Q2": 0.015093537414965984, "distmap-Q3": 0.04251700680272109, "path_wallmap": "Rebirth1_MAP27_wallmap.png", "path_heightmap": "Rebirth1_MAP27_heightmap.png", "path_triggermap": "Rebirth1_MAP27_triggermap.png", "path_thingsmap": "Rebirth1_MAP27_thingsmap.png", "path_floormap": "Rebirth1_MAP27_floormap.png", "path_roommap": "Rebirth1_MAP27_roommap.png", "slot": "MAP27", "path_json": "Rebirth1_MAP27.json"}