{"number_of_lines": 1155, "number_of_things": 199, "number_of_sectors": 267, "number_of_subsectors": 531, "number_of_vertices": 987, "x_max": 1256, "y_max": 2208, "x_min": -2232, "y_min": -696, "height": 2905, "width": 3489, "aspect_ratio": 1.2010327022375216, "floor_height_max": 176.0, "floor_height_min": -280.0, "floor_height_avg": -76.9438202247191, "ceiling_height_max": 272.0, "ceiling_height_min": -264.0, "ceiling_height_avg": 39.168539325842694, "room_height_max": 288.0, "room_height_min": 0.0, "room_height_avg": 116.11235955056179, "sector_area_max": 210816.0, "sector_area_min": 0.0, "sector_area_avg": 12762.846441947566, "lines_per_sector_max": 46.0, "lines_per_sector_min": 3.0, "lines_per_sector_avg": 6.438202247191011, "sector_aspect_ratio_max": 39.22222222222222, "sector_aspect_ratio_min": 1.0, "sector_aspect_ratio_avg": 4.402179981176117, "floors": 1, "level_area": 3818, "floors_area_mean": 3818.0, "floors_area_min": 3818, "floors_area_max": 3818, "floors_area_std": 0.0, "level_bbox_area": 10010, "level_convex_area": 6836, "floors_convex_area_mean": 6836.0, "floors_convex_area_min": 6836, "floors_convex_area_max": 6836, "floors_convex_area_std": 0.0, "level_eccentricity": 0.8301220275827852, "floors_eccentricity_mean": 0.8301220275827852, "floors_eccentricity_min": 0.8301220275827852, "floors_eccentricity_max": 0.8301220275827852, "floors_eccentricity_std": 0.0, "level_equivalent_diameter": 69.72251129871077, "floors_equivalent_diameter_mean": 69.72251129871077, "floors_equivalent_diameter_min": 69.72251129871077, "floors_equivalent_diameter_max": 69.72251129871077, "floors_equivalent_diameter_std": 0.0, "level_euler_number": -13, "floors_euler_number_mean": -13.0, "floors_euler_number_min": -13, "floors_euler_number_max": -13, "floors_euler_number_std": 0.0, "level_extent": 0.3814185814185814, "floors_extent_mean": 0.3814185814185814, "floors_extent_min": 0.3814185814185814, "floors_extent_max": 0.3814185814185814, "floors_extent_std": 0.0, "level_filled_area": 4115, "floors_filled_area_mean": 4115.0, "floors_filled_area_min": 4115, "floors_filled_area_max": 4115, "floors_filled_area_std": 0.0, "level_major_axis_length": 113.50355698927943, "floors_major_axis_length_mean": 113.50355698927943, "floors_major_axis_length_min": 113.50355698927943, "floors_major_axis_length_max": 113.50355698927943, "floors_major_axis_length_std": 0.0, "level_minor_axis_length": 63.287513096480126, "floors_minor_axis_length_mean": 63.287513096480126, "floors_minor_axis_length_min": 63.287513096480126, "floors_minor_axis_length_max": 63.287513096480126, "floors_minor_axis_length_std": 0.0, "level_orientation": -0.22853083046660175, "floors_orientation_mean": -0.22853083046660175, "floors_orientation_min": -0.22853083046660175, "floors_orientation_max": -0.22853083046660175, "floors_orientation_std": 0.0, "level_perimeter": 970.6000717874997, "floors_perimeter_mean": 970.6000717874997, "floors_perimeter_min": 970.6000717874997, "floors_perimeter_max": 970.6000717874997, "floors_perimeter_std": 0.0, "level_solidity": 0.5585137507314218, "floors_solidity_mean": 0.5585137507314218, "floors_solidity_min": 0.5585137507314218, "floors_solidity_max": 0.5585137507314218, "floors_solidity_std": 0.0, "level_hu_moment_0": 0.2764596444990136, "level_hu_moment_1": 0.02111999573395504, "level_hu_moment_2": 0.001848721652573762, "level_hu_moment_3": 0.00024728802704146436, "level_hu_moment_4": 1.6288589334339624e-07, "level_hu_moment_5": 1.913297171452503e-05, "level_hu_moment_6": -3.7743301916509755e-08, "level_centroid_x": 54.45652173913044, "level_centroid_y": 47.01414353064432, "number_of_artifacts": 21, "number_of_powerups": 13, "number_of_weapons": 4, "number_of_ammunitions": 36, "number_of_keys": 2, "number_of_monsters": 60, "number_of_obstacles": 33, "number_of_decorations": 4, "walkable_area": 2684, "walkable_percentage": 0.7029858564693556, "start_location_x_px": 15, "start_location_y_px": 45, "artifacts_per_walkable_area": 0.00782414307004471, "powerups_per_walkable_area": 0.004843517138599106, "weapons_per_walkable_area": 0.0014903129657228018, "ammunitions_per_walkable_area": 0.013412816691505217, "keys_per_walkable_area": 0.0007451564828614009, "monsters_per_walkable_area": 0.022354694485842028, "obstacles_per_walkable_area": 0.012295081967213115, "decorations_per_walkable_area": 0.0014903129657228018, "nodes": 44, "avg-path-length": 5.9038054968287526, "diameter-mean": 16.0, "art-points": 18, "assortativity-mean": 0.06493506493506429, "betw-cen": NaN, "closn-cen": NaN, "distmap-max": 10.04987562112089, "distmap-mean": -Infinity, "distmap-var": 0.0, "distmap-skew": 0, "distmap-kurt": 0.0, "distmap-Q1": 0.016057585825027684, "distmap-Q2": 0.05389442598744924, "distmap-Q3": 0.17275747508305647, "path_wallmap": "Rebirth1_MAP15_wallmap.png", "path_heightmap": "Rebirth1_MAP15_heightmap.png", "path_triggermap": "Rebirth1_MAP15_triggermap.png", "path_thingsmap": "Rebirth1_MAP15_thingsmap.png", "path_floormap": "Rebirth1_MAP15_floormap.png", "path_roommap": "Rebirth1_MAP15_roommap.png", "slot": "MAP15", "path_json": "Rebirth1_MAP15.json"}