{"number_of_lines": 2773, "number_of_things": 376, "number_of_sectors": 543, "number_of_subsectors": 1531, "number_of_vertices": 2587, "x_max": 2688, "y_max": 1760, "x_min": -2200, "y_min": -2408, "height": 4169, "width": 4889, "aspect_ratio": 1.1727032861597506, "floor_height_max": 256.0, "floor_height_min": -512.0, "floor_height_avg": -57.19705340699816, "ceiling_height_max": 320.0, "ceiling_height_min": -512.0, "ceiling_height_avg": 116.51012891344384, "room_height_max": 520.0, "room_height_min": 0.0, "room_height_avg": 173.707182320442, "sector_area_max": 573440.0, "sector_area_min": 128.0, "sector_area_avg": 15708.139963167587, "lines_per_sector_max": 91.0, "lines_per_sector_min": 3.0, "lines_per_sector_avg": 7.832412523020258, "sector_aspect_ratio_max": 29.0, "sector_aspect_ratio_min": 1.0, "sector_aspect_ratio_avg": 3.0792409381094528, "floors": 1, "level_area": 9044, "floors_area_mean": 9044.0, "floors_area_min": 9044, "floors_area_max": 9044, "floors_area_std": 0.0, "level_bbox_area": 20043, "level_convex_area": 14590, "floors_convex_area_mean": 14590.0, "floors_convex_area_min": 14590, "floors_convex_area_max": 14590, "floors_convex_area_std": 0.0, "level_eccentricity": 0.6908855546227293, "floors_eccentricity_mean": 0.6908855546227293, "floors_eccentricity_min": 0.6908855546227293, "floors_eccentricity_max": 0.6908855546227293, "floors_eccentricity_std": 0.0, "level_equivalent_diameter": 107.30879946483797, "floors_equivalent_diameter_mean": 107.30879946483797, "floors_equivalent_diameter_min": 107.30879946483797, "floors_equivalent_diameter_max": 107.30879946483797, "floors_equivalent_diameter_std": 0.0, "level_euler_number": -47, "floors_euler_number_mean": -47.0, "floors_euler_number_min": -47, "floors_euler_number_max": -47, "floors_euler_number_std": 0.0, "level_extent": 0.45122985581000846, "floors_extent_mean": 0.45122985581000846, "floors_extent_min": 0.45122985581000846, "floors_extent_max": 0.45122985581000846, "floors_extent_std": 0.0, "level_filled_area": 10497, "floors_filled_area_mean": 10497.0, "floors_filled_area_min": 10497, "floors_filled_area_max": 10497, "floors_filled_area_std": 0.0, "level_major_axis_length": 153.43989635579388, "floors_major_axis_length_mean": 153.43989635579388, "floors_major_axis_length_min": 153.43989635579388, "floors_major_axis_length_max": 153.43989635579388, "floors_major_axis_length_std": 0.0, "level_minor_axis_length": 110.93154299577107, "floors_minor_axis_length_mean": 110.93154299577107, "floors_minor_axis_length_min": 110.93154299577107, "floors_minor_axis_length_max": 110.93154299577107, "floors_minor_axis_length_std": 0.0, "level_orientation": -0.6566289089894145, "floors_orientation_mean": -0.6566289089894145, "floors_orientation_min": -0.6566289089894145, "floors_orientation_max": -0.6566289089894145, "floors_orientation_std": 0.0, "level_perimeter": 1996.9900782009827, "floors_perimeter_mean": 1996.9900782009827, "floors_perimeter_min": 1996.9900782009827, "floors_perimeter_max": 1996.9900782009827, "floors_perimeter_std": 0.0, "level_solidity": 0.6198766278272789, "floors_solidity_mean": 0.6198766278272789, "floors_solidity_min": 0.6198766278272789, "floors_solidity_max": 0.6198766278272789, "floors_solidity_std": 0.0, "level_hu_moment_0": 0.2477444232716398, "level_hu_moment_1": 0.006031378208868972, "level_hu_moment_2": 0.001614847574168438, "level_hu_moment_3": 2.995673009742897e-05, "level_hu_moment_4": 6.556602929246516e-09, "level_hu_moment_5": 1.3328682283815836e-06, "level_hu_moment_6": 6.507333619375717e-10, "level_centroid_x": 74.59144183989385, "level_centroid_y": 60.523219814241486, "number_of_artifacts": 43, "number_of_powerups": 40, "number_of_weapons": 6, "number_of_ammunitions": 95, "number_of_keys": 1, "number_of_monsters": 104, "number_of_obstacles": 37, "number_of_decorations": 0, "walkable_area": 6949, "walkable_percentage": 0.7683547103051747, "start_location_x_px": 22, "start_location_y_px": 103, "artifacts_per_walkable_area": 0.006187940710893654, "powerups_per_walkable_area": 0.005756223917110376, "weapons_per_walkable_area": 0.0008634335875665563, "ammunitions_per_walkable_area": 0.013671031803137142, "keys_per_walkable_area": 0.0001439055979277594, "monsters_per_walkable_area": 0.014966182184486976, "obstacles_per_walkable_area": 0.005324507123327098, "decorations_per_walkable_area": 0.0, "nodes": 83, "avg-path-length": 5.997061416397297, "diameter-mean": 17.0, "art-points": 12, "assortativity-mean": -0.04797107924773545, "betw-cen": NaN, "closn-cen": NaN, "distmap-max": 13.92838827718412, "distmap-mean": -Infinity, "distmap-var": 0.0, "distmap-skew": 0, "distmap-kurt": 0.0, "distmap-Q1": 0.006468935059720966, "distmap-Q2": 0.026311819265748812, "distmap-Q3": 0.08566240795238081, "path_wallmap": "Rebirth1_MAP28_wallmap.png", "path_heightmap": "Rebirth1_MAP28_heightmap.png", "path_triggermap": "Rebirth1_MAP28_triggermap.png", "path_thingsmap": "Rebirth1_MAP28_thingsmap.png", "path_floormap": "Rebirth1_MAP28_floormap.png", "path_roommap": "Rebirth1_MAP28_roommap.png", "slot": "MAP28", "path_json": "Rebirth1_MAP28.json"}