{"number_of_lines": 1098, "number_of_things": 161, "number_of_sectors": 124, "number_of_subsectors": 617, "number_of_vertices": 1050, "x_max": 640, "y_max": 1920, "x_min": -3408, "y_min": -1792, "height": 3713, "width": 4049, "aspect_ratio": 1.0904928629140855, "floor_height_max": 304.0, "floor_height_min": -256.0, "floor_height_avg": 76.7479674796748, "ceiling_height_max": 392.0, "ceiling_height_min": 0.0, "ceiling_height_avg": 251.4471544715447, "room_height_max": 648.0, "room_height_min": 0.0, "room_height_avg": 174.6991869918699, "sector_area_max": 1676352.0, "sector_area_min": 64.0, "sector_area_avg": 74701.0081300813, "lines_per_sector_max": 80.0, "lines_per_sector_min": 3.0, "lines_per_sector_avg": 13.040650406504065, "sector_aspect_ratio_max": 28.555555555555557, "sector_aspect_ratio_min": 1.0, "sector_aspect_ratio_avg": 3.607132997314779, "floors": 5, "level_area": 9196, "floors_area_mean": 1839.2, "floors_area_min": 3, "floors_area_max": 9150, "floors_area_std": 3655.4186299246217, "level_bbox_area": 14859, "level_convex_area": 11206, "floors_convex_area_mean": 2251.2, "floors_convex_area_min": 3, "floors_convex_area_max": 11206, "floors_convex_area_std": 4477.419497880447, "level_eccentricity": 0.26280774896860465, "floors_eccentricity_mean": 0.7764124532829115, "floors_eccentricity_min": 0.26170937519120824, "floors_eccentricity_max": 1.0, "floors_eccentricity_std": 0.27127510993177123, "level_equivalent_diameter": 108.20679670605057, "floors_equivalent_diameter_mean": 24.23762413818386, "floors_equivalent_diameter_min": 1.9544100476116797, "floors_equivalent_diameter_max": 107.93582275744573, "floors_equivalent_diameter_std": 41.884122848796046, "level_euler_number": -9, "floors_euler_number_mean": -1.8, "floors_euler_number_min": -12, "floors_euler_number_max": 1, "floors_euler_number_std": 5.1146847410177685, "level_extent": 0.6188841779392961, "floors_extent_mean": 0.8931576822128005, "floors_extent_min": 0.6157884110640016, "floors_extent_max": 1.0, "floors_extent_std": 0.15036099276209888, "level_filled_area": 9763, "floors_filled_area_mean": 1962.2, "floors_filled_area_min": 3, "floors_filled_area_max": 9763, "floors_filled_area_std": 3900.4198440680716, "level_major_axis_length": 120.59387306113692, "floors_major_axis_length_mean": 28.01710191209054, "floors_major_axis_length_min": 3.265986323710904, "floors_major_axis_length_max": 120.84239565072056, "floors_major_axis_length_std": 46.474305891873406, "level_minor_axis_length": 116.3547837312528, "floors_minor_axis_length_mean": 24.780369238828122, "floors_minor_axis_length_min": 0.0, "floors_minor_axis_length_max": 116.63064253859491, "floors_minor_axis_length_std": 45.96554985830246, "level_orientation": 0.13846370956430215, "floors_orientation_mean": 0.682961972068927, "floors_orientation_min": 0.0, "floors_orientation_max": 1.5707963267948966, "floors_orientation_std": 0.7266298399964682, "level_perimeter": 1015.8315651863257, "floors_perimeter_mean": 203.16631303726516, "floors_perimeter_min": 1.0, "floors_perimeter_max": 982.6244584051392, "floors_perimeter_std": 389.83110976998523, "level_solidity": 0.8206318043905051, "floors_solidity_mean": 0.94225274054313, "floors_solidity_min": 0.8165268606103873, "floors_solidity_max": 1.0, "floors_solidity_std": 0.07492529000752322, "level_hu_moment_0": 0.1908528022851798, "level_hu_moment_1": 4.660320110494061e-05, "level_hu_moment_2": 0.0007183966672342093, "level_hu_moment_3": 7.0507068344838965e-06, "level_hu_moment_4": -2.6531872240659344e-10, "level_hu_moment_5": -3.206709101733133e-08, "level_hu_moment_6": -4.2592226526955637e-10, "level_centroid_x": 65.21117877337973, "level_centroid_y": 51.99325793823402, "number_of_artifacts": 26, "number_of_powerups": 11, "number_of_weapons": 5, "number_of_ammunitions": 20, "number_of_keys": 1, "number_of_monsters": 40, "number_of_obstacles": 18, "number_of_decorations": 17, "walkable_area": 8001, "walkable_percentage": 0.8700521966072206, "start_location_x_px": 53, "start_location_y_px": 60, "artifacts_per_walkable_area": 0.0032495938007749033, "powerups_per_walkable_area": 0.0013748281464816899, "weapons_per_walkable_area": 0.0006249218847644045, "ammunitions_per_walkable_area": 0.002499687539057618, "keys_per_walkable_area": 0.00012498437695288088, "monsters_per_walkable_area": 0.004999375078115236, "obstacles_per_walkable_area": 0.0022497187851518562, "decorations_per_walkable_area": 0.002124734408198975, "nodes": 29, "avg-path-length": 2.495, "diameter-mean": 5.5, "art-points": 7, "assortativity-mean": 0, "betw-cen": NaN, "closn-cen": NaN, "distmap-max": 19.313207915827967, "distmap-mean": -Infinity, "distmap-var": 0.0, "distmap-skew": 0, "distmap-kurt": 0.0, "distmap-Q1": 0.003968253968253968, "distmap-Q2": 0.06084656084656084, "distmap-Q3": 0.1164021164021164, "path_wallmap": "TVR_MAP29_wallmap.png", "path_heightmap": "TVR_MAP29_heightmap.png", "path_triggermap": "TVR_MAP29_triggermap.png", "path_thingsmap": "TVR_MAP29_thingsmap.png", "path_floormap": "TVR_MAP29_floormap.png", "path_roommap": "TVR_MAP29_roommap.png", "slot": "MAP29", "path_json": "TVR_MAP29.json"}