{"number_of_lines": 606, "number_of_things": 219, "number_of_sectors": 103, "number_of_subsectors": 309, "number_of_vertices": 512, "x_max": 1536, "y_max": 1536, "x_min": -1664, "y_min": -1088, "height": 2625, "width": 3201, "aspect_ratio": 1.2194285714285715, "floor_height_max": 423.0, "floor_height_min": -512.0, "floor_height_avg": 99.45631067961165, "ceiling_height_max": 511.0, "ceiling_height_min": 64.0, "ceiling_height_avg": 412.6116504854369, "room_height_max": 1023.0, "room_height_min": 0.0, "room_height_avg": 313.15533980582524, "sector_area_max": 405504.0, "sector_area_min": 256.0, "sector_area_avg": 37255.45631067961, "lines_per_sector_max": 61.0, "lines_per_sector_min": 3.0, "lines_per_sector_avg": 8.78640776699029, "sector_aspect_ratio_max": 26.41176470588235, "sector_aspect_ratio_min": 1.0, "sector_aspect_ratio_avg": 2.6702173036473256, "floors": 2, "level_area": 4020, "floors_area_mean": 2010.0, "floors_area_min": 1363, "floors_area_max": 2657, "floors_area_std": 647.0, "level_bbox_area": 8383, "level_convex_area": 6008, "floors_convex_area_mean": 2993.5, "floors_convex_area_min": 2060, "floors_convex_area_max": 3927, "floors_convex_area_std": 933.5, "level_eccentricity": 0.621718791513965, "floors_eccentricity_mean": 0.8524147297864041, "floors_eccentricity_min": 0.8381571054267128, "floors_eccentricity_max": 0.8666723541460953, "floors_eccentricity_std": 0.014257624359691246, "level_equivalent_diameter": 71.54315459801415, "floors_equivalent_diameter_mean": 49.91098962277283, "floors_equivalent_diameter_min": 41.658438514591815, "floors_equivalent_diameter_max": 58.16354073095385, "floors_equivalent_diameter_std": 8.252551108181017, "level_euler_number": -5, "floors_euler_number_mean": -2.5, "floors_euler_number_min": -4, "floors_euler_number_max": -1, "floors_euler_number_std": 1.5, "level_extent": 0.4795419300966241, "floors_extent_mean": 0.47724693029387594, "floors_extent_min": 0.47540983606557374, "floors_extent_max": 0.47908402452217813, "floors_extent_std": 0.001837094228302194, "level_filled_area": 4216, "floors_filled_area_mean": 2108.0, "floors_filled_area_min": 1456, "floors_filled_area_max": 2760, "floors_filled_area_std": 652.0, "level_major_axis_length": 100.2995632201399, "floors_major_axis_length_mean": 81.61702903029801, "floors_major_axis_length_min": 64.58646816954437, "floors_major_axis_length_max": 98.64758989105165, "floors_major_axis_length_std": 17.03056086075364, "level_minor_axis_length": 78.55868410817988, "floors_minor_axis_length_mean": 42.220207489234184, "floors_minor_axis_length_min": 35.22732520318665, "floors_minor_axis_length_max": 49.213089775281716, "floors_minor_axis_length_std": 6.992882286047532, "level_orientation": -0.42594871448730537, "floors_orientation_mean": 0.19974042290431976, "floors_orientation_min": 0.08837305165175421, "floors_orientation_max": 0.31110779415688533, "floors_orientation_std": 0.11136737125256556, "level_perimeter": 991.399061660723, "floors_perimeter_mean": 495.69953083036154, "floors_perimeter_min": 315.12489168102786, "floors_perimeter_max": 676.2741699796952, "floors_perimeter_std": 180.57463914933368, "level_solidity": 0.6691078561917443, "floors_solidity_mean": 0.6691241986644614, "floors_solidity_min": 0.6616504854368932, "floors_solidity_max": 0.6765979118920296, "floors_solidity_std": 0.0074737132275681795, "level_hu_moment_0": 0.25235493207337745, "level_hu_moment_1": 0.0036549384882528548, "level_hu_moment_2": 0.0030630894994925946, "level_hu_moment_3": 7.262623026364442e-05, "level_hu_moment_4": -2.0793698583011637e-08, "level_hu_moment_5": -3.6010631308199487e-06, "level_hu_moment_6": -2.722142876216644e-08, "level_centroid_x": 44.46990049751244, "level_centroid_y": 40.52064676616916, "number_of_artifacts": 18, "number_of_powerups": 20, "number_of_weapons": 8, "number_of_ammunitions": 9, "number_of_keys": 3, "number_of_monsters": 85, "number_of_obstacles": 28, "number_of_decorations": 29, "walkable_area": 3194, "walkable_percentage": 0.7945273631840796, "start_location_x_px": 6, "start_location_y_px": 35, "artifacts_per_walkable_area": 0.005635566687539136, "powerups_per_walkable_area": 0.006261740763932373, "weapons_per_walkable_area": 0.002504696305572949, "ammunitions_per_walkable_area": 0.002817783343769568, "keys_per_walkable_area": 0.000939261114589856, "monsters_per_walkable_area": 0.026612398246712587, "obstacles_per_walkable_area": 0.008766437069505322, "decorations_per_walkable_area": 0.009079524107701941, "nodes": 39, "avg-path-length": 3.8275132275132275, "diameter-mean": 10.0, "art-points": 15, "assortativity-mean": 0, "betw-cen": NaN, "closn-cen": NaN, "distmap-max": 12.0, "distmap-mean": -Infinity, "distmap-var": 0.0, "distmap-skew": 0, "distmap-kurt": 0.0, "distmap-Q1": 0.002489331436699858, "distmap-Q2": 0.034139402560455195, "distmap-Q3": 0.08783783783783784, "path_wallmap": "TVR_MAP32_wallmap.png", "path_heightmap": "TVR_MAP32_heightmap.png", "path_triggermap": "TVR_MAP32_triggermap.png", "path_thingsmap": "TVR_MAP32_thingsmap.png", "path_floormap": "TVR_MAP32_floormap.png", "path_roommap": "TVR_MAP32_roommap.png", "slot": "MAP32", "path_json": "TVR_MAP32.json"}