{"number_of_lines": 1126, "number_of_things": 148, "number_of_sectors": 124, "number_of_subsectors": 647, "number_of_vertices": 1131, "x_max": 1024, "y_max": 2080, "x_min": -3776, "y_min": -2016, "height": 4097, "width": 4801, "aspect_ratio": 1.171833048572126, "floor_height_max": 196.0, "floor_height_min": -4000.0, "floor_height_avg": -186.19672131147541, "ceiling_height_max": 312.0, "ceiling_height_min": -3992.0, "ceiling_height_avg": -34.50819672131148, "room_height_max": 4256.0, "room_height_min": 0.0, "room_height_avg": 151.68852459016392, "sector_area_max": 1992064.0, "sector_area_min": 128.0, "sector_area_avg": 63236.19672131148, "lines_per_sector_max": 88.0, "lines_per_sector_min": 3.0, "lines_per_sector_avg": 13.073770491803279, "sector_aspect_ratio_max": 20.636363636363637, "sector_aspect_ratio_min": 1.0, "sector_aspect_ratio_avg": 3.312707063228921, "floors": 2, "level_area": 8232, "floors_area_mean": 4116.0, "floors_area_min": 9, "floors_area_max": 8223, "floors_area_std": 4107.0, "level_bbox_area": 19350, "level_convex_area": 12609, "floors_convex_area_mean": 6178.0, "floors_convex_area_min": 9, "floors_convex_area_max": 12347, "floors_convex_area_std": 6169.0, "level_eccentricity": 0.7618422516898878, "floors_eccentricity_mean": 0.3818017842613853, "floors_eccentricity_min": 0.0, "floors_eccentricity_max": 0.7636035685227706, "floors_eccentricity_std": 0.3818017842613853, "level_equivalent_diameter": 102.37825908004034, "floors_equivalent_diameter_mean": 52.853708242344496, "floors_equivalent_diameter_min": 3.385137501286538, "floors_equivalent_diameter_max": 102.32227898340246, "floors_equivalent_diameter_std": 49.46857074105796, "level_euler_number": -11, "floors_euler_number_mean": -5.5, "floors_euler_number_min": -12, "floors_euler_number_max": 1, "floors_euler_number_std": 6.5, "level_extent": 0.4254263565891473, "floors_extent_mean": 0.7124806201550388, "floors_extent_min": 0.42496124031007754, "floors_extent_max": 1.0, "floors_extent_std": 0.28751937984496123, "level_filled_area": 8743, "floors_filled_area_mean": 4371.5, "floors_filled_area_min": 9, "floors_filled_area_max": 8734, "floors_filled_area_std": 4362.5, "level_major_axis_length": 150.39172292172873, "floors_major_axis_length_mean": 76.84534728026476, "floors_major_axis_length_min": 3.265986323710904, "floors_major_axis_length_max": 150.42470823681862, "floors_major_axis_length_std": 73.57936095655386, "level_minor_axis_length": 97.41813317748506, "floors_minor_axis_length_mean": 50.196509457922446, "floors_minor_axis_length_min": 3.265986323710904, "floors_minor_axis_length_max": 97.12703259213399, "floors_minor_axis_length_std": 46.93052313421154, "level_orientation": 0.7085860689820124, "floors_orientation_mean": 0.7481887249689663, "floors_orientation_min": 0.7109792865404841, "floors_orientation_max": 0.7853981633974483, "floors_orientation_std": 0.03720943842848207, "level_perimeter": 1296.0336213336288, "floors_perimeter_mean": 648.0168106668144, "floors_perimeter_min": 8.0, "floors_perimeter_max": 1288.0336213336288, "floors_perimeter_std": 640.0168106668144, "level_solidity": 0.6528669997620747, "floors_solidity_mean": 0.8329958694419697, "floors_solidity_min": 0.6659917388839394, "floors_solidity_max": 1.0, "floors_solidity_std": 0.16700413055803032, "level_hu_moment_0": 0.24377401447971522, "level_hu_moment_1": 0.009933568016572993, "level_hu_moment_2": 0.0010943169071110474, "level_hu_moment_3": 2.2664027982071052e-05, "level_hu_moment_4": 6.845072318129667e-10, "level_hu_moment_5": -1.2115553912443131e-06, "level_hu_moment_6": -3.50300001102449e-09, "level_centroid_x": 81.65706997084548, "level_centroid_y": 59.94606413994169, "number_of_artifacts": 2, "number_of_powerups": 17, "number_of_weapons": 8, "number_of_ammunitions": 20, "number_of_keys": 2, "number_of_monsters": 54, "number_of_obstacles": 16, "number_of_decorations": 18, "walkable_area": 6787, "walkable_percentage": 0.8244655004859086, "start_location_x_px": 74, "start_location_y_px": 111, "artifacts_per_walkable_area": 0.0002946810078090467, "powerups_per_walkable_area": 0.002504788566376897, "weapons_per_walkable_area": 0.0011787240312361867, "ammunitions_per_walkable_area": 0.002946810078090467, "keys_per_walkable_area": 0.0002946810078090467, "monsters_per_walkable_area": 0.007956387210844261, "obstacles_per_walkable_area": 0.0023574480624723735, "decorations_per_walkable_area": 0.0026521290702814205, "nodes": 53, "avg-path-length": 8.012066365007541, "diameter-mean": 21.0, "art-points": 29, "assortativity-mean": 0, "betw-cen": NaN, "closn-cen": NaN, "distmap-max": 13.601470508735444, "distmap-mean": -Infinity, "distmap-var": 0.0, "distmap-skew": 0, "distmap-kurt": 0.0, "distmap-Q1": 0.037707390648567124, "distmap-Q2": 0.08129713423831073, "distmap-Q3": 0.20361990950226244, "path_wallmap": "TVR_MAP07_wallmap.png", "path_heightmap": "TVR_MAP07_heightmap.png", "path_triggermap": "TVR_MAP07_triggermap.png", "path_thingsmap": "TVR_MAP07_thingsmap.png", "path_floormap": "TVR_MAP07_floormap.png", "path_roommap": "TVR_MAP07_roommap.png", "slot": "MAP07", "path_json": "TVR_MAP07.json"}