{"number_of_lines": 1078, "number_of_things": 188, "number_of_sectors": 159, "number_of_subsectors": 558, "number_of_vertices": 988, "x_max": 2880, "y_max": 2496, "x_min": -512, "y_min": -672, "height": 3169, "width": 3393, "aspect_ratio": 1.0706847585989272, "floor_height_max": 240.0, "floor_height_min": -96.0, "floor_height_avg": 51.465408805031444, "ceiling_height_max": 256.0, "ceiling_height_min": -80.0, "ceiling_height_avg": 167.39622641509433, "room_height_max": 256.0, "room_height_min": 0.0, "room_height_avg": 115.93081761006289, "sector_area_max": 742912.0, "sector_area_min": 128.0, "sector_area_avg": 33576.25157232704, "lines_per_sector_max": 57.0, "lines_per_sector_min": 3.0, "lines_per_sector_avg": 10.018867924528301, "sector_aspect_ratio_max": 25.0, "sector_aspect_ratio_min": 1.0, "sector_aspect_ratio_avg": 3.4393711917181813, "floors": 3, "level_area": 5603, "floors_area_mean": 1867.6666666666667, "floors_area_min": 15, "floors_area_max": 5522, "floors_area_std": 2584.0877608075843, "level_bbox_area": 10700, "level_convex_area": 7372, "floors_convex_area_mean": 2485.6666666666665, "floors_convex_area_min": 16, "floors_convex_area_max": 7372, "floors_convex_area_std": 3455.227183397481, "level_eccentricity": 0.3827535482319186, "floors_eccentricity_mean": 0.475791698118839, "floors_eccentricity_min": 0.23532042589936647, "floors_eccentricity_max": 0.7980028957406075, "floors_eccentricity_std": 0.23687401999127367, "level_equivalent_diameter": 84.4627797858389, "floors_equivalent_diameter_mean": 32.462408925113515, "floors_equivalent_diameter_min": 4.370193722368317, "floors_equivalent_diameter_max": 83.85003736449715, "floors_equivalent_diameter_std": 36.389271264514434, "level_euler_number": -8, "floors_euler_number_mean": -2.6666666666666665, "floors_euler_number_min": -10, "floors_euler_number_max": 1, "floors_euler_number_std": 5.185449728701348, "level_extent": 0.5236448598130841, "floors_extent_mean": 0.693629860389985, "floors_extent_min": 0.5160747663551402, "floors_extent_max": 0.8148148148148148, "floors_extent_std": 0.12830847885249472, "level_filled_area": 5723, "floors_filled_area_mean": 1907.6666666666667, "floors_filled_area_min": 15, "floors_filled_area_max": 5642, "floors_filled_area_std": 2640.654506409769, "level_major_axis_length": 97.408035574297, "floors_major_axis_length_mean": 37.38488318654574, "floors_major_axis_length_min": 5.82300275043736, "floors_major_axis_length_max": 97.0456590636024, "floors_major_axis_length_std": 42.210221510580936, "level_minor_axis_length": 89.9904610495573, "floors_minor_axis_length_mean": 33.90933174454181, "floors_minor_axis_length_min": 3.5092536515078487, "floors_minor_axis_length_max": 89.19352438503331, "floors_minor_axis_length_std": 39.156633583530166, "level_orientation": -0.5074791368191174, "floors_orientation_mean": 0.3238869319854707, "floors_orientation_min": -0.5905724682624348, "floors_orientation_max": 1.0985856552180417, "floors_orientation_std": 0.6966412642864138, "level_perimeter": 744.469083452062, "floors_perimeter_mean": 248.15636115068733, "floors_perimeter_min": 11.621320343559642, "floors_perimeter_max": 705.5340546095176, "floors_perimeter_std": 323.4783131492176, "level_solidity": 0.7600379815518177, "floors_solidity_mean": 0.8810240667783309, "floors_solidity_min": 0.7490504612045578, "floors_solidity_max": 0.9565217391304348, "floors_solidity_std": 0.09364198156095357, "level_hu_moment_0": 0.19617401921242417, "level_hu_moment_1": 0.00024042234651521085, "level_hu_moment_2": 0.002462839684909293, "level_hu_moment_3": 2.7040468359313188e-05, "level_hu_moment_4": -5.383005827896718e-10, "level_hu_moment_5": 5.874437623462691e-09, "level_hu_moment_6": -6.95734178929624e-09, "level_centroid_x": 47.534535070497945, "level_centroid_y": 41.8877387114046, "number_of_artifacts": 5, "number_of_powerups": 12, "number_of_weapons": 6, "number_of_ammunitions": 24, "number_of_keys": 1, "number_of_monsters": 56, "number_of_obstacles": 34, "number_of_decorations": 35, "walkable_area": 4659, "walkable_percentage": 0.8315188291986436, "start_location_x_px": 5, "start_location_y_px": 18, "artifacts_per_walkable_area": 0.0010731916720326251, "powerups_per_walkable_area": 0.0025756600128783, "weapons_per_walkable_area": 0.00128783000643915, "ammunitions_per_walkable_area": 0.0051513200257566, "keys_per_walkable_area": 0.000214638334406525, "monsters_per_walkable_area": 0.012019746726765401, "obstacles_per_walkable_area": 0.00729770336982185, "decorations_per_walkable_area": 0.007512341704228375, "nodes": 43, "avg-path-length": 4.670731707317073, "diameter-mean": 11.0, "art-points": 13, "assortativity-mean": 0, "betw-cen": NaN, "closn-cen": NaN, "distmap-max": 15.264337522473747, "distmap-mean": -Infinity, "distmap-var": 0.0, "distmap-skew": 0, "distmap-kurt": 0.0, "distmap-Q1": 0.010307781649245062, "distmap-Q2": 0.04529616724738676, "distmap-Q3": 0.09238288811459543, "path_wallmap": "TVR_MAP27_wallmap.png", "path_heightmap": "TVR_MAP27_heightmap.png", "path_triggermap": "TVR_MAP27_triggermap.png", "path_thingsmap": "TVR_MAP27_thingsmap.png", "path_floormap": "TVR_MAP27_floormap.png", "path_roommap": "TVR_MAP27_roommap.png", "slot": "MAP27", "path_json": "TVR_MAP27.json"}