{"number_of_lines": 1152, "number_of_things": 253, "number_of_sectors": 137, "number_of_subsectors": 559, "number_of_vertices": 1074, "x_max": 1792, "y_max": 2784, "x_min": -1312, "y_min": -896, "height": 3681, "width": 3105, "aspect_ratio": 1.1855072463768115, "floor_height_max": 128.0, "floor_height_min": -384.0, "floor_height_avg": -39.91970802919708, "ceiling_height_max": 224.0, "ceiling_height_min": -304.0, "ceiling_height_avg": 76.18978102189782, "room_height_max": 464.0, "room_height_min": 0.0, "room_height_avg": 116.1094890510949, "sector_area_max": 651264.0, "sector_area_min": 128.0, "sector_area_avg": 36932.20437956204, "lines_per_sector_max": 114.0, "lines_per_sector_min": 3.0, "lines_per_sector_avg": 12.10948905109489, "sector_aspect_ratio_max": 60.294117647058826, "sector_aspect_ratio_min": 1.0, "sector_aspect_ratio_avg": 4.475369113829295, "floors": 5, "level_area": 5563, "floors_area_mean": 1112.6, "floors_area_min": 15, "floors_area_max": 5488, "floors_area_std": 2187.7014970054756, "level_bbox_area": 11368, "level_convex_area": 9191, "floors_convex_area_mean": 1834.6, "floors_convex_area_min": 15, "floors_convex_area_max": 9091, "floors_convex_area_std": 3628.201185160492, "level_eccentricity": 0.6375793433698016, "floors_eccentricity_mean": 0.7139185979264785, "floors_eccentricity_min": 0.4898979485566357, "floors_eccentricity_max": 0.9563845857015693, "floors_eccentricity_std": 0.152372424939496, "level_equivalent_diameter": 84.16074849573113, "floors_equivalent_diameter_mean": 20.61580134530866, "floors_equivalent_diameter_min": 4.370193722368317, "floors_equivalent_diameter_max": 83.59149850018585, "floors_equivalent_diameter_std": 31.489602289694158, "level_euler_number": -6, "floors_euler_number_mean": -1.2, "floors_euler_number_min": -10, "floors_euler_number_max": 1, "floors_euler_number_std": 4.4, "level_extent": 0.4893560872624912, "floors_extent_mean": 0.7610517241379311, "floors_extent_min": 0.4827586206896552, "floors_extent_max": 0.9583333333333334, "floors_extent_std": 0.17686759115553827, "level_filled_area": 6046, "floors_filled_area_mean": 1209.2, "floors_filled_area_min": 15, "floors_filled_area_max": 5971, "floors_filled_area_std": 2380.9013755298647, "level_major_axis_length": 119.71450608498998, "floors_major_axis_length_mean": 29.417914843157227, "floors_major_axis_length_min": 4.618802153517006, "floors_major_axis_length_max": 120.3030090971069, "floors_major_axis_length_std": 45.469048462429235, "level_minor_axis_length": 92.22622346076511, "floors_minor_axis_length_mean": 21.506421914797425, "floors_minor_axis_length_min": 2.7486877876092723, "floors_minor_axis_length_max": 92.19929208944248, "floors_minor_axis_length_std": 35.35102208801438, "level_orientation": -1.5564620750617775, "floors_orientation_mean": -0.2907181312388033, "floors_orientation_min": -1.5592954652583977, "floors_orientation_max": 1.5689670666636664, "floors_orientation_std": 1.2526221960149364, "level_perimeter": 1287.428498912246, "floors_perimeter_mean": 257.48569978244916, "floors_perimeter_min": 11.414213562373096, "floors_perimeter_max": 1229.3218971944477, "floors_perimeter_std": 485.9210342541733, "level_solidity": 0.6052660211076053, "floors_solidity_mean": 0.8582089127348892, "floors_solidity_min": 0.6036739632603674, "floors_solidity_max": 1.0, "floors_solidity_std": 0.1502531458900365, "level_hu_moment_0": 0.2565751310107865, "level_hu_moment_1": 0.004284162935030019, "level_hu_moment_2": 2.6664929386148594e-05, "level_hu_moment_3": 4.6456336601885366e-05, "level_hu_moment_4": -1.0256475124976335e-09, "level_hu_moment_5": 2.479268203112718e-06, "level_hu_moment_6": 1.273388076278875e-09, "level_centroid_x": 50.02121157648751, "level_centroid_y": 55.43483731799389, "number_of_artifacts": 3, "number_of_powerups": 36, "number_of_weapons": 8, "number_of_ammunitions": 35, "number_of_keys": 2, "number_of_monsters": 47, "number_of_obstacles": 79, "number_of_decorations": 17, "walkable_area": 4221, "walkable_percentage": 0.7587632572353047, "start_location_x_px": 24, "start_location_y_px": 51, "artifacts_per_walkable_area": 0.0007107320540156361, "powerups_per_walkable_area": 0.008528784648187633, "weapons_per_walkable_area": 0.0018952854773750297, "ammunitions_per_walkable_area": 0.008291873963515755, "keys_per_walkable_area": 0.00047382136934375743, "monsters_per_walkable_area": 0.0111348021795783, "obstacles_per_walkable_area": 0.018715944089078417, "decorations_per_walkable_area": 0.0040274816394219376, "nodes": 79, "avg-path-length": 3.9179350583460173, "diameter-mean": 9.0, "art-points": 31, "assortativity-mean": 0.0810222324088936, "betw-cen": NaN, "closn-cen": NaN, "distmap-max": 13.601470508735444, "distmap-mean": -Infinity, "distmap-var": 0.0, "distmap-skew": 0, "distmap-kurt": 0.0, "distmap-Q1": 0.023643023643023644, "distmap-Q2": 0.046620046620046623, "distmap-Q3": 0.11155511155511155, "path_wallmap": "TVR_MAP10_wallmap.png", "path_heightmap": "TVR_MAP10_heightmap.png", "path_triggermap": "TVR_MAP10_triggermap.png", "path_thingsmap": "TVR_MAP10_thingsmap.png", "path_floormap": "TVR_MAP10_floormap.png", "path_roommap": "TVR_MAP10_roommap.png", "slot": "MAP10", "path_json": "TVR_MAP10.json"}