{"number_of_lines": 1091, "number_of_things": 169, "number_of_sectors": 142, "number_of_subsectors": 631, "number_of_vertices": 1072, "x_max": 7680, "y_max": 3392, "x_min": -704, "y_min": -3840, "height": 7233, "width": 8385, "aspect_ratio": 1.1592700124429698, "floor_height_max": 112.0, "floor_height_min": -256.0, "floor_height_avg": -14.75, "ceiling_height_max": 144.0, "ceiling_height_min": -112.0, "ceiling_height_avg": 100.22857142857143, "room_height_max": 400.0, "room_height_min": 0.0, "room_height_avg": 114.97857142857143, "sector_area_max": 8290304.0, "sector_area_min": 32.0, "sector_area_avg": 233332.57142857142, "lines_per_sector_max": 76.0, "lines_per_sector_min": 3.0, "lines_per_sector_avg": 11.571428571428571, "sector_aspect_ratio_max": 15.117647058823529, "sector_aspect_ratio_min": 1.0, "sector_aspect_ratio_avg": 2.8576259190318054, "floors": 2, "level_area": 32521, "floors_area_mean": 16260.5, "floors_area_min": 76, "floors_area_max": 32445, "floors_area_std": 16184.5, "level_bbox_area": 59701, "level_convex_area": 42072, "floors_convex_area_mean": 21074.0, "floors_convex_area_min": 76, "floors_convex_area_max": 42072, "floors_convex_area_std": 20998.0, "level_eccentricity": 0.5839635056362402, "floors_eccentricity_mean": 0.291926806145695, "floors_eccentricity_min": 0.0, "floors_eccentricity_max": 0.58385361229139, "floors_eccentricity_std": 0.291926806145695, "level_equivalent_diameter": 203.48715741867403, "floors_equivalent_diameter_mean": 106.54311502550081, "floors_equivalent_diameter_min": 9.83698151873187, "floors_equivalent_diameter_max": 203.24924853226975, "floors_equivalent_diameter_std": 96.70613350676894, "level_euler_number": -15, "floors_euler_number_mean": -7.5, "floors_euler_number_min": -16, "floors_euler_number_max": 1, "floors_euler_number_std": 8.5, "level_extent": 0.5447312440327633, "floors_extent_mean": 0.6517291167652133, "floors_extent_min": 0.5434582335304267, "floors_extent_max": 0.76, "floors_extent_std": 0.10827088323478667, "level_filled_area": 32947, "floors_filled_area_mean": 16473.5, "floors_filled_area_min": 76, "floors_filled_area_max": 32871, "floors_filled_area_std": 16397.5, "level_major_axis_length": 263.3756891978764, "floors_major_axis_length_mean": 136.62924189524577, "floors_major_axis_length_min": 9.830136262909503, "floors_major_axis_length_max": 263.42834752758205, "floors_major_axis_length_std": 126.79910563233628, "level_minor_axis_length": 213.8030935661181, "floors_minor_axis_length_mean": 111.84839932625928, "floors_minor_axis_length_min": 9.830136262909503, "floors_minor_axis_length_max": 213.86666238960908, "floors_minor_axis_length_std": 102.01826306334979, "level_orientation": 0.00018006687114669617, "floors_orientation_mean": 0.3906035789472165, "floors_orientation_min": -0.004191005503015351, "floors_orientation_max": 0.7853981633974483, "floors_orientation_std": 0.3947945844502318, "level_perimeter": 1653.1391770309008, "floors_perimeter_mean": 826.5695885154503, "floors_perimeter_min": 28.97056274847714, "floors_perimeter_max": 1624.1686142824235, "floors_perimeter_std": 797.5990257669731, "level_solidity": 0.7729844076820689, "floors_solidity_mean": 0.8855889903023388, "floors_solidity_min": 0.7711779806046777, "floors_solidity_max": 1.0, "floors_solidity_std": 0.11441100969766116, "level_hu_moment_0": 0.22116193474773732, "level_hu_moment_1": 0.0020667018126183543, "level_hu_moment_2": 0.0069161288313014085, "level_hu_moment_3": 0.0004434879659230173, "level_hu_moment_4": 7.706182155402004e-07, "level_hu_moment_5": 2.0071863819036627e-05, "level_hu_moment_6": 9.702170357537966e-08, "level_centroid_x": 173.43218228221764, "level_centroid_y": 113.42990682943329, "number_of_artifacts": 23, "number_of_powerups": 14, "number_of_weapons": 7, "number_of_ammunitions": 29, "number_of_keys": 2, "number_of_monsters": 50, "number_of_obstacles": 13, "number_of_decorations": 16, "walkable_area": 30796, "walkable_percentage": 0.9469573506349743, "start_location_x_px": 10, "start_location_y_px": 115, "artifacts_per_walkable_area": 0.0007468502402909468, "powerups_per_walkable_area": 0.0004546044940901416, "weapons_per_walkable_area": 0.0002273022470450708, "ammunitions_per_walkable_area": 0.0009416807377581504, "keys_per_walkable_area": 6.49434991557345e-05, "monsters_per_walkable_area": 0.0016235874788933628, "obstacles_per_walkable_area": 0.00042213274451227434, "decorations_per_walkable_area": 0.000519547993245876, "nodes": 54, "avg-path-length": 9.50943396226415, "diameter-mean": 28.0, "art-points": 28, "assortativity-mean": 0, "betw-cen": NaN, "closn-cen": NaN, "distmap-max": 112.29425630903836, "distmap-mean": -Infinity, "distmap-var": 0.0, "distmap-skew": 0, "distmap-kurt": 0.0, "distmap-Q1": 0.017900338655055636, "distmap-Q2": 0.10238268021286892, "distmap-Q3": 0.28356313497822905, "path_wallmap": "TVR_MAP05_wallmap.png", "path_heightmap": "TVR_MAP05_heightmap.png", "path_triggermap": "TVR_MAP05_triggermap.png", "path_thingsmap": "TVR_MAP05_thingsmap.png", "path_floormap": "TVR_MAP05_floormap.png", "path_roommap": "TVR_MAP05_roommap.png", "slot": "MAP05", "path_json": "TVR_MAP05.json"}