{"number_of_lines": 1124, "number_of_things": 174, "number_of_sectors": 111, "number_of_subsectors": 614, "number_of_vertices": 1084, "x_max": 4016, "y_max": 2336, "x_min": -608, "y_min": -1024, "height": 3361, "width": 4625, "aspect_ratio": 1.3760785480511752, "floor_height_max": 160.0, "floor_height_min": -272.0, "floor_height_avg": -37.7962962962963, "ceiling_height_max": 240.0, "ceiling_height_min": -264.0, "ceiling_height_avg": 110.75, "room_height_max": 448.0, "room_height_min": 0.0, "room_height_avg": 148.5462962962963, "sector_area_max": 2631168.0, "sector_area_min": 256.0, "sector_area_avg": 69136.5925925926, "lines_per_sector_max": 107.0, "lines_per_sector_min": 4.0, "lines_per_sector_avg": 14.648148148148149, "sector_aspect_ratio_max": 35.8235294117647, "sector_aspect_ratio_min": 1.0, "sector_aspect_ratio_avg": 3.2752504753419744, "floors": 4, "level_area": 7824, "floors_area_mean": 1956.0, "floors_area_min": 8, "floors_area_max": 7757, "floors_area_std": 3349.251782114925, "level_bbox_area": 15370, "level_convex_area": 11589, "floors_convex_area_mean": 2858.0, "floors_convex_area_min": 8, "floors_convex_area_max": 11365, "floors_convex_area_std": 4911.547973908022, "level_eccentricity": 0.857568632872065, "floors_eccentricity_mean": 0.6558297832069562, "floors_eccentricity_min": 0.0, "floors_eccentricity_max": 0.8944271909999159, "floors_eccentricity_std": 0.3788645790922164, "level_equivalent_diameter": 99.80894848663577, "floors_equivalent_diameter_mean": 28.484049824007908, "floors_equivalent_diameter_min": 3.1915382432114616, "floors_equivalent_diameter_max": 99.38067794350498, "floors_equivalent_diameter_std": 40.97701130055013, "level_euler_number": -15, "floors_euler_number_mean": -3.75, "floors_euler_number_min": -18, "floors_euler_number_max": 1, "floors_euler_number_std": 8.227241335952167, "level_extent": 0.5090435914118413, "floors_extent_mean": 0.8761711125569291, "floors_extent_min": 0.5046844502277164, "floors_extent_max": 1.0, "floors_extent_std": 0.21447792449612654, "level_filled_area": 8233, "floors_filled_area_mean": 2058.25, "floors_filled_area_min": 8, "floors_filled_area_max": 8166, "floors_filled_area_std": 3526.3518241236225, "level_major_axis_length": 163.5496992558611, "floors_major_axis_length_mean": 45.570525071962706, "floors_major_axis_length_min": 3.265986323710904, "floors_major_axis_length_max": 163.0548527160643, "floors_major_axis_length_std": 67.90224709018575, "level_minor_axis_length": 84.12498615428889, "floors_minor_axis_length_mean": 23.634645214765623, "floors_minor_axis_length_min": 2.0, "floors_minor_axis_length_max": 83.6157402858592, "floors_minor_axis_length_std": 34.65498835848726, "level_orientation": 0.402948360168148, "floors_orientation_mean": 1.0802012580068858, "floors_orientation_min": 0.3938142150403018, "floors_orientation_max": 1.5707963267948966, "floors_orientation_std": 0.5097555983954316, "level_perimeter": 1158.6122650963196, "floors_perimeter_mean": 289.6530662740799, "floors_perimeter_min": 8.0, "floors_perimeter_max": 1116.6122650963196, "floors_perimeter_std": 477.50166370276327, "level_solidity": 0.6751229614289412, "floors_solidity_mean": 0.9206335239771227, "floors_solidity_min": 0.682534095908491, "floors_solidity_max": 1.0, "floors_solidity_std": 0.13746676888932047, "level_hu_moment_0": 0.27020639556286674, "level_hu_moment_1": 0.024693173091113182, "level_hu_moment_2": 0.0023496884801930923, "level_hu_moment_3": 0.00045788783730752066, "level_hu_moment_4": 1.7948800054649208e-07, "level_hu_moment_5": 2.9110194045350074e-05, "level_hu_moment_6": -4.397241350060581e-07, "level_centroid_x": 71.62193251533742, "level_centroid_y": 46.044734151329244, "number_of_artifacts": 1, "number_of_powerups": 25, "number_of_weapons": 7, "number_of_ammunitions": 26, "number_of_keys": 1, "number_of_monsters": 44, "number_of_obstacles": 14, "number_of_decorations": 29, "walkable_area": 6622, "walkable_percentage": 0.8463701431492843, "start_location_x_px": 2, "start_location_y_px": 15, "artifacts_per_walkable_area": 0.00015101177891875566, "powerups_per_walkable_area": 0.0037752944729688917, "weapons_per_walkable_area": 0.0010570824524312897, "ammunitions_per_walkable_area": 0.003926306251887647, "keys_per_walkable_area": 0.00015101177891875566, "monsters_per_walkable_area": 0.006644518272425249, "obstacles_per_walkable_area": 0.0021141649048625794, "decorations_per_walkable_area": 0.004379341588643914, "nodes": 44, "avg-path-length": 4.2153846153846155, "diameter-mean": 11.0, "art-points": 22, "assortativity-mean": 0.010190217391304731, "betw-cen": NaN, "closn-cen": NaN, "distmap-max": 19.849433241279208, "distmap-mean": -Infinity, "distmap-var": 0.0, "distmap-skew": 0, "distmap-kurt": 0.0, "distmap-Q1": 0.0, "distmap-Q2": 0.07207456626061277, "distmap-Q3": 0.23103543743078625, "path_wallmap": "TVR_MAP20_wallmap.png", "path_heightmap": "TVR_MAP20_heightmap.png", "path_triggermap": "TVR_MAP20_triggermap.png", "path_thingsmap": "TVR_MAP20_thingsmap.png", "path_floormap": "TVR_MAP20_floormap.png", "path_roommap": "TVR_MAP20_roommap.png", "slot": "MAP20", "path_json": "TVR_MAP20.json"}