{"number_of_lines": 1166, "number_of_things": 212, "number_of_sectors": 144, "number_of_subsectors": 579, "number_of_vertices": 1109, "x_max": 2304, "y_max": 3184, "x_min": -3344, "y_min": -640, "height": 3825, "width": 5649, "aspect_ratio": 1.4768627450980392, "floor_height_max": 512.0, "floor_height_min": -128.0, "floor_height_avg": 2.8776978417266186, "ceiling_height_max": 512.0, "ceiling_height_min": -64.0, "ceiling_height_avg": 134.61870503597123, "room_height_max": 520.0, "room_height_min": 0.0, "room_height_avg": 131.74100719424462, "sector_area_max": 869120.0, "sector_area_min": 256.0, "sector_area_avg": 65964.6618705036, "lines_per_sector_max": 72.0, "lines_per_sector_min": 4.0, "lines_per_sector_avg": 11.56115107913669, "sector_aspect_ratio_max": 11.666666666666666, "sector_aspect_ratio_min": 1.0, "sector_aspect_ratio_avg": 2.644528780947322, "floors": 5, "level_area": 9017, "floors_area_mean": 1803.4, "floors_area_min": 3, "floors_area_max": 7867, "floors_area_std": 3047.9084369449156, "level_bbox_area": 21240, "level_convex_area": 15298, "floors_convex_area_mean": 2805.2, "floors_convex_area_min": 3, "floors_convex_area_max": 12560, "floors_convex_area_std": 4892.6046805357155, "level_eccentricity": 0.8440725880071177, "floors_eccentricity_mean": 0.7375159621535767, "floors_eccentricity_min": 0.5003947831925226, "floors_eccentricity_max": 1.0, "floors_eccentricity_std": 0.19527568636946088, "level_equivalent_diameter": 107.14849963894484, "floors_equivalent_diameter_mean": 31.968121852471846, "floors_equivalent_diameter_min": 1.9544100476116797, "floors_equivalent_diameter_max": 100.08284317719757, "floors_equivalent_diameter_std": 35.695929462627866, "level_euler_number": -17, "floors_euler_number_mean": -3.4, "floors_euler_number_min": -16, "floors_euler_number_max": 1, "floors_euler_number_std": 6.590902821313633, "level_extent": 0.4245291902071563, "floors_extent_mean": 0.7223647912660784, "floors_extent_min": 0.45194461998046764, "floors_extent_max": 1.0, "floors_extent_std": 0.23691357908168997, "level_filled_area": 10777, "floors_filled_area_mean": 2155.4, "floors_filled_area_min": 3, "floors_filled_area_max": 9571, "floors_filled_area_std": 3722.814236568889, "level_major_axis_length": 192.0848259879684, "floors_major_axis_length_mean": 50.39373537758557, "floors_major_axis_length_min": 3.265986323710904, "floors_major_axis_length_max": 173.3152773644616, "floors_major_axis_length_std": 62.85452719531944, "level_minor_axis_length": 103.00144085312867, "floors_minor_axis_length_mean": 30.290957885025513, "floors_minor_axis_length_min": 0.0, "floors_minor_axis_length_max": 94.85977121737231, "floors_minor_axis_length_std": 34.26242275956705, "level_orientation": -0.3007193484587014, "floors_orientation_mean": 0.39445485776478384, "floors_orientation_min": -0.7654054333353825, "floors_orientation_max": 1.5707963267948966, "floors_orientation_std": 0.9846486903317883, "level_perimeter": 1747.3656197958433, "floors_perimeter_mean": 349.4731239591687, "floors_perimeter_min": 1.0, "floors_perimeter_max": 1416.9331162702406, "floors_perimeter_std": 539.3791402436399, "level_solidity": 0.5894234540462806, "floors_solidity_mean": 0.8214800245556659, "floors_solidity_min": 0.6263535031847134, "floors_solidity_max": 1.0, "floors_solidity_std": 0.1582818301992663, "level_hu_moment_0": 0.32927995170683616, "level_hu_moment_1": 0.03319917678847038, "level_hu_moment_2": 0.00460415238402814, "level_hu_moment_3": 3.258943598165721e-05, "level_hu_moment_4": -4.905016199882236e-09, "level_hu_moment_5": 5.4720096205195565e-08, "level_hu_moment_6": -1.163190210768628e-08, "level_centroid_x": 88.04169901297549, "level_centroid_y": 50.18553842741488, "number_of_artifacts": 3, "number_of_powerups": 23, "number_of_weapons": 6, "number_of_ammunitions": 39, "number_of_keys": 1, "number_of_monsters": 79, "number_of_obstacles": 24, "number_of_decorations": 21, "walkable_area": 7304, "walkable_percentage": 0.8100255073749584, "start_location_x_px": 35, "start_location_y_px": 3, "artifacts_per_walkable_area": 0.0004107338444687842, "powerups_per_walkable_area": 0.003148959474260679, "weapons_per_walkable_area": 0.0008214676889375684, "ammunitions_per_walkable_area": 0.005339539978094195, "keys_per_walkable_area": 0.00013691128148959474, "monsters_per_walkable_area": 0.010815991237677985, "obstacles_per_walkable_area": 0.0032858707557502738, "decorations_per_walkable_area": 0.0028751369112814894, "nodes": 85, "avg-path-length": 4.27888198757764, "diameter-mean": 10.0, "art-points": 14, "assortativity-mean": 0.07169811320754699, "betw-cen": NaN, "closn-cen": NaN, "distmap-max": 16.278820596099706, "distmap-mean": -Infinity, "distmap-var": 0.0, "distmap-skew": 0, "distmap-kurt": 0.0, "distmap-Q1": 0.001721170395869191, "distmap-Q2": 0.04585006693440427, "distmap-Q3": 0.09471218206157965, "path_wallmap": "TVR_MAP23_wallmap.png", "path_heightmap": "TVR_MAP23_heightmap.png", "path_triggermap": "TVR_MAP23_triggermap.png", "path_thingsmap": "TVR_MAP23_thingsmap.png", "path_floormap": "TVR_MAP23_floormap.png", "path_roommap": "TVR_MAP23_roommap.png", "slot": "MAP23", "path_json": "TVR_MAP23.json"}