{"number_of_lines": 790, "number_of_things": 301, "number_of_sectors": 79, "number_of_subsectors": 495, "number_of_vertices": 759, "x_max": 1776, "y_max": 2144, "x_min": -2112, "y_min": -2136, "height": 4281, "width": 3889, "aspect_ratio": 1.1007971200822833, "floor_height_max": 144.0, "floor_height_min": -192.0, "floor_height_avg": -46.177215189873415, "ceiling_height_max": 144.0, "ceiling_height_min": -180.0, "ceiling_height_avg": 46.43037974683544, "room_height_max": 272.0, "room_height_min": 0.0, "room_height_avg": 92.60759493670886, "sector_area_max": 5044224.0, "sector_area_min": 256.0, "sector_area_avg": 115057.41772151898, "lines_per_sector_max": 119.0, "lines_per_sector_min": 4.0, "lines_per_sector_avg": 14.278481012658228, "sector_aspect_ratio_max": 11.666666666666666, "sector_aspect_ratio_min": 1.0, "sector_aspect_ratio_avg": 1.9102007294719647, "floors": 14, "level_area": 9134, "floors_area_mean": 652.4285714285714, "floors_area_min": 6, "floors_area_max": 8254, "floors_area_std": 2110.5548936674622, "level_bbox_area": 16348, "level_convex_area": 13341, "floors_convex_area_mean": 780.3571428571429, "floors_convex_area_min": 8, "floors_convex_area_max": 9820, "floors_convex_area_std": 2510.3746335996166, "level_eccentricity": 0.6604801543312985, "floors_eccentricity_mean": 0.37515034856247453, "floors_eccentricity_min": 0.0, "floors_eccentricity_max": 0.9913641806046255, "floors_eccentricity_std": 0.3908823184691596, "level_equivalent_diameter": 107.8414113483822, "floors_equivalent_diameter_mean": 14.197418368592176, "floors_equivalent_diameter_min": 2.763953195770684, "floors_equivalent_diameter_max": 102.51497062499718, "floors_equivalent_diameter_std": 25.082487295423643, "level_euler_number": 6, "floors_euler_number_mean": 0.42857142857142855, "floors_euler_number_min": -7, "floors_euler_number_max": 1, "floors_euler_number_std": 2.060315014550851, "level_extent": 0.5587227795448985, "floors_extent_mean": 0.8408094660230946, "floors_extent_min": 0.5, "floors_extent_max": 1.0, "floors_extent_std": 0.1922807075851442, "level_filled_area": 9384, "floors_filled_area_mean": 678.0714285714286, "floors_filled_area_min": 6, "floors_filled_area_max": 8613, "floors_filled_area_std": 2202.9167503979065, "level_major_axis_length": 137.26177755925573, "floors_major_axis_length_mean": 18.186156536197043, "floors_major_axis_length_min": 3.265986323710904, "floors_major_axis_length_max": 131.8847593469504, "floors_major_axis_length_std": 32.59369635587096, "level_minor_axis_length": 103.0621138665765, "floors_minor_axis_length_mean": 12.527932453408633, "floors_minor_axis_length_min": 0.9255198534259402, "floors_minor_axis_length_max": 88.92638349246248, "floors_minor_axis_length_std": 21.71451290613918, "level_orientation": 1.5200653006665192, "floors_orientation_mean": 0.46183061019278354, "floors_orientation_min": -1.4111401571117321, "floors_orientation_max": 1.3433574308605811, "floors_orientation_std": 0.6957652542602744, "level_perimeter": 1179.0985924910847, "floors_perimeter_mean": 84.22132803507748, "floors_perimeter_min": 4.414213562373095, "floors_perimeter_max": 818.5889244992065, "floors_perimeter_std": 205.7562649380167, "level_solidity": 0.6846563226144967, "floors_solidity_mean": 0.9057360215572174, "floors_solidity_min": 0.6942675159235668, "floors_solidity_max": 1.0, "floors_solidity_std": 0.11936040603749183, "level_hu_moment_0": 0.20159975704355823, "level_hu_moment_1": 0.0031628280826294804, "level_hu_moment_2": 0.0008224693410242307, "level_hu_moment_3": 2.2267983884402724e-05, "level_hu_moment_4": 2.9507402606556027e-09, "level_hu_moment_5": -6.416157833670538e-07, "level_hu_moment_6": 6.121542465317995e-10, "level_centroid_x": 63.32723888767243, "level_centroid_y": 67.07970221151741, "number_of_artifacts": 5, "number_of_powerups": 15, "number_of_weapons": 11, "number_of_ammunitions": 31, "number_of_keys": 0, "number_of_monsters": 29, "number_of_obstacles": 0, "number_of_decorations": 190, "walkable_area": 8221, "walkable_percentage": 0.9000437924239106, "start_location_x_px": 24, "start_location_y_px": 16, "artifacts_per_walkable_area": 0.000608198515995621, "powerups_per_walkable_area": 0.001824595547986863, "weapons_per_walkable_area": 0.0013380367351903662, "ammunitions_per_walkable_area": 0.00377083079917285, "keys_per_walkable_area": 0.0, "monsters_per_walkable_area": 0.0035275513927746018, "obstacles_per_walkable_area": 0.0, "decorations_per_walkable_area": 0.023111543607833598, "nodes": 35, "avg-path-length": 1.991285403050109, "diameter-mean": 4.0, "art-points": 9, "assortativity-mean": 0, "betw-cen": NaN, "closn-cen": NaN, "distmap-max": 38.05259518088089, "distmap-mean": -Infinity, "distmap-var": 0.0, "distmap-skew": 0, "distmap-kurt": 0.0, "distmap-Q1": 0.0, "distmap-Q2": 0.0, "distmap-Q3": 0.01693404634581105, "path_wallmap": "TVR_MAP14_wallmap.png", "path_heightmap": "TVR_MAP14_heightmap.png", "path_triggermap": "TVR_MAP14_triggermap.png", "path_thingsmap": "TVR_MAP14_thingsmap.png", "path_floormap": "TVR_MAP14_floormap.png", "path_roommap": "TVR_MAP14_roommap.png", "slot": "MAP14", "path_json": "TVR_MAP14.json"}