{"number_of_lines": 1204, "number_of_things": 211, "number_of_sectors": 164, "number_of_subsectors": 516, "number_of_vertices": 1065, "x_max": 2944, "y_max": 2784, "x_min": -1472, "y_min": -832, "height": 3617, "width": 4417, "aspect_ratio": 1.2211777716339507, "floor_height_max": 224.0, "floor_height_min": -300.0, "floor_height_avg": -63.68292682926829, "ceiling_height_max": 320.0, "ceiling_height_min": -232.0, "ceiling_height_avg": 56.829268292682926, "room_height_max": 408.0, "room_height_min": 0.0, "room_height_avg": 120.51219512195122, "sector_area_max": 1501056.0, "sector_area_min": 64.0, "sector_area_avg": 40828.87804878049, "lines_per_sector_max": 72.0, "lines_per_sector_min": 3.0, "lines_per_sector_avg": 9.914634146341463, "sector_aspect_ratio_max": 14.333333333333334, "sector_aspect_ratio_min": 1.0, "sector_aspect_ratio_avg": 3.0072593327393307, "floors": 4, "level_area": 7095, "floors_area_mean": 1773.75, "floors_area_min": 3, "floors_area_max": 7073, "floors_area_std": 3059.5270365695415, "level_bbox_area": 15429, "level_convex_area": 10742, "floors_convex_area_mean": 2679.5, "floors_convex_area_min": 3, "floors_convex_area_max": 10696, "floors_convex_area_std": 4628.330827631059, "level_eccentricity": 0.8070561389572734, "floors_eccentricity_mean": 0.6565032107763785, "floors_eccentricity_min": 0.0, "floors_eccentricity_max": 1.0, "floors_eccentricity_std": 0.3866514523308388, "level_equivalent_diameter": 95.0454342401358, "floors_equivalent_diameter_mean": 25.869831168509407, "floors_equivalent_diameter_min": 1.9544100476116797, "floors_equivalent_diameter_max": 94.89796256986662, "floors_equivalent_diameter_std": 39.864275708794885, "level_euler_number": -12, "floors_euler_number_mean": -3.0, "floors_euler_number_min": -15, "floors_euler_number_max": 1, "floors_euler_number_std": 6.928203230275509, "level_extent": 0.45984833754617926, "floors_extent_mean": 0.8646056128070516, "floors_extent_min": 0.45842245122820663, "floors_extent_max": 1.0, "floors_extent_std": 0.23450995767783944, "level_filled_area": 7313, "floors_filled_area_mean": 1829.25, "floors_filled_area_min": 3, "floors_filled_area_max": 7295, "floors_filled_area_std": 3155.6557460375807, "level_major_axis_length": 138.761778460703, "floors_major_axis_length_mean": 37.47295195742213, "floors_major_axis_length_min": 2.0, "floors_major_axis_length_max": 138.96896725648526, "floors_major_axis_length_std": 58.61346264593926, "level_minor_axis_length": 81.93532153272969, "floors_minor_axis_length_mean": 21.71357831922353, "floors_minor_axis_length_min": 0.0, "floors_minor_axis_length_max": 81.58832695318321, "floors_minor_axis_length_std": 34.58830665118622, "level_orientation": 0.4604852827695131, "floors_orientation_mean": 1.0966143615292836, "floors_orientation_min": 0.459466629129893, "floors_orientation_max": 1.5707963267948966, "floors_orientation_std": 0.487983049717825, "level_perimeter": 1087.0142853498728, "floors_perimeter_mean": 271.7535713374682, "floors_perimeter_min": 1.0, "floors_perimeter_max": 1070.0142853498728, "floors_perimeter_std": 460.89357684668516, "level_solidity": 0.660491528579408, "floors_solidity_mean": 0.9153188107703815, "floors_solidity_min": 0.6612752430815259, "floors_solidity_max": 1.0, "floors_solidity_std": 0.1466721221910537, "level_hu_moment_0": 0.22875465183446986, "level_hu_moment_1": 0.012205333375287317, "level_hu_moment_2": 0.0004964445011224883, "level_hu_moment_3": 0.0001858820275521463, "level_hu_moment_4": 4.9674782708539616e-08, "level_hu_moment_5": 1.940710241207168e-05, "level_hu_moment_6": 2.6849397868317587e-08, "level_centroid_x": 61.516983791402396, "level_centroid_y": 58.224806201550386, "number_of_artifacts": 12, "number_of_powerups": 23, "number_of_weapons": 7, "number_of_ammunitions": 33, "number_of_keys": 3, "number_of_monsters": 71, "number_of_obstacles": 17, "number_of_decorations": 32, "walkable_area": 5782, "walkable_percentage": 0.8149400986610289, "start_location_x_px": 4, "start_location_y_px": 58, "artifacts_per_walkable_area": 0.0020754064337599448, "powerups_per_walkable_area": 0.003977862331373227, "weapons_per_walkable_area": 0.0012106537530266344, "ammunitions_per_walkable_area": 0.005707367692839848, "keys_per_walkable_area": 0.0005188516084399862, "monsters_per_walkable_area": 0.012279488066413005, "obstacles_per_walkable_area": 0.002940159114493255, "decorations_per_walkable_area": 0.005534417156693186, "nodes": 45, "avg-path-length": 4.826135105204872, "diameter-mean": 13.0, "art-points": 17, "assortativity-mean": 0, "betw-cen": NaN, "closn-cen": NaN, "distmap-max": 21.0, "distmap-mean": -Infinity, "distmap-var": 0.0, "distmap-skew": 0, "distmap-kurt": 0.0, "distmap-Q1": 0.0005285412262156448, "distmap-Q2": 0.04334038054968288, "distmap-Q3": 0.12359215837017101, "path_wallmap": "TVR_MAP15_wallmap.png", "path_heightmap": "TVR_MAP15_heightmap.png", "path_triggermap": "TVR_MAP15_triggermap.png", "path_thingsmap": "TVR_MAP15_thingsmap.png", "path_floormap": "TVR_MAP15_floormap.png", "path_roommap": "TVR_MAP15_roommap.png", "slot": "MAP15", "path_json": "TVR_MAP15.json"}