{"number_of_lines": 1019, "number_of_things": 222, "number_of_sectors": 127, "number_of_subsectors": 623, "number_of_vertices": 949, "x_max": 1856, "y_max": 1144, "x_min": -1856, "y_min": -1280, "height": 2425, "width": 3713, "aspect_ratio": 1.5311340206185566, "floor_height_max": 128.0, "floor_height_min": -144.0, "floor_height_avg": -31.559055118110237, "ceiling_height_max": 160.0, "ceiling_height_min": -120.0, "ceiling_height_avg": 70.64566929133858, "room_height_max": 248.0, "room_height_min": 0.0, "room_height_avg": 102.20472440944881, "sector_area_max": 294400.0, "sector_area_min": 0.0, "sector_area_avg": 26193.63779527559, "lines_per_sector_max": 75.0, "lines_per_sector_min": 4.0, "lines_per_sector_avg": 12.89763779527559, "sector_aspect_ratio_max": 17.0, "sector_aspect_ratio_min": 1.0, "sector_aspect_ratio_avg": 3.007282798573814, "floors": 6, "level_area": 3574, "floors_area_mean": 595.6666666666666, "floors_area_min": 9, "floors_area_max": 3331, "floors_area_std": 1225.1093375241612, "level_bbox_area": 8436, "level_convex_area": 5944, "floors_convex_area_mean": 908.8333333333334, "floors_convex_area_min": 9, "floors_convex_area_max": 5188, "floors_convex_area_std": 1915.1696545098962, "level_eccentricity": 0.7267801359757683, "floors_eccentricity_mean": 0.22401034573026046, "floors_eccentricity_min": 0.0, "floors_eccentricity_max": 0.6975429698922128, "floors_eccentricity_std": 0.31714069888894597, "level_equivalent_diameter": 67.45782484548009, "floors_equivalent_diameter_mean": 16.034574857374214, "floors_equivalent_diameter_min": 3.385137501286538, "floors_equivalent_diameter_max": 65.12419614484948, "floors_equivalent_diameter_std": 22.39014882987251, "level_euler_number": -2, "floors_euler_number_mean": -0.3333333333333333, "floors_euler_number_min": -7, "floors_euler_number_max": 1, "floors_euler_number_std": 2.98142396999972, "level_extent": 0.423660502607871, "floors_extent_mean": 0.8593838191868723, "floors_extent_min": 0.4339499739447629, "floors_extent_max": 1.0, "floors_extent_std": 0.20050602676234786, "level_filled_area": 3677, "floors_filled_area_mean": 612.8333333333334, "floors_filled_area_min": 9, "floors_filled_area_max": 3434, "floors_filled_area_std": 1263.4395403905253, "level_major_axis_length": 97.63656815675795, "floors_major_axis_length_mean": 21.158052094280055, "floors_major_axis_length_min": 3.265986323710904, "floors_major_axis_length_max": 93.29464563457873, "floors_major_axis_length_std": 32.73117972719812, "level_minor_axis_length": 67.06364641788763, "floors_minor_axis_length_mean": 16.008969909847576, "floors_minor_axis_length_min": 3.265986323710904, "floors_minor_axis_length_max": 66.84962099015591, "floors_minor_axis_length_std": 23.072414934830466, "level_orientation": -0.38497724173745196, "floors_orientation_mean": 0.6996577215173335, "floors_orientation_min": -0.5144426512806891, "floors_orientation_max": 1.5707963267948966, "floors_orientation_std": 0.6140477557878302, "level_perimeter": 828.7827919510466, "floors_perimeter_mean": 138.13046532517447, "floors_perimeter_min": 8.0, "floors_perimeter_max": 732.4985207035849, "floors_perimeter_std": 266.42372698988686, "level_solidity": 0.601278600269179, "floors_solidity_mean": 0.9234460180470826, "floors_solidity_min": 0.6420585967617579, "floors_solidity_max": 1.0, "floors_solidity_std": 0.13117252265961543, "level_hu_moment_0": 0.2453559057130087, "level_hu_moment_1": 0.007753774340341966, "level_hu_moment_2": 0.007041509284781835, "level_hu_moment_3": 0.0003436153112518467, "level_hu_moment_4": 4.786534718636766e-08, "level_hu_moment_5": -3.243229571530967e-07, "level_hu_moment_6": 5.323449749143683e-07, "level_centroid_x": 67.20369334079463, "level_centroid_y": 38.77252378287633, "number_of_artifacts": 10, "number_of_powerups": 23, "number_of_weapons": 6, "number_of_ammunitions": 23, "number_of_keys": 1, "number_of_monsters": 53, "number_of_obstacles": 20, "number_of_decorations": 62, "walkable_area": 2852, "walkable_percentage": 0.7979854504756575, "start_location_x_px": 25, "start_location_y_px": 68, "artifacts_per_walkable_area": 0.0035063113604488078, "powerups_per_walkable_area": 0.008064516129032258, "weapons_per_walkable_area": 0.0021037868162692847, "ammunitions_per_walkable_area": 0.008064516129032258, "keys_per_walkable_area": 0.0003506311360448808, "monsters_per_walkable_area": 0.01858345021037868, "obstacles_per_walkable_area": 0.0070126227208976155, "decorations_per_walkable_area": 0.021739130434782608, "nodes": 46, "avg-path-length": 6.451219512195122, "diameter-mean": 18.0, "art-points": 20, "assortativity-mean": 0, "betw-cen": NaN, "closn-cen": NaN, "distmap-max": 12.041594578792296, "distmap-mean": -Infinity, "distmap-var": 0.0, "distmap-skew": 0, "distmap-kurt": 0.0, "distmap-Q1": 0.0, "distmap-Q2": 0.03324915824915825, "distmap-Q3": 0.14772727272727273, "path_wallmap": "TVR_MAP31_wallmap.png", "path_heightmap": "TVR_MAP31_heightmap.png", "path_triggermap": "TVR_MAP31_triggermap.png", "path_thingsmap": "TVR_MAP31_thingsmap.png", "path_floormap": "TVR_MAP31_floormap.png", "path_roommap": "TVR_MAP31_roommap.png", "slot": "MAP31", "path_json": "TVR_MAP31.json"}