{"number_of_lines": 950, "number_of_things": 115, "number_of_sectors": 116, "number_of_subsectors": 525, "number_of_vertices": 884, "x_max": 576, "y_max": 1136, "x_min": -1664, "y_min": -1088, "height": 2225, "width": 2241, "aspect_ratio": 1.007191011235955, "floor_height_max": 128.0, "floor_height_min": -64.0, "floor_height_avg": 0.6206896551724138, "ceiling_height_max": 128.0, "ceiling_height_min": -32.0, "ceiling_height_avg": 94.41379310344827, "room_height_max": 192.0, "room_height_min": 0.0, "room_height_avg": 93.79310344827586, "sector_area_max": 644608.0, "sector_area_min": 512.0, "sector_area_avg": 31061.51724137931, "lines_per_sector_max": 55.0, "lines_per_sector_min": 4.0, "lines_per_sector_avg": 12.155172413793103, "sector_aspect_ratio_max": 15.545454545454545, "sector_aspect_ratio_min": 1.0, "sector_aspect_ratio_avg": 2.7569023118835956, "floors": 2, "level_area": 3667, "floors_area_mean": 1833.5, "floors_area_min": 245, "floors_area_max": 3422, "floors_area_std": 1588.5, "level_bbox_area": 4970, "level_convex_area": 4254, "floors_convex_area_mean": 2251.5, "floors_convex_area_min": 249, "floors_convex_area_max": 4254, "floors_convex_area_std": 2002.5, "level_eccentricity": 0.450306723572137, "floors_eccentricity_mean": 0.22622657947987823, "floors_eccentricity_min": 0.0, "floors_eccentricity_max": 0.45245315895975646, "floors_eccentricity_std": 0.22622657947987823, "level_equivalent_diameter": 68.32985738711768, "floors_equivalent_diameter_mean": 41.83484890929886, "floors_equivalent_diameter_min": 17.66192765414112, "floors_equivalent_diameter_max": 66.0077701644566, "floors_equivalent_diameter_std": 24.17292125515774, "level_euler_number": -12, "floors_euler_number_mean": -6.0, "floors_euler_number_min": -13, "floors_euler_number_max": 1, "floors_euler_number_std": 7.0, "level_extent": 0.7378269617706238, "floors_extent_mean": 0.7681410260873198, "floors_extent_min": 0.6885311871227364, "floors_extent_max": 0.8477508650519031, "floors_extent_std": 0.07960983896458335, "level_filled_area": 3935, "floors_filled_area_mean": 2090.0, "floors_filled_area_min": 245, "floors_filled_area_max": 3935, "floors_filled_area_std": 1845.0, "level_major_axis_length": 77.09913847765068, "floors_major_axis_length_mean": 48.630869833942114, "floors_major_axis_length_min": 17.660748591617697, "floors_major_axis_length_max": 79.60099107626652, "floors_major_axis_length_std": 30.970121242324414, "level_minor_axis_length": 68.83981076490439, "floors_minor_axis_length_mean": 44.32398534997297, "floors_minor_axis_length_min": 17.660748591617697, "floors_minor_axis_length_max": 70.98722210832825, "floors_minor_axis_length_std": 26.66323675835528, "level_orientation": 0.3992755290001543, "floors_orientation_mean": 0.5976209642777146, "floors_orientation_min": 0.40984376515798104, "floors_orientation_max": 0.7853981633974483, "floors_orientation_std": 0.18777719911973362, "level_perimeter": 566.469083452062, "floors_perimeter_mean": 283.23454172603095, "floors_perimeter_min": 54.62741699796952, "floors_perimeter_max": 511.84166645409243, "floors_perimeter_std": 228.60712472806145, "level_solidity": 0.8620122237893747, "floors_solidity_mean": 0.8941775564882946, "floors_solidity_min": 0.8044193700047014, "floors_solidity_max": 0.9839357429718876, "floors_solidity_std": 0.08975818648359307, "level_hu_moment_0": 0.18208339071693141, "level_hu_moment_1": 0.00042205596390563154, "level_hu_moment_2": 7.802919199972014e-05, "level_hu_moment_3": 4.695081967225003e-06, "level_hu_moment_4": -5.710802295298911e-11, "level_hu_moment_5": -7.66383966214842e-08, "level_hu_moment_6": -6.938655486677639e-11, "level_centroid_x": 35.22961548950096, "level_centroid_y": 32.800109080992634, "number_of_artifacts": 11, "number_of_powerups": 8, "number_of_weapons": 4, "number_of_ammunitions": 14, "number_of_keys": 2, "number_of_monsters": 37, "number_of_obstacles": 6, "number_of_decorations": 15, "walkable_area": 2899, "walkable_percentage": 0.7905644941368967, "start_location_x_px": 16, "start_location_y_px": 17, "artifacts_per_walkable_area": 0.0037944118661607453, "powerups_per_walkable_area": 0.0027595722662987236, "weapons_per_walkable_area": 0.0013797861331493618, "ammunitions_per_walkable_area": 0.004829251466022766, "keys_per_walkable_area": 0.0006898930665746809, "monsters_per_walkable_area": 0.012763021731631597, "obstacles_per_walkable_area": 0.002069679199724043, "decorations_per_walkable_area": 0.005174197999310107, "nodes": 24, "avg-path-length": 3.5573122529644268, "diameter-mean": 7.0, "art-points": 0, "assortativity-mean": 0, "betw-cen": NaN, "closn-cen": NaN, "distmap-max": 13.152946437965905, "distmap-mean": -Infinity, "distmap-var": 0.0, "distmap-skew": 0, "distmap-kurt": 0.0, "distmap-Q1": 0.025197628458498024, "distmap-Q2": 0.06521739130434782, "distmap-Q3": 0.16518445322793146, "path_wallmap": "TVR_MAP24_wallmap.png", "path_heightmap": "TVR_MAP24_heightmap.png", "path_triggermap": "TVR_MAP24_triggermap.png", "path_thingsmap": "TVR_MAP24_thingsmap.png", "path_floormap": "TVR_MAP24_floormap.png", "path_roommap": "TVR_MAP24_roommap.png", "slot": "MAP24", "path_json": "TVR_MAP24.json"}