{"number_of_lines": 511, "number_of_things": 131, "number_of_sectors": 40, "number_of_subsectors": 328, "number_of_vertices": 488, "x_max": 2368, "y_max": 736, "x_min": -448, "y_min": -544, "height": 1281, "width": 2817, "aspect_ratio": 2.199063231850117, "floor_height_max": 288.0, "floor_height_min": -32.0, "floor_height_avg": 118.55, "ceiling_height_max": 320.0, "ceiling_height_min": 128.0, "ceiling_height_avg": 289.2, "room_height_max": 352.0, "room_height_min": 4.0, "room_height_avg": 170.65, "sector_area_max": 269312.0, "sector_area_min": 32.0, "sector_area_avg": 26326.4, "lines_per_sector_max": 82.0, "lines_per_sector_min": 3.0, "lines_per_sector_avg": 21.5, "sector_aspect_ratio_max": 5.235294117647059, "sector_aspect_ratio_min": 1.0, "sector_aspect_ratio_avg": 1.7227412490030865, "floors": 6, "level_area": 1168, "floors_area_mean": 194.66666666666666, "floors_area_min": 2, "floors_area_max": 743, "floors_area_std": 270.1744292530702, "level_bbox_area": 3078, "level_convex_area": 2609, "floors_convex_area_mean": 251.5, "floors_convex_area_min": 2, "floors_convex_area_max": 910, "floors_convex_area_std": 342.21569708786495, "level_eccentricity": 0.8830421119673255, "floors_eccentricity_mean": 0.7708684471014177, "floors_eccentricity_min": 0.15623209735545646, "floors_eccentricity_max": 1.0, "floors_eccentricity_std": 0.289050451053194, "level_equivalent_diameter": 38.563503319209346, "floors_equivalent_diameter_mean": 11.550458449562386, "floors_equivalent_diameter_min": 1.5957691216057308, "floors_equivalent_diameter_max": 30.757389059187485, "floors_equivalent_diameter_std": 10.697859956398343, "level_euler_number": 4, "floors_euler_number_mean": 0.6666666666666666, "floors_euler_number_min": -1, "floors_euler_number_max": 1, "floors_euler_number_std": 0.7453559924999298, "level_extent": 0.3794671864847303, "floors_extent_mean": 0.7777721612135546, "floors_extent_min": 0.5281803542673108, "floors_extent_max": 1.0, "floors_extent_std": 0.19755431755503652, "level_filled_area": 1193, "floors_filled_area_mean": 198.83333333333334, "floors_filled_area_min": 2, "floors_filled_area_max": 768, "floors_filled_area_std": 278.6583431771283, "level_major_axis_length": 75.83757390863589, "floors_major_axis_length_mean": 16.26588135970963, "floors_major_axis_length_min": 2.0, "floors_major_axis_length_max": 47.26167314007108, "floors_major_axis_length_std": 16.369379566679545, "level_minor_axis_length": 35.590099830504826, "floors_minor_axis_length_mean": 9.25872203844884, "floors_minor_axis_length_min": 0.0, "floors_minor_axis_length_max": 23.251942940994994, "floors_minor_axis_length_std": 9.09128272971684, "level_orientation": -0.13214441990049525, "floors_orientation_mean": -0.109778086040253, "floors_orientation_min": -1.1888733810637482, "floors_orientation_max": 1.5707963267948966, "floors_orientation_std": 0.8677232217490738, "level_perimeter": 361.14927829866735, "floors_perimeter_mean": 60.19154638311124, "floors_perimeter_min": 0.0, "floors_perimeter_max": 174.0538238691624, "floors_perimeter_std": 70.11185839980357, "level_solidity": 0.447681103871215, "floors_solidity_mean": 0.8922022154552276, "floors_solidity_min": 0.6586345381526104, "floors_solidity_max": 1.0, "floors_solidity_std": 0.122656641377235, "level_hu_moment_0": 0.375534718658664, "level_hu_moment_1": 0.057588761089447923, "level_hu_moment_2": 0.009947305093622169, "level_hu_moment_3": 0.0020345527688885403, "level_hu_moment_4": 8.934963963109487e-06, "level_hu_moment_5": 0.0004131508674584584, "level_hu_moment_6": -1.9851975825078877e-06, "level_centroid_x": 40.31506849315068, "level_centroid_y": 17.977739726027398, "number_of_artifacts": 3, "number_of_powerups": 1, "number_of_weapons": 7, "number_of_ammunitions": 2, "number_of_keys": 0, "number_of_monsters": 1, "number_of_obstacles": 0, "number_of_decorations": 13, "walkable_area": 996, "walkable_percentage": 0.8527397260273972, "start_location_x_px": 6, "start_location_y_px": 13, "artifacts_per_walkable_area": 0.0030120481927710845, "powerups_per_walkable_area": 0.001004016064257028, "weapons_per_walkable_area": 0.007028112449799197, "ammunitions_per_walkable_area": 0.002008032128514056, "keys_per_walkable_area": 0.0, "monsters_per_walkable_area": 0.001004016064257028, "obstacles_per_walkable_area": 0.0, "decorations_per_walkable_area": 0.013052208835341365, "nodes": 18, "avg-path-length": 1.7722222222222221, "diameter-mean": 3.0, "art-points": 3, "assortativity-mean": 0, "betw-cen": NaN, "closn-cen": NaN, "distmap-max": 8.94427190999916, "distmap-mean": -Infinity, "distmap-var": 0.0, "distmap-skew": 0, "distmap-kurt": 0.0, "distmap-Q1": 0.0, "distmap-Q2": 0.0, "distmap-Q3": 0.006433823529411764, "path_wallmap": "TVR_MAP30_wallmap.png", "path_heightmap": "TVR_MAP30_heightmap.png", "path_triggermap": "TVR_MAP30_triggermap.png", "path_thingsmap": "TVR_MAP30_thingsmap.png", "path_floormap": "TVR_MAP30_floormap.png", "path_roommap": "TVR_MAP30_roommap.png", "slot": "MAP30", "path_json": "TVR_MAP30.json"}