{"number_of_lines": 1215, "number_of_things": 349, "number_of_sectors": 166, "number_of_subsectors": 540, "number_of_vertices": 1110, "x_max": 1040, "y_max": 3008, "x_min": -3584, "y_min": -336, "height": 3345, "width": 4625, "aspect_ratio": 1.382660687593423, "floor_height_max": 216.0, "floor_height_min": -96.0, "floor_height_avg": 37.70987654320987, "ceiling_height_max": 288.0, "ceiling_height_min": -128.0, "ceiling_height_avg": 146.46913580246914, "room_height_max": 336.0, "room_height_min": -256.0, "room_height_avg": 108.75925925925925, "sector_area_max": 703488.0, "sector_area_min": 256.0, "sector_area_avg": 37405.432098765436, "lines_per_sector_max": 116.0, "lines_per_sector_min": 3.0, "lines_per_sector_avg": 10.049382716049383, "sector_aspect_ratio_max": 37.705882352941174, "sector_aspect_ratio_min": 1.0, "sector_aspect_ratio_avg": 5.6692613741270055, "floors": 4, "level_area": 6738, "floors_area_mean": 1684.5, "floors_area_min": 9, "floors_area_max": 6699, "floors_area_std": 2895.1270697501345, "level_bbox_area": 15225, "level_convex_area": 10329, "floors_convex_area_mean": 2592.0, "floors_convex_area_min": 9, "floors_convex_area_max": 10329, "floors_convex_area_std": 4466.961719110653, "level_eccentricity": 0.796334805272642, "floors_eccentricity_mean": 0.42723761651964887, "floors_eccentricity_min": 0.0, "floors_eccentricity_max": 0.9128709291752769, "floors_eccentricity_std": 0.4292283886615532, "level_equivalent_diameter": 92.62336666535894, "floors_equivalent_diameter_mean": 26.07402011237036, "floors_equivalent_diameter_min": 3.385137501286538, "floors_equivalent_diameter_max": 92.35492250108196, "floors_equivalent_diameter_std": 38.27424053180007, "level_euler_number": -12, "floors_euler_number_mean": -3.0, "floors_euler_number_min": -15, "floors_euler_number_max": 1, "floors_euler_number_std": 6.928203230275509, "level_extent": 0.4425615763546798, "floors_extent_mean": 0.86, "floors_extent_min": 0.44, "floors_extent_max": 1.0, "floors_extent_std": 0.24248711305964282, "level_filled_area": 7078, "floors_filled_area_mean": 1769.5, "floors_filled_area_min": 9, "floors_filled_area_max": 7039, "floors_filled_area_std": 3042.3511878151085, "level_major_axis_length": 147.3529740631148, "floors_major_axis_length_mean": 40.53579910124122, "floors_major_axis_length_min": 3.265986323710904, "floors_major_axis_length_max": 147.61122375754306, "floors_major_axis_length_std": 61.850227722757865, "level_minor_axis_length": 89.1273423166878, "floors_minor_axis_length_mean": 24.78277310351422, "floors_minor_axis_length_min": 3.265986323710904, "floors_minor_axis_length_max": 89.33313344292417, "floors_minor_axis_length_std": 37.26816791824568, "level_orientation": 0.3595666489301259, "floors_orientation_mean": 0.4827184198590255, "floors_orientation_min": 0.0, "floors_orientation_max": 0.7853981633974483, "floors_orientation_std": 0.3283625886639992, "level_perimeter": 1307.4640328181786, "floors_perimeter_mean": 326.86600820454464, "floors_perimeter_min": 8.0, "floors_perimeter_max": 1275.4640328181786, "floors_perimeter_std": 547.6830629420901, "level_solidity": 0.652338077258205, "floors_solidity_mean": 0.9121405750798722, "floors_solidity_min": 0.6485623003194888, "floors_solidity_max": 1.0, "floors_solidity_std": 0.15217698788544448, "level_hu_moment_0": 0.27508702613610336, "level_hu_moment_1": 0.016312346407900535, "level_hu_moment_2": 0.004730349321306602, "level_hu_moment_3": 0.00023765820531393815, "level_hu_moment_4": -1.1268093810076204e-07, "level_hu_moment_5": -1.1631425837211599e-05, "level_hu_moment_6": -2.2538806304263937e-07, "level_centroid_x": 83.75630750964677, "level_centroid_y": 52.50563965568418, "number_of_artifacts": 3, "number_of_powerups": 9, "number_of_weapons": 6, "number_of_ammunitions": 5, "number_of_keys": 2, "number_of_monsters": 58, "number_of_obstacles": 22, "number_of_decorations": 233, "walkable_area": 5251, "walkable_percentage": 0.7793113683585634, "start_location_x_px": 58, "start_location_y_px": 44, "artifacts_per_walkable_area": 0.0005713197486193106, "powerups_per_walkable_area": 0.0017139592458579318, "weapons_per_walkable_area": 0.0011426394972386211, "ammunitions_per_walkable_area": 0.0009521995810321843, "keys_per_walkable_area": 0.00038087983241287375, "monsters_per_walkable_area": 0.011045515139973339, "obstacles_per_walkable_area": 0.004189678156541611, "decorations_per_walkable_area": 0.044372500476099794, "nodes": 68, "avg-path-length": 4.7884424603174605, "diameter-mean": 11.0, "art-points": 20, "assortativity-mean": 0, "betw-cen": NaN, "closn-cen": NaN, "distmap-max": 20.248456731316587, "distmap-mean": -Infinity, "distmap-var": 0.0, "distmap-skew": 0, "distmap-kurt": 0.0, "distmap-Q1": 0.009281245288707983, "distmap-Q2": 0.04681139755766621, "distmap-Q3": 0.16961593547414447, "path_wallmap": "TVR_MAP02_wallmap.png", "path_heightmap": "TVR_MAP02_heightmap.png", "path_triggermap": "TVR_MAP02_triggermap.png", "path_thingsmap": "TVR_MAP02_thingsmap.png", "path_floormap": "TVR_MAP02_floormap.png", "path_roommap": "TVR_MAP02_roommap.png", "slot": "MAP02", "path_json": "TVR_MAP02.json"}