{"number_of_lines": 1126, "number_of_things": 221, "number_of_sectors": 133, "number_of_subsectors": 635, "number_of_vertices": 1092, "x_max": 928, "y_max": 3072, "x_min": -3072, "y_min": -672, "height": 3745, "width": 4001, "aspect_ratio": 1.0683578104138851, "floor_height_max": 320.0, "floor_height_min": -72.0, "floor_height_avg": 15.135338345864662, "ceiling_height_max": 384.0, "ceiling_height_min": -72.0, "ceiling_height_avg": 168.15037593984962, "room_height_max": 456.0, "room_height_min": 0.0, "room_height_avg": 153.01503759398497, "sector_area_max": 1715712.0, "sector_area_min": 64.0, "sector_area_avg": 67017.14285714286, "lines_per_sector_max": 82.0, "lines_per_sector_min": 3.0, "lines_per_sector_avg": 12.015037593984962, "sector_aspect_ratio_max": 22.647058823529413, "sector_aspect_ratio_min": 1.0, "sector_aspect_ratio_avg": 3.5675322505251255, "floors": 1, "level_area": 8559, "floors_area_mean": 8559.0, "floors_area_min": 8559, "floors_area_max": 8559, "floors_area_std": 0.0, "level_bbox_area": 14868, "level_convex_area": 11775, "floors_convex_area_mean": 11775.0, "floors_convex_area_min": 11775, "floors_convex_area_max": 11775, "floors_convex_area_std": 0.0, "level_eccentricity": 0.6982541547692314, "floors_eccentricity_mean": 0.6982541547692314, "floors_eccentricity_min": 0.6982541547692314, "floors_eccentricity_max": 0.6982541547692314, "floors_eccentricity_std": 0.0, "level_equivalent_diameter": 104.39184481264931, "floors_equivalent_diameter_mean": 104.39184481264931, "floors_equivalent_diameter_min": 104.39184481264931, "floors_equivalent_diameter_max": 104.39184481264931, "floors_equivalent_diameter_std": 0.0, "level_euler_number": -38, "floors_euler_number_mean": -38.0, "floors_euler_number_min": -38, "floors_euler_number_max": -38, "floors_euler_number_std": 0.0, "level_extent": 0.5756658595641646, "floors_extent_mean": 0.5756658595641646, "floors_extent_min": 0.5756658595641646, "floors_extent_max": 0.5756658595641646, "floors_extent_std": 0.0, "level_filled_area": 9864, "floors_filled_area_mean": 9864.0, "floors_filled_area_min": 9864, "floors_filled_area_max": 9864, "floors_filled_area_std": 0.0, "level_major_axis_length": 141.27752253153756, "floors_major_axis_length_mean": 141.27752253153756, "floors_major_axis_length_min": 141.27752253153756, "floors_major_axis_length_max": 141.27752253153756, "floors_major_axis_length_std": 0.0, "level_minor_axis_length": 101.13350590415303, "floors_minor_axis_length_mean": 101.13350590415303, "floors_minor_axis_length_min": 101.13350590415303, "floors_minor_axis_length_max": 101.13350590415303, "floors_minor_axis_length_std": 0.0, "level_orientation": -0.6512180046970744, "floors_orientation_mean": -0.6512180046970744, "floors_orientation_min": -0.6512180046970744, "floors_orientation_max": -0.6512180046970744, "floors_orientation_std": 0.0, "level_perimeter": 1435.3828637385463, "floors_perimeter_mean": 1435.3828637385463, "floors_perimeter_min": 1435.3828637385463, "floors_perimeter_max": 1435.3828637385463, "floors_perimeter_std": 0.0, "level_solidity": 0.7268789808917198, "floors_solidity_mean": 0.7268789808917198, "floors_solidity_min": 0.7268789808917198, "floors_solidity_max": 0.7268789808917198, "floors_solidity_std": 0.0, "level_hu_moment_0": 0.2204355385348351, "level_hu_moment_1": 0.005049639539326805, "level_hu_moment_2": 0.0031485240394196826, "level_hu_moment_3": 0.00022741564704008386, "level_hu_moment_4": 5.654245693916034e-08, "level_hu_moment_5": -5.275866773528905e-06, "level_hu_moment_6": 1.8394067611376122e-07, "level_centroid_x": 67.27725201542236, "level_centroid_y": 68.94789110877439, "number_of_artifacts": 10, "number_of_powerups": 35, "number_of_weapons": 5, "number_of_ammunitions": 41, "number_of_keys": 2, "number_of_monsters": 56, "number_of_obstacles": 32, "number_of_decorations": 18, "walkable_area": 7163, "walkable_percentage": 0.8368968337422596, "start_location_x_px": 5, "start_location_y_px": 66, "artifacts_per_walkable_area": 0.0013960631020522127, "powerups_per_walkable_area": 0.004886220857182745, "weapons_per_walkable_area": 0.0006980315510261064, "ammunitions_per_walkable_area": 0.005723858718414072, "keys_per_walkable_area": 0.00027921262041044257, "monsters_per_walkable_area": 0.007817953371492391, "obstacles_per_walkable_area": 0.004467401926567081, "decorations_per_walkable_area": 0.0025129135836939828, "nodes": 63, "avg-path-length": 6.686635944700461, "diameter-mean": 16.0, "art-points": 7, "assortativity-mean": -0.08418803418803461, "betw-cen": NaN, "closn-cen": NaN, "distmap-max": 18.384776310850235, "distmap-mean": -Infinity, "distmap-var": 0.0, "distmap-skew": 0, "distmap-kurt": 0.0, "distmap-Q1": 0.0025912215758857747, "distmap-Q2": 0.07012750455373405, "distmap-Q3": 0.13603187441026124, "path_wallmap": "TVR_MAP16_wallmap.png", "path_heightmap": "TVR_MAP16_heightmap.png", "path_triggermap": "TVR_MAP16_triggermap.png", "path_thingsmap": "TVR_MAP16_thingsmap.png", "path_floormap": "TVR_MAP16_floormap.png", "path_roommap": "TVR_MAP16_roommap.png", "slot": "MAP16", "path_json": "TVR_MAP16.json"}