{"number_of_lines": 1170, "number_of_things": 203, "number_of_sectors": 119, "number_of_subsectors": 603, "number_of_vertices": 1143, "x_max": 3584, "y_max": 1664, "x_min": -1312, "y_min": -2176, "height": 3841, "width": 4897, "aspect_ratio": 1.2749284040614424, "floor_height_max": 256.0, "floor_height_min": -48.0, "floor_height_avg": 56.55555555555556, "ceiling_height_max": 512.0, "ceiling_height_min": 0.0, "ceiling_height_avg": 180.71794871794873, "room_height_max": 432.0, "room_height_min": 0.0, "room_height_avg": 124.16239316239316, "sector_area_max": 1293312.0, "sector_area_min": 128.0, "sector_area_avg": 61273.16239316239, "lines_per_sector_max": 78.0, "lines_per_sector_min": 4.0, "lines_per_sector_avg": 13.58974358974359, "sector_aspect_ratio_max": 18.454545454545453, "sector_aspect_ratio_min": 1.0, "sector_aspect_ratio_avg": 2.877371107149242, "floors": 4, "level_area": 7623, "floors_area_mean": 1905.75, "floors_area_min": 19, "floors_area_max": 7557, "floors_area_std": 3262.7517048497575, "level_bbox_area": 18634, "level_convex_area": 12762, "floors_convex_area_mean": 3207.25, "floors_convex_area_min": 20, "floors_convex_area_max": 12762, "floors_convex_area_std": 5516.437952836957, "level_eccentricity": 0.6916873206795302, "floors_eccentricity_mean": 0.6056477359218387, "floors_eccentricity_min": 0.5216405309573011, "floors_eccentricity_max": 0.6970371608319791, "floors_eccentricity_std": 0.07439892110025075, "level_equivalent_diameter": 98.51855180379047, "floors_equivalent_diameter_mean": 28.483534628234747, "floors_equivalent_diameter_min": 4.918490759365935, "floors_equivalent_diameter_max": 98.09113741599505, "floors_equivalent_diameter_std": 40.189109438518145, "level_euler_number": -24, "floors_euler_number_mean": -6.0, "floors_euler_number_min": -27, "floors_euler_number_max": 1, "floors_euler_number_std": 12.12435565298214, "level_extent": 0.4090909090909091, "floors_extent_mean": 0.5958316935589663, "floors_extent_min": 0.40554899645808734, "floors_extent_max": 0.8666666666666667, "floors_extent_std": 0.16907589415386542, "level_filled_area": 8037, "floors_filled_area_mean": 2009.25, "floors_filled_area_min": 19, "floors_filled_area_max": 7971, "floors_filled_area_std": 3442.018911554671, "level_major_axis_length": 142.0976986112077, "floors_major_axis_length_mean": 40.036362275589866, "floors_major_axis_length_min": 5.656854249492381, "floors_major_axis_length_max": 142.45648374004992, "floors_major_axis_length_std": 59.13261229313662, "level_minor_axis_length": 102.62254577132187, "floors_minor_axis_length_mean": 29.13924294131746, "floors_minor_axis_length_min": 4.380905171053658, "floors_minor_axis_length_max": 102.14628533453323, "floors_minor_axis_length_std": 42.15164131167638, "level_orientation": 0.2002516917243863, "floors_orientation_mean": 0.8774681786137382, "floors_orientation_min": 0.20361697734124048, "floors_orientation_max": 1.5707963267948966, "floors_orientation_std": 0.48696149842285946, "level_perimeter": 1425.0863991822648, "floors_perimeter_mean": 356.2715997955663, "floors_perimeter_min": 14.727922061357855, "floors_perimeter_max": 1379.973700810057, "floors_perimeter_std": 591.0348052579722, "level_solidity": 0.5973201692524682, "floors_solidity_mean": 0.8855371415138693, "floors_solidity_min": 0.5921485660554772, "floors_solidity_max": 1.0, "floors_solidity_std": 0.17061345805602465, "level_hu_moment_0": 0.2518951106125268, "level_hu_moment_1": 0.006273293848225839, "level_hu_moment_2": 0.0009102260193421275, "level_hu_moment_3": 0.00013646745887556022, "level_hu_moment_4": -1.3510055672737476e-08, "level_hu_moment_5": -9.364111608055621e-06, "level_hu_moment_6": -4.616062077439224e-08, "level_centroid_x": 74.45992391446937, "level_centroid_y": 47.13065722156631, "number_of_artifacts": 19, "number_of_powerups": 30, "number_of_weapons": 5, "number_of_ammunitions": 24, "number_of_keys": 2, "number_of_monsters": 69, "number_of_obstacles": 23, "number_of_decorations": 12, "walkable_area": 6239, "walkable_percentage": 0.8184441820805457, "start_location_x_px": 3, "start_location_y_px": 64, "artifacts_per_walkable_area": 0.0030453598333066195, "powerups_per_walkable_area": 0.004808462894694662, "weapons_per_walkable_area": 0.0008014104824491104, "ammunitions_per_walkable_area": 0.00384677031575573, "keys_per_walkable_area": 0.00032056419297964416, "monsters_per_walkable_area": 0.011059464657797724, "obstacles_per_walkable_area": 0.003686488219265908, "decorations_per_walkable_area": 0.001923385157877865, "nodes": 77, "avg-path-length": 9.777119585338763, "diameter-mean": 26.0, "art-points": 28, "assortativity-mean": 0, "betw-cen": NaN, "closn-cen": NaN, "distmap-max": 12.806248474865697, "distmap-mean": -Infinity, "distmap-var": 0.0, "distmap-skew": 0, "distmap-kurt": 0.0, "distmap-Q1": 0.005953216374269005, "distmap-Q2": 0.06770226849174209, "distmap-Q3": 0.1715789473684207, "path_wallmap": "TVR_MAP06_wallmap.png", "path_heightmap": "TVR_MAP06_heightmap.png", "path_triggermap": "TVR_MAP06_triggermap.png", "path_thingsmap": "TVR_MAP06_thingsmap.png", "path_floormap": "TVR_MAP06_floormap.png", "path_roommap": "TVR_MAP06_roommap.png", "slot": "MAP06", "path_json": "TVR_MAP06.json"}