{"number_of_lines": 915, "number_of_things": 88, "number_of_sectors": 169, "number_of_subsectors": 616, "number_of_vertices": 877, "x_max": 2080, "y_max": 960, "x_min": -2048, "y_min": -2192, "height": 3153, "width": 4129, "aspect_ratio": 1.309546463685379, "floor_height_max": 208.0, "floor_height_min": -512.0, "floor_height_avg": -114.22155688622755, "ceiling_height_max": 320.0, "ceiling_height_min": -128.0, "ceiling_height_avg": 74.58682634730539, "room_height_max": 704.0, "room_height_min": 0.0, "room_height_avg": 188.80838323353294, "sector_area_max": 647680.0, "sector_area_min": 256.0, "sector_area_avg": 25286.131736526946, "lines_per_sector_max": 51.0, "lines_per_sector_min": 3.0, "lines_per_sector_avg": 9.754491017964073, "sector_aspect_ratio_max": 52.76470588235294, "sector_aspect_ratio_min": 1.0, "sector_aspect_ratio_avg": 4.544137519469276, "floors": 2, "level_area": 4081, "floors_area_mean": 2040.5, "floors_area_min": 315, "floors_area_max": 3766, "floors_area_std": 1725.5, "level_bbox_area": 12870, "level_convex_area": 10500, "floors_convex_area_mean": 5409.0, "floors_convex_area_min": 318, "floors_convex_area_max": 10500, "floors_convex_area_std": 5091.0, "level_eccentricity": 0.6309650878124627, "floors_eccentricity_mean": 0.4856982801258056, "floors_eccentricity_min": 0.3377961188045579, "floors_eccentricity_max": 0.6336004414470534, "floors_eccentricity_std": 0.14790216132124775, "level_equivalent_diameter": 72.08391347633811, "floors_equivalent_diameter_mean": 44.636413681035975, "floors_equivalent_diameter_min": 20.026743534373637, "floors_equivalent_diameter_max": 69.24608382769831, "floors_equivalent_diameter_std": 24.60967014666234, "level_euler_number": -3, "floors_euler_number_mean": -1.5, "floors_euler_number_min": -4, "floors_euler_number_max": 1, "floors_euler_number_std": 2.5, "level_extent": 0.3170940170940171, "floors_extent_mean": 0.5607829305197727, "floors_extent_min": 0.2926184926184926, "floors_extent_max": 0.8289473684210527, "floors_extent_std": 0.26816443790128003, "level_filled_area": 4093, "floors_filled_area_mean": 2046.5, "floors_filled_area_min": 315, "floors_filled_area_max": 3778, "floors_filled_area_std": 1731.5, "level_major_axis_length": 143.03286114918797, "floors_major_axis_length_mean": 83.25015179518435, "floors_major_axis_length_min": 20.651906031635384, "floors_major_axis_length_max": 145.84839755873332, "floors_major_axis_length_std": 62.598245763548974, "level_minor_axis_length": 110.96649932718677, "floors_minor_axis_length_mean": 66.13755424322505, "floors_minor_axis_length_min": 19.437972664137185, "floors_minor_axis_length_max": 112.83713582231292, "floors_minor_axis_length_std": 46.69958157908786, "level_orientation": -0.02359776031126455, "floors_orientation_mean": -0.07665248766308909, "floors_orientation_min": -0.10512702543469693, "floors_orientation_max": -0.04817794989148125, "floors_orientation_std": 0.02847453777160784, "level_perimeter": 1034.7127701597078, "floors_perimeter_mean": 517.3563850798539, "floors_perimeter_min": 62.2842712474619, "floors_perimeter_max": 972.4284989122459, "floors_perimeter_std": 455.072113832392, "level_solidity": 0.38866666666666666, "floors_solidity_mean": 0.6746163522012578, "floors_solidity_min": 0.3586666666666667, "floors_solidity_max": 0.9905660377358491, "floors_solidity_std": 0.3159496855345912, "level_hu_moment_0": 0.5018984829308599, "level_hu_moment_1": 0.015559350665002783, "level_hu_moment_2": 0.03573581644740065, "level_hu_moment_3": 0.001814228357359863, "level_hu_moment_4": -1.254771481994971e-05, "level_hu_moment_5": 0.0002260516605553546, "level_hu_moment_6": 7.479809776842808e-06, "level_centroid_x": 65.97231070815977, "level_centroid_y": 53.63023768684146, "number_of_artifacts": 4, "number_of_powerups": 5, "number_of_weapons": 7, "number_of_ammunitions": 13, "number_of_keys": 1, "number_of_monsters": 20, "number_of_obstacles": 4, "number_of_decorations": 15, "walkable_area": 3421, "walkable_percentage": 0.8382749326145552, "start_location_x_px": 18, "start_location_y_px": 70, "artifacts_per_walkable_area": 0.001169248757673195, "powerups_per_walkable_area": 0.0014615609470914938, "weapons_per_walkable_area": 0.0020461853259280912, "ammunitions_per_walkable_area": 0.003800058462437884, "keys_per_walkable_area": 0.00029231218941829873, "monsters_per_walkable_area": 0.005846243788365975, "obstacles_per_walkable_area": 0.001169248757673195, "decorations_per_walkable_area": 0.0043846828412744815, "nodes": 63, "avg-path-length": 13.269169751454257, "diameter-mean": 38.0, "art-points": 41, "assortativity-mean": 0, "betw-cen": NaN, "closn-cen": NaN, "distmap-max": 11.0, "distmap-mean": -Infinity, "distmap-var": 0.0, "distmap-skew": 0, "distmap-kurt": 0.0, "distmap-Q1": 0.0, "distmap-Q2": 0.14806980433633, "distmap-Q3": 0.37625594923320993, "path_wallmap": "TVR_MAP21_wallmap.png", "path_heightmap": "TVR_MAP21_heightmap.png", "path_triggermap": "TVR_MAP21_triggermap.png", "path_thingsmap": "TVR_MAP21_thingsmap.png", "path_floormap": "TVR_MAP21_floormap.png", "path_roommap": "TVR_MAP21_roommap.png", "slot": "MAP21", "path_json": "TVR_MAP21.json"}