{"number_of_lines": 1074, "number_of_things": 157, "number_of_sectors": 116, "number_of_subsectors": 603, "number_of_vertices": 1032, "x_max": 1328, "y_max": 1568, "x_min": -3872, "y_min": -1152, "height": 2721, "width": 5201, "aspect_ratio": 1.9114296214626976, "floor_height_max": 128.0, "floor_height_min": -160.0, "floor_height_avg": -12.775862068965518, "ceiling_height_max": 152.0, "ceiling_height_min": -80.0, "ceiling_height_avg": 89.75862068965517, "room_height_max": 216.0, "room_height_min": -16.0, "room_height_avg": 102.53448275862068, "sector_area_max": 477184.0, "sector_area_min": 256.0, "sector_area_avg": 42210.206896551725, "lines_per_sector_max": 58.0, "lines_per_sector_min": 3.0, "lines_per_sector_avg": 13.818965517241379, "sector_aspect_ratio_max": 7.787878787878788, "sector_aspect_ratio_min": 1.0, "sector_aspect_ratio_avg": 2.0469417877411433, "floors": 3, "level_area": 5116, "floors_area_mean": 1705.3333333333333, "floors_area_min": 30, "floors_area_max": 4989, "floors_area_std": 2322.0640722330545, "level_bbox_area": 13846, "level_convex_area": 9744, "floors_convex_area_mean": 3302.3333333333335, "floors_convex_area_min": 31, "floors_convex_area_max": 9744, "floors_convex_area_std": 4555.132806943052, "level_eccentricity": 0.865802698759563, "floors_eccentricity_mean": 0.7963478405335187, "floors_eccentricity_min": 0.6609249421462375, "floors_eccentricity_max": 0.8655534037353012, "floors_eccentricity_std": 0.09576622032281962, "level_equivalent_diameter": 80.70869538572094, "floors_equivalent_diameter_mean": 32.33142454967127, "floors_equivalent_diameter_min": 6.180387232371033, "floors_equivalent_diameter_max": 79.70064045340995, "floors_equivalent_diameter_std": 33.55557812859055, "level_euler_number": -7, "floors_euler_number_mean": -2.3333333333333335, "floors_euler_number_min": -9, "floors_euler_number_max": 1, "floors_euler_number_std": 4.714045207910316, "level_extent": 0.3694929943666041, "floors_extent_mean": 0.5960172542222146, "floors_extent_min": 0.36032067022966924, "floors_extent_max": 0.8571428571428571, "floors_extent_std": 0.20362227711301592, "level_filled_area": 5389, "floors_filled_area_mean": 1796.3333333333333, "floors_filled_area_min": 30, "floors_filled_area_max": 5262, "floors_filled_area_std": 2450.749046493518, "level_major_axis_length": 152.52678287395918, "floors_major_axis_length_mean": 58.924209437416955, "floors_major_axis_length_min": 7.1871722558182265, "floors_major_axis_length_max": 152.21625856576506, "floors_major_axis_length_std": 66.098276489862, "level_minor_axis_length": 76.32219633539779, "floors_minor_axis_length_mean": 30.36853750671963, "floors_minor_axis_length_min": 5.3936278729500255, "floors_minor_axis_length_max": 77.0132015485052, "floors_minor_axis_length_std": 33.010347119702374, "level_orientation": -0.06358210356949198, "floors_orientation_mean": 0.4236314068089597, "floors_orientation_min": -0.0723441491947119, "floors_orientation_max": 1.3432007513120785, "floors_orientation_std": 0.6509048136141876, "level_perimeter": 1164.6721856198917, "floors_perimeter_mean": 388.2240618732972, "floors_perimeter_min": 18.242640687119284, "floors_perimeter_max": 1093.0447686219222, "floors_perimeter_std": 498.58995438487835, "level_solidity": 0.5250410509031199, "floors_solidity_mean": 0.7381992698316392, "floors_solidity_min": 0.5120073891625616, "floors_solidity_max": 0.967741935483871, "floors_solidity_std": 0.1860679356179259, "level_hu_moment_0": 0.35537403669051626, "level_hu_moment_1": 0.04538989147819956, "level_hu_moment_2": 0.011311622686249766, "level_hu_moment_3": 0.0037163093589250673, "level_hu_moment_4": 2.387067556232536e-05, "level_hu_moment_5": 0.0006787195166526676, "level_hu_moment_6": -3.28157449299326e-06, "level_centroid_x": 76.943315089914, "level_centroid_y": 36.40129007036747, "number_of_artifacts": 8, "number_of_powerups": 20, "number_of_weapons": 4, "number_of_ammunitions": 26, "number_of_keys": 1, "number_of_monsters": 56, "number_of_obstacles": 13, "number_of_decorations": 15, "walkable_area": 4129, "walkable_percentage": 0.8070758405003909, "start_location_x_px": 9, "start_location_y_px": 46, "artifacts_per_walkable_area": 0.0019375151368370065, "powerups_per_walkable_area": 0.004843787842092516, "weapons_per_walkable_area": 0.0009687575684185032, "ammunitions_per_walkable_area": 0.006296924194720271, "keys_per_walkable_area": 0.0002421893921046258, "monsters_per_walkable_area": 0.013562605957859046, "obstacles_per_walkable_area": 0.0031484620973601355, "decorations_per_walkable_area": 0.0036328408815693874, "nodes": 49, "avg-path-length": 3.737878787878788, "diameter-mean": 9.0, "art-points": 21, "assortativity-mean": 0, "betw-cen": NaN, "closn-cen": NaN, "distmap-max": 11.40175425099138, "distmap-mean": -Infinity, "distmap-var": 0.0, "distmap-skew": 0, "distmap-kurt": 0.0, "distmap-Q1": 0.0199468085106383, "distmap-Q2": 0.05053191489361702, "distmap-Q3": 0.10904255319148935, "path_wallmap": "TVR_MAP13_wallmap.png", "path_heightmap": "TVR_MAP13_heightmap.png", "path_triggermap": "TVR_MAP13_triggermap.png", "path_thingsmap": "TVR_MAP13_thingsmap.png", "path_floormap": "TVR_MAP13_floormap.png", "path_roommap": "TVR_MAP13_roommap.png", "slot": "MAP13", "path_json": "TVR_MAP13.json"}