{"number_of_lines": 1062, "number_of_things": 159, "number_of_sectors": 140, "number_of_subsectors": 632, "number_of_vertices": 1119, "x_max": 4480, "y_max": 1088, "x_min": -1088, "y_min": -2208, "height": 3297, "width": 5569, "aspect_ratio": 1.689111313315135, "floor_height_max": 448.0, "floor_height_min": -132.0, "floor_height_avg": -5.007246376811594, "ceiling_height_max": 512.0, "ceiling_height_min": -64.0, "ceiling_height_avg": 162.35507246376812, "room_height_max": 644.0, "room_height_min": 0.0, "room_height_avg": 167.36231884057972, "sector_area_max": 3948544.0, "sector_area_min": 256.0, "sector_area_avg": 119370.20289855072, "lines_per_sector_max": 69.0, "lines_per_sector_min": 3.0, "lines_per_sector_avg": 11.297101449275363, "sector_aspect_ratio_max": 15.117647058823529, "sector_aspect_ratio_min": 1.0, "sector_aspect_ratio_avg": 3.2040435177488504, "floors": 2, "level_area": 11224, "floors_area_mean": 5612.0, "floors_area_min": 3975, "floors_area_max": 7249, "floors_area_std": 1637.0, "level_bbox_area": 17992, "level_convex_area": 15139, "floors_convex_area_mean": 6732.0, "floors_convex_area_min": 4167, "floors_convex_area_max": 9297, "floors_convex_area_std": 2565.0, "level_eccentricity": 0.8445892397033068, "floors_eccentricity_mean": 0.7014858380988866, "floors_eccentricity_min": 0.698737951361069, "floors_eccentricity_max": 0.7042337248367043, "floors_eccentricity_std": 0.002747886737817673, "level_equivalent_diameter": 119.54430413075926, "floors_equivalent_diameter_mean": 83.6064986480853, "floors_equivalent_diameter_min": 71.14159957663499, "floors_equivalent_diameter_max": 96.07139771953563, "floors_equivalent_diameter_std": 12.464899071450319, "level_euler_number": -12, "floors_euler_number_mean": -6.0, "floors_euler_number_min": -13, "floors_euler_number_max": 1, "floors_euler_number_std": 7.0, "level_extent": 0.6238328145842597, "floors_extent_mean": 0.7777190126848212, "floors_extent_min": 0.6168311776718857, "floors_extent_max": 0.9386068476977568, "floors_extent_std": 0.16088783501293558, "level_filled_area": 11894, "floors_filled_area_mean": 5947.0, "floors_filled_area_min": 3975, "floors_filled_area_max": 7919, "floors_filled_area_std": 1972.0, "level_major_axis_length": 188.24389662920194, "floors_major_axis_length_mean": 105.37476688963149, "floors_major_axis_length_min": 86.16438678659748, "floors_major_axis_length_max": 124.5851469926655, "floors_major_axis_length_std": 19.210380103034012, "level_minor_axis_length": 100.78856969209055, "floors_minor_axis_length_mean": 75.149706672998, "floors_minor_axis_length_min": 61.17397554923481, "floors_minor_axis_length_max": 89.12543779676118, "floors_minor_axis_length_std": 13.975731123763182, "level_orientation": -0.10935094325728684, "floors_orientation_mean": -1.193954623700588, "floors_orientation_min": -1.5513019534763355, "floors_orientation_max": -0.8366072939248405, "floors_orientation_std": 0.3573473297757475, "level_perimeter": 1280.5594872476836, "floors_perimeter_mean": 640.2797436238418, "floors_perimeter_min": 266.0243866176395, "floors_perimeter_max": 1014.5351006300441, "floors_perimeter_std": 374.2553570062023, "level_solidity": 0.7413963934209657, "floors_solidity_mean": 0.8668187861524805, "floors_solidity_min": 0.7797138861998494, "floors_solidity_max": 0.9539236861051116, "floors_solidity_std": 0.0871048999526311, "level_hu_moment_0": 0.2538873195759258, "level_hu_moment_1": 0.01981210000407903, "level_hu_moment_2": 0.0008252257090881061, "level_hu_moment_3": 0.0001221246069073911, "level_hu_moment_4": -1.9126814190895885e-08, "level_hu_moment_5": -6.804040781149842e-06, "level_hu_moment_6": -3.372307275666914e-08, "level_centroid_x": 83.97434069850321, "level_centroid_y": 56.745990734141124, "number_of_artifacts": 3, "number_of_powerups": 19, "number_of_weapons": 4, "number_of_ammunitions": 33, "number_of_keys": 2, "number_of_monsters": 49, "number_of_obstacles": 13, "number_of_decorations": 18, "walkable_area": 9965, "walkable_percentage": 0.8878296507483963, "start_location_x_px": 32, "start_location_y_px": 28, "artifacts_per_walkable_area": 0.00030105368790767686, "powerups_per_walkable_area": 0.0019066733567486202, "weapons_per_walkable_area": 0.00040140491721023583, "ammunitions_per_walkable_area": 0.0033115905669844456, "keys_per_walkable_area": 0.00020070245860511792, "monsters_per_walkable_area": 0.004917210235825389, "obstacles_per_walkable_area": 0.0013045659809332664, "decorations_per_walkable_area": 0.0018063221274460613, "nodes": 47, "avg-path-length": 3.3310104529616726, "diameter-mean": 7.0, "art-points": 8, "assortativity-mean": -0.0013192612137208533, "betw-cen": NaN, "closn-cen": NaN, "distmap-max": 26.476404589747453, "distmap-mean": -Infinity, "distmap-var": 0.0, "distmap-skew": 0, "distmap-kurt": 0.0, "distmap-Q1": 0.007004830917874396, "distmap-Q2": 0.04541062801932366, "distmap-Q3": 0.07415458937198066, "path_wallmap": "TVR_MAP22_wallmap.png", "path_heightmap": "TVR_MAP22_heightmap.png", "path_triggermap": "TVR_MAP22_triggermap.png", "path_thingsmap": "TVR_MAP22_thingsmap.png", "path_floormap": "TVR_MAP22_floormap.png", "path_roommap": "TVR_MAP22_roommap.png", "slot": "MAP22", "path_json": "TVR_MAP22.json"}