{"number_of_lines": 892, "number_of_things": 191, "number_of_sectors": 111, "number_of_subsectors": 400, "number_of_vertices": 826, "x_max": 2368, "y_max": 3456, "x_min": -496, "y_min": -320, "height": 3777, "width": 2865, "aspect_ratio": 1.318324607329843, "floor_height_max": 128.0, "floor_height_min": -288.0, "floor_height_avg": -29.873873873873872, "ceiling_height_max": 256.0, "ceiling_height_min": -264.0, "ceiling_height_avg": 77.15315315315316, "room_height_max": 272.0, "room_height_min": 0.0, "room_height_avg": 107.02702702702703, "sector_area_max": 761856.0, "sector_area_min": 256.0, "sector_area_avg": 53698.882882882885, "lines_per_sector_max": 42.0, "lines_per_sector_min": 3.0, "lines_per_sector_avg": 10.378378378378379, "sector_aspect_ratio_max": 18.88235294117647, "sector_aspect_ratio_min": 1.0, "sector_aspect_ratio_avg": 3.02537036001646, "floors": 2, "level_area": 5694, "floors_area_mean": 2847.0, "floors_area_min": 9, "floors_area_max": 5685, "floors_area_std": 2838.0, "level_bbox_area": 10710, "level_convex_area": 8420, "floors_convex_area_mean": 4154.0, "floors_convex_area_min": 9, "floors_convex_area_max": 8299, "floors_convex_area_std": 4145.0, "level_eccentricity": 0.6659497211820467, "floors_eccentricity_mean": 0.3340201642025089, "floors_eccentricity_min": 0.0, "floors_eccentricity_max": 0.6680403284050178, "floors_eccentricity_std": 0.3340201642025089, "level_equivalent_diameter": 85.14590987077428, "floors_equivalent_diameter_mean": 44.23186473629458, "floors_equivalent_diameter_min": 3.385137501286538, "floors_equivalent_diameter_max": 85.07859197130263, "floors_equivalent_diameter_std": 40.846727235008046, "level_euler_number": -11, "floors_euler_number_mean": -5.5, "floors_euler_number_min": -12, "floors_euler_number_max": 1, "floors_euler_number_std": 6.5, "level_extent": 0.5316526610644258, "floors_extent_mean": 0.7745580991017096, "floors_extent_min": 0.5491161982034193, "floors_extent_max": 1.0, "floors_extent_std": 0.22544190089829036, "level_filled_area": 6058, "floors_filled_area_mean": 3029.0, "floors_filled_area_min": 9, "floors_filled_area_max": 6049, "floors_filled_area_std": 3020.0, "level_major_axis_length": 115.26648399090686, "floors_major_axis_length_mean": 59.24259652617201, "floors_major_axis_length_min": 3.265986323710904, "floors_major_axis_length_max": 115.21920672863311, "floors_major_axis_length_std": 55.9766102024611, "level_minor_axis_length": 85.98840836860334, "floors_minor_axis_length_mean": 44.50174329110986, "floors_minor_axis_length_min": 3.265986323710904, "floors_minor_axis_length_max": 85.73750025850882, "floors_minor_axis_length_std": 41.235756967398956, "level_orientation": 1.560772062585706, "floors_orientation_mean": 1.1766205403832282, "floors_orientation_min": 0.7853981633974483, "floors_orientation_max": 1.5678429173690083, "floors_orientation_std": 0.39122237698578, "level_perimeter": 952.4995667241114, "floors_perimeter_mean": 476.2497833620557, "floors_perimeter_min": 8.0, "floors_perimeter_max": 944.4995667241114, "floors_perimeter_std": 468.2497833620557, "level_solidity": 0.6762470308788598, "floors_solidity_mean": 0.8425111459211954, "floors_solidity_min": 0.6850222918423906, "floors_solidity_max": 1.0, "floors_solidity_std": 0.1574888540788047, "level_hu_moment_0": 0.22699737339075868, "level_hu_moment_1": 0.004183146346476843, "level_hu_moment_2": 0.0003604158337729332, "level_hu_moment_3": 0.00011297054056012521, "level_hu_moment_4": -2.64357186238165e-09, "level_hu_moment_5": 5.236528582703036e-06, "level_hu_moment_6": -2.2641727603567108e-08, "level_centroid_x": 47.69511766772041, "level_centroid_y": 52.165261678960306, "number_of_artifacts": 20, "number_of_powerups": 28, "number_of_weapons": 5, "number_of_ammunitions": 22, "number_of_keys": 3, "number_of_monsters": 42, "number_of_obstacles": 32, "number_of_decorations": 24, "walkable_area": 4348, "walkable_percentage": 0.763610818405339, "start_location_x_px": 4, "start_location_y_px": 9, "artifacts_per_walkable_area": 0.004599816007359705, "powerups_per_walkable_area": 0.006439742410303588, "weapons_per_walkable_area": 0.0011499540018399263, "ammunitions_per_walkable_area": 0.005059797608095676, "keys_per_walkable_area": 0.0006899724011039559, "monsters_per_walkable_area": 0.009659613615455382, "obstacles_per_walkable_area": 0.007359705611775529, "decorations_per_walkable_area": 0.005519779208831647, "nodes": 44, "avg-path-length": 5.767441860465116, "diameter-mean": 14.0, "art-points": 12, "assortativity-mean": -0.0849250661181308, "betw-cen": NaN, "closn-cen": NaN, "distmap-max": 18.35755975068582, "distmap-mean": -Infinity, "distmap-var": 0.0, "distmap-skew": 0, "distmap-kurt": 0.0, "distmap-Q1": 0.02187153931339976, "distmap-Q2": 0.08582502768549279, "distmap-Q3": 0.14341085271317836, "path_wallmap": "TVR_MAP19_wallmap.png", "path_heightmap": "TVR_MAP19_heightmap.png", "path_triggermap": "TVR_MAP19_triggermap.png", "path_thingsmap": "TVR_MAP19_thingsmap.png", "path_floormap": "TVR_MAP19_floormap.png", "path_roommap": "TVR_MAP19_roommap.png", "slot": "MAP19", "path_json": "TVR_MAP19.json"}