{"number_of_lines": 1154, "number_of_things": 203, "number_of_sectors": 138, "number_of_subsectors": 576, "number_of_vertices": 1058, "x_max": 384, "y_max": 1056, "x_min": -2816, "y_min": -1488, "height": 2545, "width": 3201, "aspect_ratio": 1.2577603143418468, "floor_height_max": 136.0, "floor_height_min": -136.0, "floor_height_avg": 0.9855072463768116, "ceiling_height_max": 160.0, "ceiling_height_min": -120.0, "ceiling_height_avg": 85.5072463768116, "room_height_max": 288.0, "room_height_min": 0.0, "room_height_avg": 84.52173913043478, "sector_area_max": 838656.0, "sector_area_min": 0.0, "sector_area_avg": 24681.27536231884, "lines_per_sector_max": 91.0, "lines_per_sector_min": 4.0, "lines_per_sector_avg": 11.855072463768115, "sector_aspect_ratio_max": 15.117647058823529, "sector_aspect_ratio_min": 1.0, "sector_aspect_ratio_avg": 2.3058553194897264, "floors": 4, "level_area": 3837, "floors_area_mean": 959.25, "floors_area_min": 20, "floors_area_max": 3682, "floors_area_std": 1572.3872574846184, "level_bbox_area": 8080, "level_convex_area": 6422, "floors_convex_area_mean": 1602.75, "floors_convex_area_min": 25, "floors_convex_area_max": 6247, "floors_convex_area_std": 2681.57345368349, "level_eccentricity": 0.7735832322341768, "floors_eccentricity_mean": 0.5040820719688949, "floors_eccentricity_min": 0.0, "floors_eccentricity_max": 0.8599994405597109, "floors_eccentricity_std": 0.33273351788579736, "level_equivalent_diameter": 69.89578051033423, "floors_equivalent_diameter_mean": 22.748042275012107, "floors_equivalent_diameter_min": 5.046265044040321, "floors_equivalent_diameter_max": 68.46946767512414, "floors_equivalent_diameter_std": 26.530767157047435, "level_euler_number": -19, "floors_euler_number_mean": -4.75, "floors_euler_number_min": -22, "floors_euler_number_max": 1, "floors_euler_number_std": 9.959292143521045, "level_extent": 0.47487623762376235, "floors_extent_mean": 0.7614782768777615, "floors_extent_min": 0.4744845360824742, "floors_extent_max": 1.0, "floors_extent_std": 0.24097174243020697, "level_filled_area": 4818, "floors_filled_area_mean": 1215.75, "floors_filled_area_min": 20, "floors_filled_area_max": 4708, "floors_filled_area_std": 2016.5686666959793, "level_major_axis_length": 107.60271368200827, "floors_major_axis_length_mean": 32.19946202839378, "floors_major_axis_length_min": 5.656854249492381, "floors_major_axis_length_max": 102.40633926038369, "floors_major_axis_length_std": 40.611614478554436, "level_minor_axis_length": 68.18727021474986, "floors_minor_axis_length_mean": 22.593998290682276, "floors_minor_axis_length_min": 4.126012460231001, "floors_minor_axis_length_max": 69.10400115992967, "floors_minor_axis_length_std": 26.992739394585943, "level_orientation": 0.17660229531080093, "floors_orientation_mean": 0.7060670196910301, "floors_orientation_min": 0.1281191611355966, "floors_orientation_max": 1.5707963267948966, "floors_orientation_std": 0.5527459548342438, "level_perimeter": 1066.3046532517446, "floors_perimeter_mean": 266.57616331293616, "floors_perimeter_min": 16.0, "floors_perimeter_max": 994.8549057834388, "floors_perimeter_std": 420.56193772781603, "level_solidity": 0.597477421364061, "floors_solidity_mean": 0.8197645214530561, "floors_solidity_min": 0.5894029133984312, "floors_solidity_max": 1.0, "floors_solidity_std": 0.1836876211309741, "level_hu_moment_0": 0.2643316362241263, "level_hu_moment_1": 0.012737890859139404, "level_hu_moment_2": 0.0011350296104662456, "level_hu_moment_3": 0.0008329650341537729, "level_hu_moment_4": 8.083985304295903e-07, "level_hu_moment_5": 7.641414785728207e-05, "level_hu_moment_6": -4.967034741154264e-08, "level_centroid_x": 45.02866823038833, "level_centroid_y": 38.31925983841543, "number_of_artifacts": 19, "number_of_powerups": 28, "number_of_weapons": 6, "number_of_ammunitions": 22, "number_of_keys": 1, "number_of_monsters": 81, "number_of_obstacles": 10, "number_of_decorations": 12, "walkable_area": 2733, "walkable_percentage": 0.7122752150117279, "start_location_x_px": 7, "start_location_y_px": 60, "artifacts_per_walkable_area": 0.006952067325283571, "powerups_per_walkable_area": 0.010245151847786316, "weapons_per_walkable_area": 0.0021953896816684962, "ammunitions_per_walkable_area": 0.00804976216611782, "keys_per_walkable_area": 0.00036589828027808267, "monsters_per_walkable_area": 0.029637760702524697, "obstacles_per_walkable_area": 0.003658982802780827, "decorations_per_walkable_area": 0.0043907793633369925, "nodes": 47, "avg-path-length": 5.099365750528541, "diameter-mean": 11.0, "art-points": 6, "assortativity-mean": 0, "betw-cen": NaN, "closn-cen": NaN, "distmap-max": 13.152946437965905, "distmap-mean": -Infinity, "distmap-var": 0.0, "distmap-skew": 0, "distmap-kurt": 0.0, "distmap-Q1": 0.002109500805152979, "distmap-Q2": 0.04057971014492753, "distmap-Q3": 0.12713365539452492, "path_wallmap": "TVR_MAP26_wallmap.png", "path_heightmap": "TVR_MAP26_heightmap.png", "path_triggermap": "TVR_MAP26_triggermap.png", "path_thingsmap": "TVR_MAP26_thingsmap.png", "path_floormap": "TVR_MAP26_floormap.png", "path_roommap": "TVR_MAP26_roommap.png", "slot": "MAP26", "path_json": "TVR_MAP26.json"}