{"number_of_lines": 1104, "number_of_things": 245, "number_of_sectors": 129, "number_of_subsectors": 595, "number_of_vertices": 976, "x_max": 2432, "y_max": 1152, "x_min": -2752, "y_min": -1952, "height": 3105, "width": 5185, "aspect_ratio": 1.6698872785829308, "floor_height_max": 208.0, "floor_height_min": -64.0, "floor_height_avg": 8.813953488372093, "ceiling_height_max": 240.0, "ceiling_height_min": -64.0, "ceiling_height_avg": 129.7906976744186, "room_height_max": 304.0, "room_height_min": 0.0, "room_height_avg": 120.97674418604652, "sector_area_max": 1206272.0, "sector_area_min": 256.0, "sector_area_avg": 53622.07751937985, "lines_per_sector_max": 76.0, "lines_per_sector_min": 3.0, "lines_per_sector_avg": 12.96124031007752, "sector_aspect_ratio_max": 19.424242424242426, "sector_aspect_ratio_min": 1.0, "sector_aspect_ratio_avg": 2.8169027863698397, "floors": 3, "level_area": 7422, "floors_area_mean": 2474.0, "floors_area_min": 6, "floors_area_max": 7391, "floors_area_std": 3476.852695566303, "level_bbox_area": 15778, "level_convex_area": 11431, "floors_convex_area_mean": 3653.6666666666665, "floors_convex_area_min": 6, "floors_convex_area_max": 10930, "floors_convex_area_std": 5145.1504891067625, "level_eccentricity": 0.8753276858425225, "floors_eccentricity_mean": 0.8269837838873707, "floors_eccentricity_min": 0.7905694150420949, "floors_eccentricity_max": 0.8779780961564211, "floors_eccentricity_std": 0.03714386845960666, "level_equivalent_diameter": 97.21102767188698, "floors_equivalent_diameter_mean": 35.13788337859538, "floors_equivalent_diameter_min": 2.763953195770684, "floors_equivalent_diameter_max": 97.00780110453792, "floors_equivalent_diameter_std": 43.7644123157963, "level_euler_number": -16, "floors_euler_number_mean": -5.333333333333333, "floors_euler_number_min": -18, "floors_euler_number_max": 1, "floors_euler_number_std": 8.956685895029603, "level_extent": 0.47040182532640384, "floors_extent_mean": 0.6924080347993392, "floors_extent_min": 0.5216685488424618, "floors_extent_max": 1.0, "floors_extent_std": 0.21793989247496162, "level_filled_area": 7660, "floors_filled_area_mean": 2553.3333333333335, "floors_filled_area_min": 6, "floors_filled_area_max": 7629, "floors_filled_area_std": 3589.046701036672, "level_major_axis_length": 163.8353388095598, "floors_major_axis_length_mean": 58.453951085351974, "floors_major_axis_length_min": 3.265986323710904, "floors_major_axis_length_max": 164.09586693234502, "floors_major_axis_length_std": 74.7251118399484, "level_minor_axis_length": 79.21933212315511, "floors_minor_axis_length_mean": 28.405861816608788, "floors_minor_axis_length_min": 2.0, "floors_minor_axis_length_max": 78.55282393395012, "floors_minor_axis_length_std": 35.47594110269356, "level_orientation": 0.07416287575776209, "floors_orientation_mean": 0.5474360314613479, "floors_orientation_min": 0.0, "floors_orientation_max": 1.5707963267948966, "floors_orientation_std": 0.7242136902760156, "level_perimeter": 1250.76049737446, "floors_perimeter_mean": 416.9201657914868, "floors_perimeter_min": 6.0, "floors_perimeter_max": 1225.4467888754755, "floors_perimeter_std": 571.7404940968689, "level_solidity": 0.6492870265068673, "floors_solidity_mean": 0.8920707532784385, "floors_solidity_min": 0.6762122598353156, "floors_solidity_max": 1.0, "floors_solidity_std": 0.15263500449034412, "level_hu_moment_0": 0.27888137315482703, "level_hu_moment_1": 0.029993774994562128, "level_hu_moment_2": 0.005126637481632017, "level_hu_moment_3": 0.001078713762010805, "level_hu_moment_4": 2.1340060172361116e-06, "level_hu_moment_5": 0.00013230247793365754, "level_hu_moment_6": -1.3715168801870744e-06, "level_centroid_x": 70.90218270008084, "level_centroid_y": 53.3542171921315, "number_of_artifacts": 19, "number_of_powerups": 24, "number_of_weapons": 4, "number_of_ammunitions": 43, "number_of_keys": 2, "number_of_monsters": 83, "number_of_obstacles": 30, "number_of_decorations": 27, "walkable_area": 6092, "walkable_percentage": 0.8208030180544328, "start_location_x_px": 22, "start_location_y_px": 40, "artifacts_per_walkable_area": 0.003118844386080105, "powerups_per_walkable_area": 0.003939592908732764, "weapons_per_walkable_area": 0.0006565988181221273, "ammunitions_per_walkable_area": 0.007058437294812869, "keys_per_walkable_area": 0.00032829940906106366, "monsters_per_walkable_area": 0.013624425476034143, "obstacles_per_walkable_area": 0.004924491135915955, "decorations_per_walkable_area": 0.00443204202232436, "nodes": 60, "avg-path-length": 6.972530683810637, "diameter-mean": 17.0, "art-points": 16, "assortativity-mean": 0, "betw-cen": NaN, "closn-cen": NaN, "distmap-max": 17.0, "distmap-mean": -Infinity, "distmap-var": 0.0, "distmap-skew": 0, "distmap-kurt": 0.0, "distmap-Q1": 0.00021917007597895965, "distmap-Q2": 0.06224430157802455, "distmap-Q3": 0.15402785895187998, "path_wallmap": "TVR_MAP12_wallmap.png", "path_heightmap": "TVR_MAP12_heightmap.png", "path_triggermap": "TVR_MAP12_triggermap.png", "path_thingsmap": "TVR_MAP12_thingsmap.png", "path_floormap": "TVR_MAP12_floormap.png", "path_roommap": "TVR_MAP12_roommap.png", "slot": "MAP12", "path_json": "TVR_MAP12.json"}