{"number_of_lines": 1115, "number_of_things": 298, "number_of_sectors": 116, "number_of_subsectors": 614, "number_of_vertices": 1120, "x_max": 2112, "y_max": 1504, "x_min": -2944, "y_min": -4416, "height": 5921, "width": 5057, "aspect_ratio": 1.1708522839628237, "floor_height_max": 160.0, "floor_height_min": -192.0, "floor_height_avg": -43.06896551724138, "ceiling_height_max": 280.0, "ceiling_height_min": -120.0, "ceiling_height_avg": 89.93103448275862, "room_height_max": 472.0, "room_height_min": 0.0, "room_height_avg": 133.0, "sector_area_max": 2160640.0, "sector_area_min": 256.0, "sector_area_avg": 92751.44827586207, "lines_per_sector_max": 114.0, "lines_per_sector_min": 4.0, "lines_per_sector_avg": 13.724137931034482, "sector_aspect_ratio_max": 75.3529411764706, "sector_aspect_ratio_min": 1.0, "sector_aspect_ratio_avg": 3.7512794698479413, "floors": 7, "level_area": 10030, "floors_area_mean": 1432.857142857143, "floors_area_min": 5, "floors_area_max": 9931, "floors_area_std": 3469.382424605749, "level_bbox_area": 28938, "level_convex_area": 19061, "floors_convex_area_mean": 2545.5714285714284, "floors_convex_area_min": 5, "floors_convex_area_max": 17717, "floors_convex_area_std": 6193.726338738554, "level_eccentricity": 0.8015123013210546, "floors_eccentricity_mean": 0.7467231921686197, "floors_eccentricity_min": 0.0, "floors_eccentricity_max": 1.0, "floors_eccentricity_std": 0.3180444071104578, "level_equivalent_diameter": 113.007046832017, "floors_equivalent_diameter_mean": 19.660586656593388, "floors_equivalent_diameter_min": 2.5231325220201604, "floors_equivalent_diameter_max": 112.44795204344497, "floors_equivalent_diameter_std": 37.91875141088556, "level_euler_number": -14, "floors_euler_number_mean": -2.0, "floors_euler_number_min": -20, "floors_euler_number_max": 1, "floors_euler_number_std": 7.3484692283495345, "level_extent": 0.34660308245213906, "floors_extent_mean": 0.8210460830707491, "floors_extent_min": 0.3925606767333386, "floors_extent_max": 1.0, "floors_extent_std": 0.2092098384551437, "level_filled_area": 11413, "floors_filled_area_mean": 1632.142857142857, "floors_filled_area_min": 5, "floors_filled_area_max": 11326, "floors_filled_area_std": 3957.527021063657, "level_major_axis_length": 201.3205678980177, "floors_major_axis_length_mean": 34.13870472299515, "floors_major_axis_length_min": 3.265986323710904, "floors_major_axis_length_max": 201.85878649521527, "floors_major_axis_length_std": 68.51869093004088, "level_minor_axis_length": 120.38532817929766, "floors_minor_axis_length_mean": 19.246824728997158, "floors_minor_axis_length_min": 0.0, "floors_minor_axis_length_max": 118.06138074348034, "floors_minor_axis_length_std": 40.371596302800384, "level_orientation": 1.4488089675525444, "floors_orientation_mean": 0.09051958459410349, "floors_orientation_min": -1.4956106127913293, "floors_orientation_max": 1.4586420982299686, "floors_orientation_std": 1.131253971888411, "level_perimeter": 1425.8731957466684, "floors_perimeter_mean": 203.6961708209526, "floors_perimeter_min": 3.0, "floors_perimeter_max": 1360.0447686219222, "floors_perimeter_std": 472.12846793666915, "level_solidity": 0.5262053407481244, "floors_solidity_mean": 0.8979335827574807, "floors_solidity_min": 0.560535079302365, "floors_solidity_max": 1.0, "floors_solidity_std": 0.1455686101478859, "level_hu_moment_0": 0.34286265141835476, "level_hu_moment_1": 0.026323978319503984, "level_hu_moment_2": 0.021299850689961177, "level_hu_moment_3": 0.0026737500725877747, "level_hu_moment_4": 1.9701762579455406e-05, "level_hu_moment_5": 0.00042893481108492184, "level_hu_moment_6": 4.3561525879853974e-06, "level_centroid_x": 85.95004985044865, "level_centroid_y": 81.32133599202393, "number_of_artifacts": 13, "number_of_powerups": 22, "number_of_weapons": 9, "number_of_ammunitions": 37, "number_of_keys": 2, "number_of_monsters": 158, "number_of_obstacles": 9, "number_of_decorations": 18, "walkable_area": 8606, "walkable_percentage": 0.8580259222333001, "start_location_x_px": 45, "start_location_y_px": 57, "artifacts_per_walkable_area": 0.0015105740181268882, "powerups_per_walkable_area": 0.0025563560306762724, "weapons_per_walkable_area": 0.0010457820125493841, "ammunitions_per_walkable_area": 0.004299326051591913, "keys_per_walkable_area": 0.00023239600278875203, "monsters_per_walkable_area": 0.01835928422031141, "obstacles_per_walkable_area": 0.0010457820125493841, "decorations_per_walkable_area": 0.0020915640250987683, "nodes": 88, "avg-path-length": 3.0061668289516392, "diameter-mean": 6.75, "art-points": 9, "assortativity-mean": -0.023938033043550182, "betw-cen": NaN, "closn-cen": NaN, "distmap-max": 23.53720459187964, "distmap-mean": -Infinity, "distmap-var": 0.0, "distmap-skew": 0, "distmap-kurt": 0.0, "distmap-Q1": 0.00013365410318096765, "distmap-Q2": 0.03465650895482491, "distmap-Q3": 0.12390053588930897, "path_wallmap": "TVR_MAP28_wallmap.png", "path_heightmap": "TVR_MAP28_heightmap.png", "path_triggermap": "TVR_MAP28_triggermap.png", "path_thingsmap": "TVR_MAP28_thingsmap.png", "path_floormap": "TVR_MAP28_floormap.png", "path_roommap": "TVR_MAP28_roommap.png", "slot": "MAP28", "path_json": "TVR_MAP28.json"}