{"number_of_lines": 1028, "number_of_things": 227, "number_of_sectors": 132, "number_of_subsectors": 536, "number_of_vertices": 1006, "x_max": 736, "y_max": 1536, "x_min": -2400, "y_min": -608, "height": 2145, "width": 3137, "aspect_ratio": 1.4624708624708624, "floor_height_max": 160.0, "floor_height_min": -64.0, "floor_height_avg": 20.015151515151516, "ceiling_height_max": 192.0, "ceiling_height_min": -40.0, "ceiling_height_avg": 123.54545454545455, "room_height_max": 256.0, "room_height_min": 0.0, "room_height_avg": 103.53030303030303, "sector_area_max": 740864.0, "sector_area_min": 256.0, "sector_area_avg": 42389.818181818184, "lines_per_sector_max": 105.0, "lines_per_sector_min": 3.0, "lines_per_sector_avg": 11.280303030303031, "sector_aspect_ratio_max": 50.88235294117647, "sector_aspect_ratio_min": 1.0, "sector_aspect_ratio_avg": 3.644866820286188, "floors": 2, "level_area": 5278, "floors_area_mean": 2639.0, "floors_area_min": 9, "floors_area_max": 5269, "floors_area_std": 2630.0, "level_bbox_area": 6732, "level_convex_area": 6313, "floors_convex_area_mean": 3161.0, "floors_convex_area_min": 9, "floors_convex_area_max": 6313, "floors_convex_area_std": 3152.0, "level_eccentricity": 0.7617761194532015, "floors_eccentricity_mean": 0.3809609826996299, "floors_eccentricity_min": 0.0, "floors_eccentricity_max": 0.7619219653992598, "floors_eccentricity_std": 0.3809609826996299, "level_equivalent_diameter": 81.97657175749782, "floors_equivalent_diameter_mean": 42.64589328360876, "floors_equivalent_diameter_min": 3.385137501286538, "floors_equivalent_diameter_max": 81.90664906593098, "floors_equivalent_diameter_std": 39.26075578232222, "level_euler_number": -3, "floors_euler_number_mean": -1.5, "floors_euler_number_min": -4, "floors_euler_number_max": 1, "floors_euler_number_std": 2.5, "level_extent": 0.7840166369578134, "floors_extent_mean": 0.8913398692810457, "floors_extent_min": 0.7826797385620915, "floors_extent_max": 1.0, "floors_extent_std": 0.10866013071895425, "level_filled_area": 5497, "floors_filled_area_mean": 2753.0, "floors_filled_area_min": 9, "floors_filled_area_max": 5497, "floors_filled_area_std": 2744.0, "level_major_axis_length": 113.65155550105499, "floors_major_axis_length_mean": 58.483808667698625, "floors_major_axis_length_min": 3.265986323710904, "floors_major_axis_length_max": 113.70163101168635, "floors_major_axis_length_std": 55.21782234398772, "level_minor_axis_length": 73.62806566417133, "floors_minor_axis_length_mean": 38.453494557179326, "floors_minor_axis_length_min": 3.265986323710904, "floors_minor_axis_length_max": 73.64100279064775, "floors_minor_axis_length_std": 35.18750823346842, "level_orientation": 0.01397039384469842, "floors_orientation_mean": 0.40027330835439223, "floors_orientation_min": 0.015148453311336194, "floors_orientation_max": 0.7853981633974483, "floors_orientation_std": 0.38512485504305605, "level_perimeter": 751.7167747730646, "floors_perimeter_mean": 375.8583873865323, "floors_perimeter_min": 8.0, "floors_perimeter_max": 743.7167747730646, "floors_perimeter_std": 367.8583873865323, "level_solidity": 0.8360525898938698, "floors_solidity_mean": 0.9173134801203865, "floors_solidity_min": 0.834626960240773, "floors_solidity_max": 1.0, "floors_solidity_std": 0.08268651987961351, "level_hu_moment_0": 0.21714863728278833, "level_hu_moment_1": 0.007878294578790218, "level_hu_moment_2": 0.000498070468707276, "level_hu_moment_3": 0.00010833191824594887, "level_hu_moment_4": 2.504737039908e-08, "level_hu_moment_5": 9.610219874722658e-06, "level_hu_moment_6": -2.4201674163504283e-09, "level_centroid_x": 53.030882910193256, "level_centroid_y": 35.081091322470634, "number_of_artifacts": 14, "number_of_powerups": 26, "number_of_weapons": 10, "number_of_ammunitions": 16, "number_of_keys": 3, "number_of_monsters": 85, "number_of_obstacles": 32, "number_of_decorations": 24, "walkable_area": 4160, "walkable_percentage": 0.7881773399014779, "start_location_x_px": 3, "start_location_y_px": 46, "artifacts_per_walkable_area": 0.0033653846153846156, "powerups_per_walkable_area": 0.00625, "weapons_per_walkable_area": 0.002403846153846154, "ammunitions_per_walkable_area": 0.0038461538461538464, "keys_per_walkable_area": 0.0007211538461538462, "monsters_per_walkable_area": 0.020432692307692308, "obstacles_per_walkable_area": 0.007692307692307693, "decorations_per_walkable_area": 0.0057692307692307696, "nodes": 40, "avg-path-length": 7.954116059379217, "diameter-mean": 19.0, "art-points": 16, "assortativity-mean": 0, "betw-cen": NaN, "closn-cen": NaN, "distmap-max": 39.11521443121589, "distmap-mean": -Infinity, "distmap-var": 0.0, "distmap-skew": 0, "distmap-kurt": 0.0, "distmap-Q1": 0.02344804318488529, "distmap-Q2": 0.0951417004048583, "distmap-Q3": 0.26388888888888884, "path_wallmap": "TVR_MAP03_wallmap.png", "path_heightmap": "TVR_MAP03_heightmap.png", "path_triggermap": "TVR_MAP03_triggermap.png", "path_thingsmap": "TVR_MAP03_thingsmap.png", "path_floormap": "TVR_MAP03_floormap.png", "path_roommap": "TVR_MAP03_roommap.png", "slot": "MAP03", "path_json": "TVR_MAP03.json"}