{"number_of_lines": 991, "number_of_things": 137, "number_of_sectors": 134, "number_of_subsectors": 563, "number_of_vertices": 964, "x_max": 1280, "y_max": 1024, "x_min": -2096, "y_min": -1216, "height": 2241, "width": 3377, "aspect_ratio": 1.5069165551093262, "floor_height_max": 96.0, "floor_height_min": -128.0, "floor_height_avg": -2.626865671641791, "ceiling_height_max": 176.0, "ceiling_height_min": -64.0, "ceiling_height_avg": 96.2089552238806, "room_height_max": 288.0, "room_height_min": 0.0, "room_height_avg": 98.83582089552239, "sector_area_max": 4124672.0, "sector_area_min": 256.0, "sector_area_avg": 67315.58208955223, "lines_per_sector_max": 84.0, "lines_per_sector_min": 3.0, "lines_per_sector_avg": 11.171641791044776, "sector_aspect_ratio_max": 11.352941176470589, "sector_aspect_ratio_min": 1.0, "sector_aspect_ratio_avg": 2.866494441757178, "floors": 2, "level_area": 4358, "floors_area_mean": 2179.0, "floors_area_min": 214, "floors_area_max": 4144, "floors_area_std": 1965.0, "level_bbox_area": 6426, "level_convex_area": 5067, "floors_convex_area_mean": 2229.0, "floors_convex_area_min": 269, "floors_convex_area_max": 4189, "floors_convex_area_std": 1960.0, "level_eccentricity": 0.6213060418743348, "floors_eccentricity_mean": 0.6661942103775353, "floors_eccentricity_min": 0.40936886218754953, "floors_eccentricity_max": 0.9230195585675213, "floors_eccentricity_std": 0.25682534818998587, "level_equivalent_diameter": 74.49011972037526, "floors_equivalent_diameter_mean": 44.57247028219721, "floors_equivalent_diameter_min": 16.50676414605009, "floors_equivalent_diameter_max": 72.63817641834433, "floors_equivalent_diameter_std": 28.06570613614712, "level_euler_number": 2, "floors_euler_number_mean": 1.0, "floors_euler_number_min": 1, "floors_euler_number_max": 1, "floors_euler_number_std": 0.0, "level_extent": 0.678182384064737, "floors_extent_mean": 0.7637973137973137, "floors_extent_min": 0.5879120879120879, "floors_extent_max": 0.9396825396825397, "floors_extent_std": 0.17588522588522587, "level_filled_area": 4358, "floors_filled_area_mean": 2179.0, "floors_filled_area_min": 214, "floors_filled_area_max": 4144, "floors_filled_area_std": 1965.0, "level_major_axis_length": 87.2876962410332, "floors_major_axis_length_mean": 53.157645297497865, "floors_major_axis_length_min": 29.490873003896034, "floors_major_axis_length_max": 76.8244175910997, "floors_major_axis_length_std": 23.66677229360183, "level_minor_axis_length": 68.39584510625244, "floors_minor_axis_length_mean": 40.7194586969901, "floors_minor_axis_length_min": 11.346702761216664, "floors_minor_axis_length_max": 70.09221463276354, "floors_minor_axis_length_std": 29.37275593577344, "level_orientation": -0.00019473326672646952, "floors_orientation_mean": -0.0003044856159703199, "floors_orientation_min": -0.0006089712319406326, "floors_orientation_max": -7.169672988077345e-18, "floors_orientation_std": 0.00030448561597031274, "level_perimeter": 311.29646455628165, "floors_perimeter_mean": 155.64823227814082, "floors_perimeter_min": 69.21320343559643, "floors_perimeter_max": 242.08326112068522, "floors_perimeter_std": 86.4350288425444, "level_solidity": 0.8600749950661141, "floors_solidity_mean": 0.8923983064159007, "floors_solidity_min": 0.7955390334572491, "floors_solidity_max": 0.9892575793745524, "floors_solidity_std": 0.09685927295865165, "level_hu_moment_0": 0.1763586155183765, "level_hu_moment_1": 0.0017791805256785417, "level_hu_moment_2": 0.00038186861532278236, "level_hu_moment_3": 8.835421128211358e-05, "level_hu_moment_4": 1.6229228029737655e-08, "level_hu_moment_5": 3.726809575472649e-06, "level_hu_moment_6": -1.7126115351546429e-12, "level_centroid_x": 64.43988067921065, "level_centroid_y": 35.0, "number_of_artifacts": 5, "number_of_powerups": 13, "number_of_weapons": 4, "number_of_ammunitions": 8, "number_of_keys": 0, "number_of_monsters": 56, "number_of_obstacles": 10, "number_of_decorations": 9, "walkable_area": 3581, "walkable_percentage": 0.8217072051399724, "start_location_x_px": 20, "start_location_y_px": 32, "artifacts_per_walkable_area": 0.0013962580284836638, "powerups_per_walkable_area": 0.0036302708740575257, "weapons_per_walkable_area": 0.001117006422786931, "ammunitions_per_walkable_area": 0.002234012845573862, "keys_per_walkable_area": 0.0, "monsters_per_walkable_area": 0.015638089919017033, "obstacles_per_walkable_area": 0.0027925160569673277, "decorations_per_walkable_area": 0.002513264451270595, "nodes": 7, "avg-path-length": 1.5, "diameter-mean": 2.5, "art-points": 3, "assortativity-mean": -0.6666666666666693, "betw-cen": NaN, "closn-cen": NaN, "distmap-max": 32.0, "distmap-mean": -Infinity, "distmap-var": 0.0, "distmap-skew": 0, "distmap-kurt": 0.0, "distmap-Q1": 0.0, "distmap-Q2": 0.0, "distmap-Q3": 0.1, "path_wallmap": "TVR_MAP25_wallmap.png", "path_heightmap": "TVR_MAP25_heightmap.png", "path_triggermap": "TVR_MAP25_triggermap.png", "path_thingsmap": "TVR_MAP25_thingsmap.png", "path_floormap": "TVR_MAP25_floormap.png", "path_roommap": "TVR_MAP25_roommap.png", "slot": "MAP25", "path_json": "TVR_MAP25.json"}