{"number_of_lines": 933, "number_of_things": 426, "number_of_sectors": 127, "number_of_subsectors": 496, "number_of_vertices": 936, "x_max": 2208, "y_max": 3632, "x_min": -2080, "y_min": -320, "height": 3953, "width": 4289, "aspect_ratio": 1.08499873513787, "floor_height_max": 640.0, "floor_height_min": -256.0, "floor_height_avg": 17.5748031496063, "ceiling_height_max": 768.0, "ceiling_height_min": -192.0, "ceiling_height_avg": 155.37007874015748, "room_height_max": 752.0, "room_height_min": 0.0, "room_height_avg": 137.79527559055117, "sector_area_max": 1255424.0, "sector_area_min": 64.0, "sector_area_avg": 49813.669291338585, "lines_per_sector_max": 48.0, "lines_per_sector_min": 3.0, "lines_per_sector_avg": 10.283464566929133, "sector_aspect_ratio_max": 15.117647058823529, "sector_aspect_ratio_min": 1.0, "sector_aspect_ratio_avg": 2.3851350541878564, "floors": 9, "level_area": 6555, "floors_area_mean": 728.3333333333334, "floors_area_min": 6, "floors_area_max": 4426, "floors_area_std": 1457.5972618586306, "level_bbox_area": 15812, "level_convex_area": 11048, "floors_convex_area_mean": 1013.2222222222222, "floors_convex_area_min": 6, "floors_convex_area_max": 6358, "floors_convex_area_std": 2068.624651940821, "level_eccentricity": 0.6421406975625642, "floors_eccentricity_mean": 0.4628406405680338, "floors_eccentricity_min": 0.0, "floors_eccentricity_max": 0.9147985648078062, "floors_eccentricity_std": 0.4158803158228984, "level_equivalent_diameter": 91.35691115476152, "floors_equivalent_diameter_mean": 16.477949992679598, "floors_equivalent_diameter_min": 2.763953195770684, "floors_equivalent_diameter_max": 75.069023072089, "floors_equivalent_diameter_std": 25.608982131032214, "level_euler_number": -8, "floors_euler_number_mean": -0.8888888888888888, "floors_euler_number_min": -16, "floors_euler_number_max": 1, "floors_euler_number_std": 5.342584568965025, "level_extent": 0.4145585631166203, "floors_extent_mean": 0.8914801493574297, "floors_extent_min": 0.49903799903799906, "floors_extent_max": 1.0, "floors_extent_std": 0.20310923175875592, "level_filled_area": 6707, "floors_filled_area_mean": 745.2222222222222, "floors_filled_area_min": 6, "floors_filled_area_max": 4578, "floors_filled_area_std": 1500.5900896927017, "level_major_axis_length": 127.8809179662743, "floors_major_axis_length_mean": 25.921940708713134, "floors_major_axis_length_min": 3.265986323710904, "floors_major_axis_length_max": 122.63601927479418, "floors_major_axis_length_std": 43.17341841892472, "level_minor_axis_length": 98.03182390166147, "floors_minor_axis_length_mean": 12.55436494743293, "floors_minor_axis_length_min": 2.0, "floors_minor_axis_length_max": 58.46219352560947, "floors_minor_axis_length_std": 19.182227679660247, "level_orientation": -0.5370740120412725, "floors_orientation_mean": 0.9711170787506747, "floors_orientation_min": 0.10259535849213532, "floors_orientation_max": 1.5707963267948966, "floors_orientation_std": 0.4721523468672181, "level_perimeter": 1284.0853531617383, "floors_perimeter_mean": 142.67615035130427, "floors_perimeter_min": 6.0, "floors_perimeter_max": 941.5878784786801, "floors_perimeter_std": 296.1415109711226, "level_solidity": 0.593320057929037, "floors_solidity_mean": 0.9402957860142425, "floors_solidity_min": 0.6961308587606165, "floors_solidity_max": 1.0, "floors_solidity_std": 0.11292219046090114, "level_hu_moment_0": 0.24755690005132858, "level_hu_moment_1": 0.004133885134233333, "level_hu_moment_2": 0.002444708226363546, "level_hu_moment_3": 0.00022305834851054493, "level_hu_moment_4": -1.646027350040729e-07, "level_hu_moment_5": -1.1582699450248053e-05, "level_hu_moment_6": -6.162926387096992e-09, "level_centroid_x": 61.16369183829138, "level_centroid_y": 56.48741418764302, "number_of_artifacts": 21, "number_of_powerups": 29, "number_of_weapons": 5, "number_of_ammunitions": 42, "number_of_keys": 2, "number_of_monsters": 45, "number_of_obstacles": 32, "number_of_decorations": 229, "walkable_area": 5327, "walkable_percentage": 0.8126620900076278, "start_location_x_px": 21, "start_location_y_px": 50, "artifacts_per_walkable_area": 0.003942181340341655, "powerups_per_walkable_area": 0.005443964708090858, "weapons_per_walkable_area": 0.0009386146048432514, "ammunitions_per_walkable_area": 0.00788436268068331, "keys_per_walkable_area": 0.00037544584193730055, "monsters_per_walkable_area": 0.008447531443589262, "obstacles_per_walkable_area": 0.006007133470996809, "decorations_per_walkable_area": 0.04298854890182091, "nodes": 55, "avg-path-length": 4.328687572590011, "diameter-mean": 12.5, "art-points": 26, "assortativity-mean": 0, "betw-cen": NaN, "closn-cen": NaN, "distmap-max": 17.11724276862369, "distmap-mean": -Infinity, "distmap-var": 0.0, "distmap-skew": 0, "distmap-kurt": 0.0, "distmap-Q1": 0.0, "distmap-Q2": 0.02795248078266946, "distmap-Q3": 0.0946599114838109, "path_wallmap": "TVR_MAP18_wallmap.png", "path_heightmap": "TVR_MAP18_heightmap.png", "path_triggermap": "TVR_MAP18_triggermap.png", "path_thingsmap": "TVR_MAP18_thingsmap.png", "path_floormap": "TVR_MAP18_floormap.png", "path_roommap": "TVR_MAP18_roommap.png", "slot": "MAP18", "path_json": "TVR_MAP18.json"}