{"number_of_lines": 1051, "number_of_things": 170, "number_of_sectors": 180, "number_of_subsectors": 547, "number_of_vertices": 1008, "x_max": 2432, "y_max": 2368, "x_min": -1024, "y_min": -1280, "height": 3649, "width": 3457, "aspect_ratio": 1.0555394851026902, "floor_height_max": 416.0, "floor_height_min": -128.0, "floor_height_avg": 31.48603351955307, "ceiling_height_max": 456.0, "ceiling_height_min": -64.0, "ceiling_height_avg": 174.10055865921788, "room_height_max": 472.0, "room_height_min": 0.0, "room_height_avg": 142.6145251396648, "sector_area_max": 335872.0, "sector_area_min": 128.0, "sector_area_avg": 27951.195530726258, "lines_per_sector_max": 46.0, "lines_per_sector_min": 3.0, "lines_per_sector_avg": 8.402234636871508, "sector_aspect_ratio_max": 35.8235294117647, "sector_aspect_ratio_min": 1.0, "sector_aspect_ratio_avg": 3.0994634893076407, "floors": 5, "level_area": 5394, "floors_area_mean": 1078.8, "floors_area_min": 3, "floors_area_max": 5018, "floors_area_std": 1974.277731222231, "level_bbox_area": 12535, "level_convex_area": 8820, "floors_convex_area_mean": 1839.2, "floors_convex_area_min": 3, "floors_convex_area_max": 8820, "floors_convex_area_std": 3493.0417346490435, "level_eccentricity": 0.709211731067386, "floors_eccentricity_mean": 0.5399870695565451, "floors_eccentricity_min": 0.0, "floors_eccentricity_max": 0.816496580927726, "floors_eccentricity_std": 0.2802192492125063, "level_equivalent_diameter": 82.87251718333086, "floors_equivalent_diameter_mean": 21.917905874691012, "floors_equivalent_diameter_min": 1.9544100476116797, "floors_equivalent_diameter_max": 79.93194627607316, "floors_equivalent_diameter_std": 29.88605398724426, "level_euler_number": -4, "floors_euler_number_mean": -0.8, "floors_euler_number_min": -8, "floors_euler_number_max": 1, "floors_euler_number_std": 3.6000000000000005, "level_extent": 0.43031511767052255, "floors_extent_mean": 0.7475241387606764, "floors_extent_min": 0.400319106501795, "floors_extent_max": 0.8888888888888888, "floors_extent_std": 0.18131155983396538, "level_filled_area": 6034, "floors_filled_area_mean": 1210.0, "floors_filled_area_min": 3, "floors_filled_area_max": 5674, "floors_filled_area_std": 2236.1288871619186, "level_major_axis_length": 126.08124287087965, "floors_major_axis_length_mean": 29.948288290777885, "floors_major_axis_length_min": 2.3094010767585034, "floors_major_axis_length_max": 119.17540633762066, "floors_major_axis_length_std": 45.17192250085649, "level_minor_axis_length": 88.88671471503586, "floors_minor_axis_length_mean": 23.56157589533571, "floors_minor_axis_length_min": 1.3333333333333333, "floors_minor_axis_length_max": 89.66888975905883, "floors_minor_axis_length_std": 33.87167027421592, "level_orientation": 0.9153022769059133, "floors_orientation_mean": 0.46723069613230467, "floors_orientation_min": -0.7853981633974483, "floors_orientation_max": 0.7853981633974483, "floors_orientation_std": 0.6263625238160043, "level_perimeter": 1405.9797974644666, "floors_perimeter_mean": 281.19595949289334, "floors_perimeter_min": 3.414213562373095, "floors_perimeter_max": 1321.796031280393, "floors_perimeter_std": 520.8183445587348, "level_solidity": 0.6115646258503401, "floors_solidity_mean": 0.9137868480725624, "floors_solidity_min": 0.5689342403628118, "floors_solidity_max": 1.0, "floors_solidity_std": 0.17242630385487526, "level_hu_moment_0": 0.27573841139110483, "level_hu_moment_1": 0.008583091024836308, "level_hu_moment_2": 0.004561870201384793, "level_hu_moment_3": 0.0002448894846810496, "level_hu_moment_4": -2.015605735266867e-07, "level_hu_moment_5": -2.0768816515494383e-05, "level_hu_moment_6": -1.6238849581108983e-07, "level_centroid_x": 52.09028550241008, "level_centroid_y": 66.0826844642195, "number_of_artifacts": 15, "number_of_powerups": 21, "number_of_weapons": 5, "number_of_ammunitions": 18, "number_of_keys": 2, "number_of_monsters": 83, "number_of_obstacles": 2, "number_of_decorations": 15, "walkable_area": 4029, "walkable_percentage": 0.7469410456062291, "start_location_x_px": 12, "start_location_y_px": 58, "artifacts_per_walkable_area": 0.0037230081906180195, "powerups_per_walkable_area": 0.0052122114668652275, "weapons_per_walkable_area": 0.0012410027302060065, "ammunitions_per_walkable_area": 0.004467609828741623, "keys_per_walkable_area": 0.0004964010920824026, "monsters_per_walkable_area": 0.020600645321419708, "obstacles_per_walkable_area": 0.0004964010920824026, "decorations_per_walkable_area": 0.0037230081906180195, "nodes": 76, "avg-path-length": 9.294600938967136, "diameter-mean": 25.0, "art-points": 34, "assortativity-mean": 0, "betw-cen": NaN, "closn-cen": NaN, "distmap-max": 10.770329614269007, "distmap-mean": -Infinity, "distmap-var": 0.0, "distmap-skew": 0, "distmap-kurt": 0.0, "distmap-Q1": 0.015810810810810812, "distmap-Q2": 0.04972972972972973, "distmap-Q3": 0.16423423423423425, "path_wallmap": "TVR_MAP17_wallmap.png", "path_heightmap": "TVR_MAP17_heightmap.png", "path_triggermap": "TVR_MAP17_triggermap.png", "path_thingsmap": "TVR_MAP17_thingsmap.png", "path_floormap": "TVR_MAP17_floormap.png", "path_roommap": "TVR_MAP17_roommap.png", "slot": "MAP17", "path_json": "TVR_MAP17.json"}